Date,Instrument,Class,Start_Time,Peak_Time,Stop_Time,Peak_Flux,Background_Flux
10 February 2026,SoLEXS,B-Class,39981,39981,40578,4.2065223986245844e-07,7.836080493477323e-08
10 February 2026,SoLEXS,B-Class,77288,77313,77883,2.2899888765293957e-07,2.738193952876837e-08
10 February 2026,HEL1OS,B-Class,40575,40580,77281,1.213125695216864e-07,-6.702699969663024e-08
10 January 2026,SoLEXS,B-Class,29514,29654,29814,2.849843260187986e-07,1.5793305693193896e-08
10 January 2026,SoLEXS,B-Class,67960,68056,68153,3.1853574678935055e-07,3.615127919910883e-08
10 January 2026,SoLEXS,B-Class,70591,71002,71096,7.296885428253355e-07,3.06279704722408e-08
10 January 2026,SoLEXS,C-Class,72680,72838,72911,1.7226039033268676e-06,2.469076751946519e-07
10 January 2026,HEL1OS,B-Class,652,706,792,3.6633734452420575e-07,1.179087875417079e-09
10 January 2026,HEL1OS,B-Class,986,1007,1129,4.062665588026956e-07,1.179087875417079e-09
10 January 2026,HEL1OS,B-Class,1257,1455,1463,3.116169481241673e-07,1.179087875417079e-09
10 January 2026,HEL1OS,B-Class,2056,2160,2239,2.9556476893516997e-07,-1.0776620487409852e-08
10 January 2026,HEL1OS,B-Class,2508,2519,2790,4.985650723025406e-07,-1.0776620487409852e-08
10 January 2026,HEL1OS,B-Class,3046,3064,3257,4.7519870563250405e-07,6.132065931843235e-09
10 January 2026,HEL1OS,B-Class,3456,3623,3673,3.370795833754557e-07,1.690464152088119e-08
10 January 2026,HEL1OS,B-Class,4424,4518,4661,3.448892709070562e-07,1.6238244514105974e-08
10 January 2026,HEL1OS,B-Class,4670,4762,4824,4.877500252805974e-07,1.6238244514105974e-08
10 January 2026,HEL1OS,B-Class,4985,5063,5208,3.168904843765687e-07,1.6238244514105974e-08
10 January 2026,HEL1OS,B-Class,5611,5826,5841,3.603690969764256e-07,2.4051976944078387e-08
10 January 2026,HEL1OS,B-Class,6024,6061,6180,3.8729699666294504e-07,2.4051976944078387e-08
10 January 2026,HEL1OS,B-Class,6873,7075,7162,3.2494893315804285e-07,1.8317322277277156e-08
10 January 2026,HEL1OS,B-Class,7299,7353,7472,3.4932551319646844e-07,1.8317322277277156e-08
10 January 2026,HEL1OS,B-Class,7568,7607,7695,3.4257963393668517e-07,1.8317322277277156e-08
10 January 2026,HEL1OS,B-Class,7751,7822,8021,3.4350085954089175e-07,1.8317322277277156e-08
10 January 2026,HEL1OS,B-Class,8309,8325,8446,3.638861361108172e-07,2.093841642228663e-08
10 January 2026,HEL1OS,B-Class,8557,8616,8684,3.656213975123744e-07,-5.257963393669548e-08
10 January 2026,HEL1OS,B-Class,9171,9273,9336,3.544878147436419e-07,-5.257963393669548e-08
10 January 2026,HEL1OS,B-Class,12396,12502,12518,3.0464758822933486e-07,2.32076044089384e-08
10 January 2026,HEL1OS,B-Class,12536,12566,12771,3.6060370108199747e-07,-2.0447062392556668e-07
10 January 2026,HEL1OS,B-Class,12870,12884,12995,3.7503084235007255e-07,-2.0447062392556668e-07
10 January 2026,HEL1OS,B-Class,13047,13273,13303,3.562716149256622e-07,-2.0447062392556668e-07
10 January 2026,HEL1OS,B-Class,13416,13601,13619,3.8241986045099256e-07,-2.0447062392556668e-07
10 January 2026,HEL1OS,B-Class,14042,14200,14222,3.17383961977944e-07,4.711295378703461e-09
10 January 2026,HEL1OS,B-Class,17976,18090,18103,3.5735160279096714e-07,1.604105571847454e-08
10 January 2026,HEL1OS,B-Class,18467,18499,18634,3.008322378400136e-07,1.604105571847454e-08
10 January 2026,HEL1OS,B-Class,18677,18791,18824,4.037172616037878e-07,1.604105571847454e-08
10 January 2026,HEL1OS,B-Class,19293,19298,19561,3.5611993123671495e-07,6.065527353625025e-08
10 January 2026,HEL1OS,B-Class,19652,19729,19826,4.5310142582666e-07,-1.1841439983819951e-08
10 January 2026,HEL1OS,B-Class,19896,20136,20181,4.011851552229607e-07,-1.1841439983819951e-08
10 January 2026,HEL1OS,B-Class,20358,20493,20585,3.82789968652024e-07,-1.1841439983819951e-08
10 January 2026,HEL1OS,B-Class,20754,20768,20926,2.8878855293759715e-07,-1.130852462331845e-08
10 January 2026,HEL1OS,B-Class,21946,21966,22111,3.1060167863281327e-07,4.555566791384205e-09
10 January 2026,HEL1OS,B-Class,22167,22206,22363,3.445707351602669e-07,4.555566791384205e-09
10 January 2026,HEL1OS,B-Class,22817,22831,23019,3.45744766912719e-07,4.555566791384205e-09
10 January 2026,HEL1OS,B-Class,23142,23155,23271,3.6252300535947744e-07,-7.246435433309459e-09
10 January 2026,HEL1OS,B-Class,23275,23466,23521,3.3533724340174756e-07,-7.246435433309459e-09
10 January 2026,HEL1OS,B-Class,23602,23614,23741,4.896551724137757e-07,-7.246435433309459e-09
10 January 2026,HEL1OS,B-Class,23926,24043,24115,3.188391141672452e-07,-7.246435433309459e-09
10 January 2026,HEL1OS,B-Class,31917,31945,32230,5.965739710789554e-07,7.5680048538778e-09
10 January 2026,HEL1OS,B-Class,32231,32283,32452,3.284811406613292e-07,7.5680048538778e-09
10 January 2026,HEL1OS,B-Class,32825,32839,33100,3.703428051370077e-07,7.5680048538778e-09
10 January 2026,HEL1OS,B-Class,33320,33449,33461,3.1845990494487693e-07,1.9892810193143236e-08
10 January 2026,HEL1OS,B-Class,33852,33967,33991,3.511639195065098e-07,1.9892810193143236e-08
10 January 2026,HEL1OS,B-Class,36172,36482,36496,3.2979067650924103e-07,-3.188391141672449e-08
10 January 2026,HEL1OS,B-Class,36801,36882,37040,3.2949236525431124e-07,-3.188391141672449e-08
10 January 2026,HEL1OS,B-Class,37041,37052,37179,3.65588027100806e-07,-3.188391141672449e-08
10 January 2026,HEL1OS,B-Class,37400,37448,37527,3.1639397310141457e-07,-1.1665486904641096e-08
10 January 2026,HEL1OS,B-Class,40824,40872,40957,2.996238244514e-07,1.508949337647839e-08
10 January 2026,HEL1OS,B-Class,41129,41342,41423,3.6703610071795637e-07,1.508949337647839e-08
10 January 2026,HEL1OS,B-Class,41510,41631,41644,4.5436444534329454e-07,1.508949337647839e-08
10 January 2026,HEL1OS,B-Class,41646,41730,41856,4.053635352411626e-07,1.508949337647839e-08
10 January 2026,HEL1OS,B-Class,42668,42685,42880,4.573920517746828e-07,-3.6265446455656505e-07
10 January 2026,HEL1OS,B-Class,43022,43084,43175,3.3837395085447266e-07,-3.6265446455656505e-07
10 June 2026,SoLEXS,B-Class,3484,3563,3718,8.110041460208022e-07,4.094751744362277e-08
10 June 2026,SoLEXS,B-Class,48228,48345,48592,4.0701587622609535e-07,4.21862675700258e-08
10 June 2026,SoLEXS,C-Class,85267,85777,85779,2.0279239559105353e-06,1.0973809283041373e-07
10 June 2026,SoLEXS,C-Class,85963,86388,86399,2.6143348164627373e-06,4.4152694913538716e-07
10 June 2026,HEL1OS,B-Class,3427,3550,3575,7.399362928506158e-07,5.743452320760235e-08
10 June 2026,HEL1OS,B-Class,5421,5485,5645,3.8467792496712153e-07,2.8508443725350356e-08
10 June 2026,HEL1OS,B-Class,5719,5922,5934,4.3442309636968817e-07,2.8508443725350356e-08
10 June 2026,HEL1OS,B-Class,9582,9687,9720,3.8493780968751785e-07,4.0131459197086224e-08
10 June 2026,HEL1OS,B-Class,9813,9831,9945,4.532763676812458e-07,2.0806957225198967e-08
10 June 2026,HEL1OS,B-Class,9946,9977,10178,4.566680149661077e-07,2.0806957225198967e-08
10 June 2026,HEL1OS,B-Class,10185,10196,10353,5.639720902012136e-07,2.0806957225198967e-08
10 June 2026,HEL1OS,B-Class,10423,10441,10642,4.5101729194052394e-07,2.0806957225198967e-08
10 June 2026,HEL1OS,B-Class,10643,10739,10854,3.688128223278258e-07,2.0806957225198967e-08
10 June 2026,HEL1OS,B-Class,15907,16078,16102,3.5753766811607583e-07,3.699464050965586e-08
10 June 2026,HEL1OS,B-Class,18328,18460,18493,4.5330164829607037e-07,8.116088583274067e-09
10 June 2026,HEL1OS,B-Class,18495,18652,18723,6.08325412074e-07,8.116088583274067e-09
10 June 2026,HEL1OS,B-Class,18724,18782,18928,3.497128122155806e-07,8.116088583274067e-09
10 June 2026,HEL1OS,B-Class,18929,18948,19090,4.080190110223336e-07,8.116088583274067e-09
10 June 2026,HEL1OS,B-Class,19202,19274,19349,3.299797755081286e-07,8.116088583274067e-09
10 June 2026,HEL1OS,B-Class,19350,19461,19477,4.3664880169884175e-07,8.116088583274067e-09
10 June 2026,HEL1OS,B-Class,19478,19718,20152,4.623612094245967e-07,8.116088583274067e-09
10 June 2026,HEL1OS,B-Class,20153,20172,20561,6.176691273131541e-07,-3.971685711396359e-08
10 June 2026,HEL1OS,B-Class,20588,20629,20753,4.515562746485834e-07,-3.971685711396359e-08
10 June 2026,HEL1OS,B-Class,23357,23646,23657,4.666255435332021e-07,1.7923955910607102e-08
10 June 2026,HEL1OS,B-Class,23759,23771,24057,5.044261300434647e-07,1.7923955910607102e-08
10 June 2026,HEL1OS,B-Class,24105,24297,24308,4.354949944382492e-07,1.7923955910607102e-08
10 June 2026,HEL1OS,B-Class,25656,25863,26085,5.049337647891416e-07,3.3381535038930966e-08
10 June 2026,HEL1OS,B-Class,26086,26277,26295,3.8867731823236556e-07,5.437354636464538e-09
10 June 2026,HEL1OS,B-Class,26297,26316,26470,4.596592173121486e-07,5.437354636464538e-09
10 June 2026,HEL1OS,B-Class,26471,26745,26862,4.2474466579025687e-07,5.437354636464538e-09
10 June 2026,HEL1OS,B-Class,27033,27473,27486,4.26877338456856e-07,1.037516432399603e-08
10 June 2026,HEL1OS,B-Class,27686,27699,28087,5.020871675598972e-07,1.037516432399603e-08
10 June 2026,HEL1OS,B-Class,28569,28673,28942,4.915057134189328e-07,1.8193952876933325e-08
10 June 2026,HEL1OS,B-Class,29160,29172,29379,4.2718373950852957e-07,1.8193952876933325e-08
10 June 2026,HEL1OS,B-Class,29491,29594,29691,3.7215289715844565e-07,1.8193952876933325e-08
10 June 2026,HEL1OS,B-Class,30376,30409,30612,4.537627667104702e-07,2.154110627970396e-08
10 June 2026,HEL1OS,B-Class,30768,30779,30892,4.7635049044391057e-07,2.154110627970396e-08
10 June 2026,HEL1OS,B-Class,30987,31174,31185,4.605248255637413e-07,2.154110627970396e-08
10 June 2026,HEL1OS,B-Class,31186,31337,31783,4.792132672666427e-07,-2.0042471432904513e-08
10 June 2026,HEL1OS,B-Class,31854,31872,32148,4.242916371726009e-07,-2.0042471432904513e-08
10 June 2026,HEL1OS,B-Class,32149,32161,32280,4.6979371018301485e-07,-2.0042471432904513e-08
10 June 2026,HEL1OS,B-Class,32281,32403,32461,3.4185559712810996e-07,-2.0042471432904513e-08
10 June 2026,HEL1OS,B-Class,32462,32730,32818,4.2734047932044183e-07,2.4436242289411662e-08
10 June 2026,HEL1OS,B-Class,32846,32930,33063,4.2395388815854493e-07,2.4436242289411662e-08
10 June 2026,HEL1OS,B-Class,33150,33284,33493,5.415360501567205e-07,8.245525331175756e-09
10 June 2026,HEL1OS,B-Class,33592,33643,33749,3.3052887046211784e-07,8.245525331175756e-09
10 June 2026,HEL1OS,B-Class,33751,33764,34051,4.253412883001162e-07,8.245525331175756e-09
10 June 2026,HEL1OS,B-Class,34052,34059,34194,3.519304277479903e-07,8.245525331175756e-09
10 June 2026,HEL1OS,B-Class,34249,34366,34567,4.611163919506358e-07,8.245525331175756e-09
10 June 2026,HEL1OS,B-Class,34568,34745,34820,3.5864192537161224e-07,1.2922439073717852e-08
10 June 2026,HEL1OS,B-Class,37153,37155,37350,3.895358479118073e-07,6.367883506926666e-08
10 June 2026,HEL1OS,B-Class,37560,37572,37754,5.33786024876106e-07,-6.648801698857081e-09
10 June 2026,HEL1OS,B-Class,37755,37914,37927,4.5068055415106087e-07,-6.648801698857081e-09
10 June 2026,HEL1OS,B-Class,37934,38096,38189,3.7632217615531067e-07,-6.648801698857081e-09
10 June 2026,HEL1OS,B-Class,38190,38204,38355,5.990100111234491e-07,-6.648801698857081e-09
10 June 2026,HEL1OS,B-Class,40079,40184,40217,4.7198705632519294e-07,4.523005359490182e-08
10 June 2026,HEL1OS,B-Class,40218,40273,40351,3.2840833249063446e-07,2.5290727070481453e-08
10 June 2026,HEL1OS,B-Class,40411,40680,40693,3.8258266761046264e-07,-7.291536050156485e-08
10 June 2026,HEL1OS,B-Class,40694,40764,40855,3.2401152796034847e-07,-7.291536050156485e-08
10 June 2026,HEL1OS,B-Class,40859,40871,41133,5.028152492668443e-07,-7.291536050156485e-08
10 June 2026,HEL1OS,B-Class,41134,41231,41459,3.7988472039638644e-07,-7.291536050156485e-08
10 June 2026,HEL1OS,B-Class,42648,42790,43174,4.7043179290118657e-07,-2.1226312063908642e-07
10 June 2026,HEL1OS,C-Class,43181,43823,43911,2.461776721609782e-06,-2.1226312063908642e-07
10 June 2026,HEL1OS,B-Class,85183,85301,85340,6.76767114976212e-07,-7.148650015168114e-08
10 June 2026,HEL1OS,C-Class,85341,85698,85775,1.0101830316512938e-06,-6.956820709879415e-08
10 June 2026,HEL1OS,C-Class,85791,85980,86395,1.052173121650281e-06,8.679037314187172e-08
10 March 2026,SoLEXS,B-Class,12365,12436,12572,2.432136717564884e-07,2.6888461927393114e-08
10 March 2026,SoLEXS,B-Class,19801,20006,20199,8.143644453432818e-07,8.362625139043083e-08
10 March 2026,SoLEXS,B-Class,31241,31566,31750,5.480028314288409e-07,4.727677217109751e-08
10 March 2026,SoLEXS,C-Class,67169,67503,67773,2.011660430781605e-06,5.396298917989493e-08
10 March 2026,HEL1OS,B-Class,43218,43291,43361,3.6673677823843366e-07,-2.4829912023459525e-07
10 March 2026,HEL1OS,B-Class,43365,43466,43492,3.731256952168944e-07,-2.4829912023459525e-07
10 March 2026,HEL1OS,B-Class,43604,43721,43736,3.603731418747976e-07,-2.4829912023459525e-07
10 March 2026,HEL1OS,B-Class,44649,44856,44974,3.4420568308220025e-07,-6.88037213064998e-09
10 March 2026,HEL1OS,B-Class,45196,45357,45374,5.310243705126718e-07,-6.88037213064998e-09
10 March 2026,HEL1OS,B-Class,45383,45541,45614,3.527869349782461e-07,-2.509252705025697e-08
10 March 2026,HEL1OS,B-Class,45708,45789,45830,3.1364546465768923e-07,-4.2130650217411794e-08
10 March 2026,HEL1OS,B-Class,46269,46432,46839,4.2947618566082e-07,-4.2130650217411794e-08
10 March 2026,HEL1OS,B-Class,47620,47703,47772,3.6660936393971793e-07,-5.7768227323286424e-08
10 March 2026,HEL1OS,B-Class,47908,47984,48077,3.411679644048822e-07,-5.7768227323286424e-08
10 March 2026,HEL1OS,B-Class,48143,48183,48278,3.626999696632492e-07,-5.7768227323286424e-08
10 March 2026,HEL1OS,B-Class,48452,48522,48630,3.750429770451883e-07,-2.663161088077568e-08
10 March 2026,HEL1OS,B-Class,48764,48776,48911,3.3474365456566704e-07,-8.23339063605998e-09
10 March 2026,HEL1OS,B-Class,48918,49049,49174,4.1113965011627615e-07,-8.23339063605998e-09
10 March 2026,HEL1OS,B-Class,49869,49911,50020,3.9965112751540686e-07,1.3311760542015925e-08
10 March 2026,HEL1OS,B-Class,51063,51152,51245,3.8009808878550577e-07,-2.674992415815456e-08
10 March 2026,HEL1OS,B-Class,51255,51353,51401,3.2753160076851903e-07,-2.674992415815456e-08
10 March 2026,HEL1OS,B-Class,51597,51659,51801,3.460481342906137e-07,-2.674992415815456e-08
10 March 2026,HEL1OS,B-Class,52709,52779,52951,3.637516432399506e-07,-6.833956921832096e-08
10 March 2026,HEL1OS,B-Class,53372,53438,53539,3.64803316816652e-07,-8.334816462736077e-08
10 March 2026,HEL1OS,B-Class,53936,54088,54103,3.2973202548284797e-07,-8.334816462736077e-08
10 March 2026,HEL1OS,B-Class,54420,54539,54585,4.1180402467386533e-07,-6.746991606835637e-08
10 March 2026,HEL1OS,B-Class,54874,54903,55054,3.0889473151985955e-07,-8.804631408635544e-08
10 March 2026,HEL1OS,B-Class,55075,55111,55244,3.785468702598712e-07,-8.804631408635544e-08
10 March 2026,HEL1OS,B-Class,56066,56119,56205,3.2223986247344386e-07,-8.361613914450102e-08
10 March 2026,HEL1OS,B-Class,58536,58691,58704,4.000657295985296e-07,-2.997067448680249e-08
10 March 2026,HEL1OS,B-Class,59937,60036,60122,3.819931236727541e-07,-8.647790474264028e-08
10 March 2026,HEL1OS,B-Class,60234,60290,60360,3.3891394478712513e-07,-8.647790474264028e-08
10 March 2026,HEL1OS,B-Class,60412,60465,60566,3.8910304378601093e-07,-8.647790474264028e-08
10 March 2026,HEL1OS,B-Class,60748,60873,60887,4.7095156234197925e-07,-8.647790474264028e-08
10 March 2026,HEL1OS,B-Class,60998,61069,61148,3.3792698958437464e-07,-1.2866417231266607e-07
10 March 2026,HEL1OS,B-Class,62551,62627,62695,3.241672565476677e-07,-9.488118111032122e-08
10 March 2026,HEL1OS,B-Class,63018,63030,63176,3.7019921124480424e-07,-1.2827687329355393e-07
10 March 2026,HEL1OS,B-Class,64645,64666,64808,3.2560724036807415e-07,-3.939124279502337e-08
10 March 2026,HEL1OS,B-Class,65691,65800,65822,3.623531196278564e-07,-9.274244109616416e-08
10 March 2026,HEL1OS,C-Class,67157,67400,67562,1.0044069167761803e-06,-4.416624532308469e-08
10 March 2026,HEL1OS,B-Class,67734,67855,67982,4.200808979674236e-07,-6.281221559308097e-08
10 March 2026,HEL1OS,B-Class,69116,69247,69271,3.0445950045504023e-07,-8.959551016280397e-08
10 March 2026,HEL1OS,B-Class,71989,72005,72115,3.5065223986246097e-07,-1.1821721104256832e-07
10 March 2026,HEL1OS,B-Class,79567,79626,79702,3.5764384669833895e-07,-1.0389624835675633e-07
10 May 2026,SoLEXS,B-Class,18207,18258,18480,5.656072403680656e-07,7.988775407017613e-08
10 May 2026,SoLEXS,B-Class,23943,24052,24113,3.492567499241457e-07,5.138638891697663e-08
10 May 2026,SoLEXS,B-Class,27145,27189,27374,6.312953787035876e-07,9.157953281423477e-08
10 May 2026,SoLEXS,B-Class,33796,33870,34022,6.439356861158634e-07,7.45727576094624e-08
10 May 2026,SoLEXS,C-Class,34575,34782,34987,1.435016685205733e-06,9.221660430781348e-08
10 May 2026,SoLEXS,M-Class,48493,49125,49264,3.714137627666972e-05,1.8880372130649543e-07
10 May 2026,HEL1OS,B-Class,631,1014,1144,4.280331681666346e-07,-4.582844574780062e-08
10 May 2026,HEL1OS,B-Class,1145,1193,1341,3.795146121953551e-07,-4.582844574780062e-08
10 May 2026,HEL1OS,B-Class,1380,1492,1625,4.229497421377137e-07,-9.550005056122617e-09
10 May 2026,HEL1OS,B-Class,1954,1970,2096,5.182050763474383e-07,-9.550005056122617e-09
10 May 2026,HEL1OS,B-Class,2098,2110,2310,4.450419658205929e-07,-2.8961472343006477e-09
10 May 2026,HEL1OS,B-Class,2311,2324,2702,5.921741328748905e-07,-2.8961472343006477e-09
10 May 2026,HEL1OS,B-Class,2733,2977,3064,4.763858833046649e-07,-6.707250480331444e-08
10 May 2026,HEL1OS,B-Class,3217,3495,3541,4.923875012640132e-07,-6.707250480331444e-08
10 May 2026,HEL1OS,B-Class,3644,3678,3775,4.280169885731468e-07,-6.707250480331444e-08
10 May 2026,HEL1OS,B-Class,3776,4110,4127,5.740054606127816e-07,-6.707250480331444e-08
10 May 2026,HEL1OS,B-Class,4739,4756,4929,5.20695722519953e-07,2.1583577712609246e-08
10 May 2026,HEL1OS,B-Class,5019,5074,5173,4.3231064819494866e-07,2.1583577712609246e-08
10 May 2026,HEL1OS,B-Class,5243,5364,5515,4.3369905956111306e-07,2.1583577712609246e-08
10 May 2026,HEL1OS,B-Class,5516,5538,5777,3.7215390838303856e-07,2.1583577712609246e-08
10 May 2026,HEL1OS,B-Class,6213,6225,6417,4.309222368287843e-07,-7.49014056021817e-09
10 May 2026,HEL1OS,B-Class,6559,6647,6737,3.637142279300103e-07,-7.49014056021817e-09
10 May 2026,HEL1OS,B-Class,6739,6756,7016,4.68321367175633e-07,-7.49014056021817e-09
10 May 2026,HEL1OS,B-Class,7095,7205,7320,4.0296592173120213e-07,-7.49014056021817e-09
10 May 2026,HEL1OS,B-Class,7556,7577,7776,3.3870462129637785e-07,2.6931944584891352e-08
10 May 2026,HEL1OS,B-Class,7777,7790,7899,3.9637981595710993e-07,2.6931944584891352e-08
10 May 2026,HEL1OS,B-Class,8296,8383,8431,4.81403579735042e-07,2.6931944584891352e-08
10 May 2026,HEL1OS,B-Class,10009,10198,10213,4.2539993932650926e-07,1.7602386490038774e-08
10 May 2026,HEL1OS,B-Class,10325,10487,10521,4.237405197694257e-07,1.7602386490038774e-08
10 May 2026,HEL1OS,B-Class,10645,10723,10769,3.586237233289386e-07,1.7602386490038774e-08
10 May 2026,HEL1OS,B-Class,10862,10975,10994,3.691677621599626e-07,1.7602386490038774e-08
10 May 2026,HEL1OS,B-Class,11073,11084,11213,3.3013954899381975e-07,1.7602386490038774e-08
10 May 2026,HEL1OS,B-Class,12664,12675,12813,4.149671352007133e-07,-4.0804934776012304e-08
10 May 2026,HEL1OS,B-Class,12958,12970,13172,5.288583274345043e-07,-4.0804934776012304e-08
10 May 2026,HEL1OS,B-Class,13281,13323,13516,3.7967944180401114e-07,-4.0804934776012304e-08
10 May 2026,HEL1OS,B-Class,13517,13535,13839,3.9344625341286893e-07,-4.0804934776012304e-08
10 May 2026,HEL1OS,B-Class,15062,15132,15327,4.1145818586306547e-07,9.182930528870148e-09
10 May 2026,HEL1OS,B-Class,15329,15416,15495,4.862948730912962e-07,9.182930528870148e-09
10 May 2026,HEL1OS,B-Class,15709,15967,16016,4.1443017494183984e-07,9.182930528870148e-09
10 May 2026,HEL1OS,B-Class,16021,16254,16453,4.123551420770406e-07,9.182930528870148e-09
10 May 2026,HEL1OS,B-Class,16494,16516,16726,3.579876630599528e-07,1.586004651633067e-08
10 May 2026,HEL1OS,B-Class,16789,16971,17100,4.3943978157547225e-07,1.586004651633067e-08
10 May 2026,HEL1OS,B-Class,17149,17310,17375,3.8135504095458244e-07,1.586004651633067e-08
10 May 2026,HEL1OS,B-Class,20956,20971,21115,3.7927899686519027e-07,2.903326928910809e-08
10 May 2026,HEL1OS,B-Class,25476,25808,25958,4.261563353220598e-07,-6.047123066032727e-09
10 May 2026,HEL1OS,B-Class,26121,26235,26333,3.834442309636833e-07,-6.047123066032727e-09
10 May 2026,HEL1OS,B-Class,26336,26651,26678,4.1490646172513435e-07,-6.047123066032727e-09
10 May 2026,HEL1OS,B-Class,31916,31927,32065,3.7981292345028475e-07,2.2143796137121245e-08
10 May 2026,HEL1OS,B-Class,32069,32079,32255,4.4960056628575603e-07,2.2143796137121245e-08
10 May 2026,HEL1OS,B-Class,32495,32582,32625,4.1750328647991233e-07,2.2143796137121245e-08
10 May 2026,HEL1OS,B-Class,32708,32837,33027,4.066154312872744e-07,2.2143796137121245e-08
10 May 2026,HEL1OS,B-Class,34584,34709,34740,7.376387905753605e-07,5.200323591869568e-08
10 May 2026,HEL1OS,B-Class,35797,35908,35935,4.17352614015558e-07,1.8191930427747766e-09
10 May 2026,HEL1OS,B-Class,35936,36064,36311,4.3480938416420735e-07,1.8191930427747766e-09
10 May 2026,HEL1OS,B-Class,36312,36331,36477,4.4116695318028565e-07,1.8191930427747766e-09
10 May 2026,HEL1OS,B-Class,36574,36702,36912,4.3582869855393334e-07,1.8191930427747766e-09
10 May 2026,HEL1OS,B-Class,37605,37753,37943,4.94252199413472e-07,4.3068055415106164e-08
10 May 2026,HEL1OS,B-Class,37954,38099,38210,3.8463039741125126e-07,-6.318131256951945e-08
10 May 2026,HEL1OS,B-Class,38446,38638,38657,5.24816462736355e-07,-6.318131256951945e-08
10 May 2026,HEL1OS,B-Class,38658,38794,38813,4.191809080796695e-07,-6.318131256951945e-08
10 May 2026,HEL1OS,B-Class,42581,42693,42711,4.1282839518655623e-07,6.376782283344917e-09
10 May 2026,HEL1OS,B-Class,42844,42898,43179,4.0129942360196773e-07,-1.70223480635043e-07
10 May 2026,HEL1OS,M-Class,48374,48894,49173,1.1782599858428136e-05,-6.198806754980059e-10
11 February 2026,SoLEXS,B-Class,39984,40565,40578,2.868348670239558e-07,3.840529881686585e-08
11 February 2026,SoLEXS,B-Class,77286,77297,77552,1.7174436242288802e-07,2.0808979674384936e-08
11 February 2026,SoLEXS,B-Class,77556,77826,77880,1.5669228435634995e-07,2.0808979674384936e-08
11 February 2026,HEL1OS,C-Class,600,600,1022,2.5177089442815265e-06,6.580038426534306e-08
11 February 2026,HEL1OS,C-Class,1914,2293,2514,2.403979168773299e-06,6.580038426534306e-08
11 February 2026,HEL1OS,C-Class,3320,3379,3461,5.26639801799961e-06,1.5030741227626118e-07
11 February 2026,HEL1OS,B-Class,3902,3939,4489,9.751693801192897e-07,7.339063606026638e-08
11 February 2026,HEL1OS,B-Class,4552,4804,4960,4.0975326119929774e-07,-3.944888259682335e-08
11 February 2026,HEL1OS,B-Class,10642,11148,11245,5.269319445848735e-07,4.8292041662451534e-08
11 February 2026,HEL1OS,B-Class,11322,11336,11513,3.6460511679642744e-07,5.389827080594343e-10
11 February 2026,HEL1OS,B-Class,11556,11671,11712,3.5104459500453797e-07,5.389827080594343e-10
11 February 2026,HEL1OS,B-Class,12361,12417,12545,4.167509353827337e-07,1.7801597734856265e-08
11 February 2026,HEL1OS,B-Class,12682,12920,13156,3.9519668318332083e-07,1.7801597734856265e-08
11 February 2026,HEL1OS,B-Class,13302,13364,13690,3.3329153605014483e-07,2.1522904237030255e-08
11 February 2026,HEL1OS,B-Class,14540,14562,14705,3.8425017696429e-07,5.252300535948824e-09
11 February 2026,HEL1OS,B-Class,15056,15164,15222,3.3956112852663365e-07,5.252300535948824e-09
11 February 2026,HEL1OS,B-Class,15672,15683,15821,4.0706239255737244e-07,2.278693497825789e-08
11 February 2026,HEL1OS,B-Class,16062,16203,16210,4.285276569926027e-07,-5.062695924764711e-08
11 February 2026,HEL1OS,B-Class,16618,16695,16747,3.4334108605520063e-07,-5.062695924764711e-08
11 February 2026,HEL1OS,B-Class,16769,16975,17062,3.6522297502273953e-07,-5.062695924764711e-08
11 February 2026,HEL1OS,B-Class,18735,18773,18901,3.1431995146120833e-07,2.2255030842349265e-08
11 February 2026,HEL1OS,B-Class,21277,21602,21624,3.462200424714205e-07,2.2505814541408865e-08
11 February 2026,HEL1OS,B-Class,28773,28875,28980,3.2678127212052636e-07,-7.57407220143568e-09
11 February 2026,HEL1OS,B-Class,29341,29543,29634,3.7089897866314783e-07,-7.57407220143568e-09
11 February 2026,HEL1OS,B-Class,29723,29829,29862,4.2430377186771667e-07,-7.57407220143568e-09
11 February 2026,HEL1OS,B-Class,31325,31534,31660,3.5402871877842805e-07,-4.7796541611890345e-08
11 February 2026,HEL1OS,B-Class,31661,31886,31924,3.089068662149753e-07,-4.7796541611890345e-08
11 February 2026,HEL1OS,B-Class,31979,31996,32149,3.8527252502779497e-07,-4.7796541611890345e-08
11 February 2026,HEL1OS,B-Class,32317,32420,32445,3.08585296794407e-07,-4.7796541611890345e-08
11 February 2026,HEL1OS,B-Class,33573,33592,33919,4.176033977146175e-07,3.704317929011901e-08
11 February 2026,HEL1OS,B-Class,33930,33947,34173,3.610749317423271e-07,-4.316311052684645e-08
11 February 2026,HEL1OS,B-Class,34260,34378,34393,3.229952472444015e-07,-4.316311052684645e-08
11 February 2026,HEL1OS,B-Class,34394,34505,34519,3.01540095055101e-07,-4.316311052684645e-08
11 February 2026,HEL1OS,B-Class,35016,35024,35259,4.027232278288864e-07,4.873495803417763e-08
11 February 2026,HEL1OS,B-Class,35314,35422,35479,3.799423601981864e-07,1.5949034280513116e-08
11 February 2026,HEL1OS,B-Class,35923,35933,36097,3.915522297502136e-07,-1.6814642532105813e-08
11 February 2026,HEL1OS,B-Class,36098,36113,36222,3.2688138335523155e-07,-1.6814642532105813e-08
11 February 2026,HEL1OS,B-Class,36380,36506,36522,3.476104762867709e-07,-1.6814642532105813e-08
11 February 2026,HEL1OS,B-Class,36524,36693,36872,3.6606937000706546e-07,-1.6814642532105813e-08
11 February 2026,HEL1OS,B-Class,40099,40325,40336,3.7710081909190685e-07,-4.967741935483694e-08
11 February 2026,HEL1OS,B-Class,40338,40463,40493,3.5235311962785675e-07,-4.967741935483694e-08
11 February 2026,HEL1OS,B-Class,40582,40582,77278,1.3877945191626566e-07,-4.967741935483694e-08
11 February 2026,HEL1OS,B-Class,84300,84464,84613,4.457346546667855e-07,-1.2316715542521557e-09
11 January 2026,SoLEXS,C-Class,51414,51512,51762,1.273751643239918e-06,3.90059662250972e-08
11 January 2026,HEL1OS,B-Class,79261,79862,79884,8.294984326018514e-07,-1.02841541106276e-09
11 January 2026,HEL1OS,B-Class,85795,85811,86395,8.629942360197893e-07,1.1898081201334834e-07
11 June 2026,SoLEXS,C-Class,30368,30486,31025,4.521065830720842e-06,9.053594903427729e-08
11 June 2026,HEL1OS,B-Class,6841,6891,7067,4.0474871068862953e-07,2.223480635048966e-08
11 June 2026,HEL1OS,B-Class,7109,7243,7537,4.595692183233732e-07,2.223480635048966e-08
11 June 2026,HEL1OS,B-Class,8147,8185,8470,4.248053392658358e-07,-2.2046718576194965e-08
11 June 2026,HEL1OS,B-Class,8471,8683,8743,3.8383557488116733e-07,-2.2046718576194965e-08
11 June 2026,HEL1OS,B-Class,8840,8912,9347,4.03315805440374e-07,-2.2046718576194965e-08
11 June 2026,HEL1OS,B-Class,9583,9598,9850,4.035261401557142e-07,6.28162604914529e-08
11 June 2026,HEL1OS,B-Class,10492,10521,10641,3.2923652543228675e-07,2.9188997876427293e-08
11 June 2026,HEL1OS,B-Class,12451,12469,12810,4.373930629992766e-07,9.75022752553307e-09
11 June 2026,HEL1OS,B-Class,12811,12830,12939,4.0553342097278364e-07,9.75022752553307e-09
11 June 2026,HEL1OS,B-Class,12942,12956,13074,3.531418748103828e-07,9.75022752553307e-09
11 June 2026,HEL1OS,B-Class,13154,13338,13388,5.388411366164233e-07,9.75022752553307e-09
11 June 2026,HEL1OS,B-Class,13389,13458,13522,3.642795024774872e-07,9.75022752553307e-09
11 June 2026,HEL1OS,B-Class,20887,20994,21133,4.135291738294928e-07,4.9755283648496576e-08
11 June 2026,HEL1OS,B-Class,21134,21313,21454,4.492213570633877e-07,1.2810193143896755e-08
11 June 2026,HEL1OS,B-Class,21495,21545,21786,3.897431489533687e-07,1.2810193143896755e-08
11 June 2026,HEL1OS,B-Class,21794,21923,21941,5.211416725654582e-07,1.2810193143896755e-08
11 June 2026,HEL1OS,B-Class,21942,21965,22102,4.3152088178782964e-07,1.2810193143896755e-08
11 June 2026,HEL1OS,B-Class,27023,27394,27487,4.7478410354938136e-07,-1.176762058853231e-08
11 June 2026,HEL1OS,B-Class,27749,27815,28041,4.1469208211142215e-07,-1.176762058853231e-08
11 June 2026,HEL1OS,B-Class,28043,28183,28238,3.4721812114469384e-07,-1.176762058853231e-08
11 June 2026,HEL1OS,C-Class,30347,30421,30888,6.3159975730607515e-06,8.031853574678657e-08
11 June 2026,HEL1OS,B-Class,30889,31133,31146,4.383557488117954e-07,1.6598240469207652e-08
11 June 2026,HEL1OS,B-Class,31209,31256,31351,3.38920012134683e-07,-6.1431894023660624e-09
11 June 2026,HEL1OS,B-Class,31417,31603,31739,4.252957831934321e-07,-6.1431894023660624e-09
11 June 2026,HEL1OS,B-Class,31747,31976,32181,5.265800384265157e-07,-6.1431894023660624e-09
11 June 2026,HEL1OS,B-Class,32182,32196,32347,3.7184447365758603e-07,-6.1431894023660624e-09
11 June 2026,HEL1OS,B-Class,33401,33550,33653,3.8715138032155557e-07,3.345130953584671e-08
11 June 2026,HEL1OS,B-Class,33810,33958,34007,5.252391546162216e-07,9.771463241985733e-09
11 June 2026,HEL1OS,B-Class,34038,34101,34197,3.853898270805809e-07,9.771463241985733e-09
11 June 2026,HEL1OS,B-Class,34199,34211,34608,5.186530488421293e-07,9.771463241985733e-09
11 June 2026,HEL1OS,B-Class,39199,39300,39349,4.714895338254458e-07,6.078673273333789e-08
11 June 2026,HEL1OS,B-Class,39464,39645,39653,3.566164425118692e-07,2.1584588937202138e-08
11 June 2026,HEL1OS,B-Class,39848,40022,40133,4.781433916472677e-07,2.1584588937202138e-08
11 June 2026,HEL1OS,B-Class,40141,40363,40419,3.7827181717058014e-07,2.1584588937202138e-08
11 June 2026,HEL1OS,B-Class,41181,41363,41512,5.605116796440289e-07,2.9021134593992312e-08
11 June 2026,HEL1OS,B-Class,42022,42148,42426,5.52552330872667e-07,-4.1178076650822686e-08
11 June 2026,HEL1OS,B-Class,42427,42583,42604,4.0245929821011813e-07,-7.410253817372572e-08
11 June 2026,HEL1OS,B-Class,43928,43958,44069,3.6655273536251097e-07,-9.73576701385343e-08
11 June 2026,HEL1OS,B-Class,44094,44307,44322,4.6720497522498073e-07,-9.73576701385343e-08
11 June 2026,HEL1OS,B-Class,44329,44439,44473,3.807968449792563e-07,-9.73576701385343e-08
11 June 2026,HEL1OS,B-Class,48097,48258,48379,4.3539286075435805e-07,5.906259480230353e-08
11 June 2026,HEL1OS,B-Class,48699,48791,48832,4.6738497320253165e-07,2.3747598341590844e-08
11 June 2026,HEL1OS,B-Class,49105,49152,49303,3.8167256547677885e-07,2.3747598341590844e-08
11 June 2026,HEL1OS,B-Class,50908,50990,51050,3.397906765092406e-07,3.5262412781877625e-08
11 June 2026,HEL1OS,B-Class,51887,52028,52042,5.02433006370697e-07,1.489432703003286e-08
11 June 2026,HEL1OS,B-Class,52431,52591,52629,3.5319546971381085e-07,8.689452927494927e-09
11 June 2026,HEL1OS,B-Class,52712,52783,52924,4.0197492163007975e-07,8.689452927494927e-09
11 June 2026,HEL1OS,B-Class,52925,53073,53091,5.983506926888249e-07,8.689452927494927e-09
11 June 2026,HEL1OS,B-Class,53092,53181,53363,4.5889473151985425e-07,8.689452927494927e-09
11 June 2026,HEL1OS,B-Class,53365,53463,53506,3.5081302457274506e-07,8.689452927494927e-09
11 June 2026,HEL1OS,B-Class,54781,54919,54952,3.742562443118483e-07,2.774294670846299e-08
11 June 2026,HEL1OS,B-Class,55007,55057,55138,4.0672160986953755e-07,1.6402062898169018e-09
11 June 2026,HEL1OS,B-Class,55139,55268,55495,4.866346445545382e-07,1.6402062898169018e-09
11 June 2026,HEL1OS,B-Class,55592,55606,55859,5.00455051066824e-07,-1.2817271716047672e-08
11 June 2026,HEL1OS,B-Class,55895,55910,56031,4.253867934068004e-07,-1.2817271716047672e-08
11 June 2026,HEL1OS,B-Class,56032,56225,56251,4.254939832136566e-07,-1.2817271716047672e-08
11 June 2026,HEL1OS,B-Class,56339,56420,56494,4.0895136009706296e-07,-1.2817271716047672e-08
11 June 2026,HEL1OS,B-Class,57082,57113,57296,3.8452725250276715e-07,-7.1432905248253e-09
11 June 2026,HEL1OS,B-Class,57452,57471,57591,4.3374759834157615e-07,-7.1432905248253e-09
11 June 2026,HEL1OS,B-Class,57865,58238,58256,4.425988472039482e-07,-7.1432905248253e-09
11 June 2026,HEL1OS,B-Class,58257,58431,58489,4.272494691070734e-07,-2.0583476590149896e-08
11 June 2026,HEL1OS,B-Class,58833,58886,59013,4.3871776721608303e-07,-2.0583476590149896e-08
11 June 2026,HEL1OS,B-Class,59039,59185,59204,4.3668419455959606e-07,-2.0583476590149896e-08
11 June 2026,HEL1OS,B-Class,59205,59242,59367,3.7888158560014825e-07,-2.0583476590149896e-08
11 June 2026,HEL1OS,B-Class,59526,59620,59702,3.9215289715844487e-07,2.3869956517341652e-08
11 June 2026,HEL1OS,B-Class,59993,60106,60118,4.485033876023704e-07,2.3869956517341652e-08
11 June 2026,HEL1OS,B-Class,60120,60351,60381,3.830508645970133e-07,2.3869956517341652e-08
11 June 2026,HEL1OS,B-Class,60482,60494,60604,4.589584386692121e-07,2.3869956517341652e-08
11 June 2026,HEL1OS,B-Class,62738,62873,62935,3.8371119425623067e-07,-4.8285974314893655e-08
11 June 2026,HEL1OS,B-Class,63202,63418,63455,3.7417939124278166e-07,-4.8285974314893655e-08
11 June 2026,HEL1OS,B-Class,63643,63720,63806,3.850045505106547e-07,2.2494691070886038e-08
11 June 2026,HEL1OS,B-Class,66155,66219,66299,4.5120537971481856e-07,3.257963393669617e-08
11 June 2026,HEL1OS,B-Class,66300,66319,66656,4.145171402568362e-07,1.231267064414961e-08
11 June 2026,HEL1OS,B-Class,66916,67005,67237,3.9777732834461107e-07,1.231267064414961e-08
11 June 2026,HEL1OS,B-Class,67238,67330,67384,3.556395995550485e-07,1.231267064414961e-08
11 June 2026,HEL1OS,B-Class,67641,67777,67991,4.2233289513599465e-07,-6.4071190211343395e-09
11 June 2026,HEL1OS,B-Class,68071,68128,68192,4.34660734149039e-07,-6.4071190211343395e-09
11 June 2026,HEL1OS,B-Class,68193,68212,68496,4.894377591262845e-07,-6.4071190211343395e-09
11 June 2026,HEL1OS,B-Class,68591,68700,68732,6.404125796339138e-07,-6.4071190211343395e-09
11 June 2026,HEL1OS,B-Class,68969,69078,69093,4.036960258873351e-07,2.1949641015268718e-08
11 June 2026,HEL1OS,B-Class,69319,69336,69488,5.182708059459821e-07,2.1949641015268718e-08
11 June 2026,HEL1OS,B-Class,69501,69699,69736,4.078511477398985e-07,2.1949641015268718e-08
11 June 2026,HEL1OS,B-Class,69791,69840,69924,3.667246435433179e-07,1.9500455051066153e-08
11 June 2026,HEL1OS,B-Class,70161,70231,70520,3.992011325715299e-07,1.9500455051066153e-08
11 June 2026,HEL1OS,B-Class,70521,70695,70764,4.6974820507633067e-07,1.9500455051066153e-08
11 June 2026,HEL1OS,B-Class,72054,72174,72186,4.3786530488419917e-07,1.710081909191968e-08
11 June 2026,HEL1OS,B-Class,72413,72574,72591,4.1443118616643276e-07,1.710081909191968e-08
11 June 2026,HEL1OS,B-Class,72593,72606,72842,4.724653655576735e-07,1.710081909191968e-08
11 June 2026,HEL1OS,B-Class,73165,73317,73337,3.989948427545616e-07,1.710081909191968e-08
11 June 2026,HEL1OS,B-Class,73338,73403,73490,4.1499646071390983e-07,1.2962888057437065e-08
11 June 2026,HEL1OS,B-Class,73491,73669,73742,4.173334007482913e-07,1.2962888057437065e-08
11 June 2026,HEL1OS,B-Class,73861,73872,74132,4.437637779350636e-07,1.2962888057437065e-08
11 June 2026,HEL1OS,B-Class,74189,74206,74363,4.2039741126502693e-07,-2.411871776721523e-08
11 June 2026,HEL1OS,B-Class,74364,74382,74486,4.561270098088623e-07,-2.411871776721523e-08
11 June 2026,HEL1OS,B-Class,74681,74699,75000,4.681757508342436e-07,-2.411871776721523e-08
11 June 2026,HEL1OS,B-Class,75001,75128,75153,4.6744261300433163e-07,-2.411871776721523e-08
11 June 2026,HEL1OS,B-Class,78117,78190,78423,4.864597026999523e-07,-3.5190615835776455e-10
11 June 2026,HEL1OS,B-Class,78537,78584,78731,3.704146020831095e-07,-3.5190615835776455e-10
11 June 2026,HEL1OS,B-Class,78879,78969,79151,4.1968045302860267e-07,-3.5190615835776455e-10
11 June 2026,HEL1OS,B-Class,80065,80085,80234,3.63675801395477e-07,4.0848417433510536e-08
11 June 2026,HEL1OS,B-Class,80235,80285,80472,3.7394782081098875e-07,-1.2321771665486456e-08
11 June 2026,HEL1OS,B-Class,80718,80835,80937,3.596177571038399e-07,-1.2321771665486456e-08
11 June 2026,HEL1OS,B-Class,80938,81065,81140,4.3501162908280383e-07,-1.2321771665486456e-08
11 June 2026,HEL1OS,B-Class,82518,82916,83030,4.148902821316466e-07,4.476893518050203e-08
11 June 2026,HEL1OS,B-Class,83272,83314,83505,4.423460410557027e-07,-3.5453534229951047e-09
11 June 2026,HEL1OS,B-Class,83506,83521,83725,3.8590757407218773e-07,-3.5453534229951047e-09
11 June 2026,HEL1OS,B-Class,84368,84538,84579,5.909242592779646e-07,-1.2921427849124828e-08
11 June 2026,HEL1OS,B-Class,84781,84901,84989,4.661755485893251e-07,-1.2921427849124828e-08
11 June 2026,HEL1OS,B-Class,84991,85002,85243,3.7851754474667475e-07,-1.2921427849124828e-08
11 June 2026,HEL1OS,B-Class,85385,85511,85645,3.956861158863242e-07,1.9344726463747075e-09
11 June 2026,HEL1OS,B-Class,85653,85827,85841,4.520588532712954e-07,1.9344726463747075e-09
11 June 2026,HEL1OS,B-Class,85842,85931,85977,5.016907675194482e-07,-1.246920821114369e-07
11 June 2026,HEL1OS,B-Class,86042,86058,86388,3.9826170492464955e-07,-1.246920821114369e-07
12 April 2026,SoLEXS,B-Class,3313,3649,4097,8.132986146222786e-07,7.4173323895234494e-09
12 April 2026,SoLEXS,B-Class,8334,8393,8692,5.477945191626865e-07,1.999696632622034e-08
12 April 2026,SoLEXS,B-Class,11794,11902,12235,2.667741935483776e-07,5.976337344524005e-09
12 April 2026,SoLEXS,B-Class,12573,12578,12698,1.9540802912326132e-07,3.343411871776603e-08
12 April 2026,SoLEXS,B-Class,18244,18494,18844,9.181140661340556e-07,5.683082212559206e-09
12 April 2026,SoLEXS,B-Class,27298,27477,27832,9.092880978865081e-07,1.921326726665924e-08
12 April 2026,SoLEXS,B-Class,30977,31115,31349,5.102973000303185e-07,1.084032763676774e-08
12 April 2026,SoLEXS,B-Class,53730,53790,53859,1.702993224795166e-07,7.762159975730332e-09
12 April 2026,HEL1OS,B-Class,43881,44334,44348,3.637233289513471e-07,-8.93346142178146e-08
12 April 2026,HEL1OS,B-Class,44635,44716,44857,3.7730913135806116e-07,-1.5324097482050216e-08
12 April 2026,HEL1OS,B-Class,46543,46638,46669,3.4242491657395885e-07,1.4806350490443451e-08
12 April 2026,HEL1OS,B-Class,46774,46952,47074,4.340448983719129e-07,1.4806350490443451e-08
12 April 2026,HEL1OS,B-Class,47225,47497,47512,3.5039437759125054e-07,1.4806350490443451e-08
12 April 2026,HEL1OS,B-Class,47865,47959,48017,4.719142481544983e-07,-1.5160279097987105e-08
12 April 2026,HEL1OS,B-Class,48437,48518,48711,3.586479927191701e-07,-1.5160279097987105e-08
12 April 2026,HEL1OS,B-Class,49184,49196,49517,4.94710284154093e-07,-1.622206492061825e-08
12 April 2026,HEL1OS,B-Class,49518,49632,49651,4.2927394074222345e-07,-1.622206492061825e-08
12 April 2026,HEL1OS,B-Class,50126,50142,50361,4.309434725452369e-07,-1.622206492061825e-08
12 April 2026,HEL1OS,B-Class,51803,51941,51992,3.911699868540663e-07,1.3744564667812199e-08
12 April 2026,HEL1OS,B-Class,52340,52365,52492,3.2921225604205524e-07,2.806148245525258e-09
12 April 2026,HEL1OS,B-Class,52603,52895,52910,4.129719890787597e-07,2.806148245525258e-09
12 April 2026,HEL1OS,B-Class,52982,53224,53257,4.0737486095660394e-07,2.806148245525258e-09
12 April 2026,HEL1OS,B-Class,53542,53697,53940,4.779745171402398e-07,-4.059055516229998e-09
12 April 2026,HEL1OS,B-Class,54217,54360,54379,5.056679138436467e-07,-4.059055516229998e-09
12 April 2026,HEL1OS,B-Class,54691,54793,54872,3.286651835372519e-07,-4.059055516229998e-09
12 April 2026,HEL1OS,B-Class,55382,55515,55545,3.397320254828476e-07,7.940135504095198e-09
12 April 2026,HEL1OS,B-Class,55556,55587,55744,3.4737384973201313e-07,7.940135504095198e-09
12 April 2026,HEL1OS,B-Class,56844,57110,57128,4.933077156436268e-07,-2.9266862170086925e-08
12 April 2026,HEL1OS,B-Class,57640,57692,57780,3.9144200626957855e-07,-2.9266862170086925e-08
12 April 2026,HEL1OS,B-Class,57955,58059,58079,3.9597937101828905e-07,1.1712003235918293e-08
12 April 2026,HEL1OS,B-Class,58080,58087,58205,2.76618464961058e-07,1.1712003235918293e-08
12 April 2026,HEL1OS,B-Class,58206,58278,58420,2.7948933158053407e-07,1.1712003235918293e-08
12 April 2026,HEL1OS,B-Class,58679,58746,58810,3.630731115380596e-07,1.1712003235918293e-08
12 April 2026,HEL1OS,B-Class,60090,60272,60307,4.3463444230962145e-07,1.624026696329226e-09
12 April 2026,HEL1OS,B-Class,60780,60892,60946,3.5280614824551276e-07,-3.6667003741529413e-09
12 April 2026,HEL1OS,B-Class,60948,61092,61104,4.068844170290076e-07,-3.6667003741529413e-09
12 April 2026,HEL1OS,B-Class,61849,61927,61990,3.7226514308826665e-07,3.498028112043564e-08
12 April 2026,HEL1OS,B-Class,62297,62359,62432,4.1738901810090533e-07,1.8560016179592856e-08
12 April 2026,HEL1OS,B-Class,62776,62797,62964,3.6501769643036413e-07,1.8560016179592856e-08
12 April 2026,HEL1OS,B-Class,62965,63083,63115,3.710698756193618e-07,1.8560016179592856e-08
12 April 2026,HEL1OS,B-Class,63398,63495,63561,4.3845484882190775e-07,2.2382445141065027e-08
12 April 2026,HEL1OS,B-Class,63797,63851,63994,4.2511881888966024e-07,2.0578420467185074e-08
12 April 2026,HEL1OS,B-Class,64246,64406,64418,4.1555364546464286e-07,2.0578420467185074e-08
12 April 2026,HEL1OS,B-Class,64845,64922,65063,3.8955101628070203e-07,1.4752755587015337e-08
12 April 2026,HEL1OS,B-Class,65119,65262,65280,4.7298210132468736e-07,1.4752755587015337e-08
12 April 2026,HEL1OS,B-Class,65282,65379,65436,4.827464859945221e-07,1.4752755587015337e-08
12 April 2026,HEL1OS,B-Class,65445,65463,65578,4.311932450197034e-07,1.4752755587015337e-08
12 April 2026,HEL1OS,B-Class,66014,66031,66369,3.769784609161561e-07,-1.2055819597532197e-08
12 April 2026,HEL1OS,B-Class,66578,66675,66875,3.155587015876113e-07,-1.2055819597532197e-08
12 April 2026,HEL1OS,B-Class,67326,67368,67451,3.4690261907168343e-07,-4.494893315805286e-09
12 April 2026,HEL1OS,B-Class,67492,67546,67740,3.401294367478896e-07,-4.494893315805286e-09
12 April 2026,HEL1OS,B-Class,68162,68221,68391,3.506643745575767e-07,-4.494893315805286e-09
12 April 2026,HEL1OS,B-Class,68897,69031,69142,4.181383355243051e-07,-5.1845484882190487e-08
12 April 2026,HEL1OS,B-Class,69254,69269,69390,3.2498938214176206e-07,-5.1845484882190487e-08
12 April 2026,HEL1OS,B-Class,69787,69840,69925,3.276691273131646e-07,2.6528465972291482e-08
12 April 2026,HEL1OS,B-Class,70116,70234,70250,3.791920315501938e-07,5.462635251289159e-09
12 April 2026,HEL1OS,B-Class,70301,70365,70609,3.4179694610171695e-07,5.462635251289159e-09
12 April 2026,HEL1OS,B-Class,70666,70681,70792,3.181535038932033e-07,5.462635251289159e-09
12 April 2026,HEL1OS,B-Class,70817,70931,70961,3.706502174132743e-07,5.462635251289159e-09
12 April 2026,HEL1OS,B-Class,70968,71025,71131,4.068793609060427e-07,5.462635251289159e-09
12 April 2026,HEL1OS,B-Class,71433,71446,71589,3.337658003842535e-07,-5.0561229649102956e-09
12 April 2026,HEL1OS,B-Class,71590,71622,71720,4.60706845990478e-07,-5.0561229649102956e-09
12 April 2026,HEL1OS,B-Class,71762,71843,71995,3.939761350995916e-07,-5.0561229649102956e-09
12 April 2026,HEL1OS,B-Class,72056,72229,72248,3.0981899079784515e-07,-4.637071493578558e-08
12 April 2026,HEL1OS,B-Class,72372,72434,72500,3.698442714126676e-07,-1.1412276266558399e-07
12 April 2026,HEL1OS,B-Class,72925,72981,73133,3.960420669430539e-07,-1.1412276266558399e-07
12 April 2026,HEL1OS,B-Class,73136,73159,73342,3.3878450803922346e-07,-1.1412276266558399e-07
12 April 2026,HEL1OS,B-Class,73896,73936,74149,3.3727070482352923e-07,-4.984326018808583e-09
12 April 2026,HEL1OS,B-Class,74356,74452,74491,3.568874507027884e-07,2.8548892709069662e-08
12 April 2026,HEL1OS,B-Class,75200,75318,75332,3.352239862473336e-07,-1.1898068561026952e-08
12 April 2026,HEL1OS,B-Class,75573,75626,75730,3.421802002224572e-07,-1.1898068561026952e-08
12 April 2026,HEL1OS,B-Class,75935,76045,76219,3.5950247750023997e-07,-1.1898068561026952e-08
12 April 2026,HEL1OS,B-Class,76638,76726,76810,4.4215188593385015e-07,-1.9289109111132886e-08
12 April 2026,HEL1OS,B-Class,76812,76883,76935,4.374325007584028e-07,-1.9289109111132886e-08
12 April 2026,HEL1OS,B-Class,77100,77120,77223,4.2529982809180407e-07,-1.9289109111132886e-08
12 April 2026,HEL1OS,B-Class,77224,77237,77484,3.83296592173108e-07,-1.9289109111132886e-08
12 April 2026,HEL1OS,B-Class,77488,77611,77627,3.177166548690351e-07,-1.9289109111132886e-08
12 April 2026,HEL1OS,B-Class,77960,78114,78137,4.1563757710586036e-07,3.6656891495599835e-09
12 April 2026,HEL1OS,B-Class,78279,78437,78444,3.3352816260490265e-07,3.6656891495599835e-09
12 April 2026,HEL1OS,B-Class,78553,78565,78840,3.9925877237332986e-07,3.6656891495599835e-09
12 April 2026,HEL1OS,B-Class,78842,78863,78984,3.23979168773373e-07,3.6656891495599835e-09
12 April 2026,HEL1OS,B-Class,79548,79669,79690,3.982728283951724e-07,7.151380321569161e-09
12 April 2026,HEL1OS,B-Class,80057,80162,80204,3.577581150773459e-07,-3.33855799373029e-08
12 April 2026,HEL1OS,B-Class,80464,80538,80603,4.4457983618160007e-07,-3.33855799373029e-08
12 April 2026,HEL1OS,B-Class,81241,81399,81412,3.929770452017253e-07,2.5074325007583292e-08
12 April 2026,HEL1OS,B-Class,81715,81770,81951,3.604550510668291e-07,1.456871271109262e-08
12 April 2026,HEL1OS,B-Class,82653,82708,82780,3.815876226109683e-07,-1.2810193143896848e-08
12 April 2026,HEL1OS,B-Class,82781,83116,83128,3.5441298412376123e-07,-1.2810193143896848e-08
12 April 2026,HEL1OS,B-Class,83390,83598,83687,4.861704924663594e-07,1.868136313075072e-08
12 April 2026,HEL1OS,B-Class,83742,83892,83900,3.0875518252602807e-07,1.3386591161896615e-08
12 April 2026,HEL1OS,B-Class,84299,84464,84605,3.698978663160957e-07,1.3386591161896615e-08
12 April 2026,HEL1OS,B-Class,84610,84627,84971,3.8058044291635815e-07,1.3386591161896615e-08
12 April 2026,HEL1OS,B-Class,85322,85362,85446,3.3138436646778067e-07,-4.343209626857974e-09
12 April 2026,HEL1OS,B-Class,85550,85688,85707,3.808575184548352e-07,-4.343209626857974e-09
12 April 2026,HEL1OS,B-Class,86014,86132,86202,4.062473455354289e-07,-1.0773460410556593e-08
12 February 2026,SoLEXS,C-Class,9188,9591,9947,9.87546364647553e-06,6.176458691475157e-08
12 February 2026,SoLEXS,B-Class,39986,40331,40579,2.40585499039328e-07,3.042572555364438e-08
12 February 2026,HEL1OS,B-Class,3494,3588,3828,3.569956517342374e-07,1.20548083729392e-08
12 February 2026,HEL1OS,B-Class,4094,4106,4292,3.9605420163816965e-07,1.20548083729392e-08
12 February 2026,HEL1OS,B-Class,4425,4459,4708,3.3498230356961085e-07,1.20548083729392e-08
12 February 2026,HEL1OS,C-Class,9224,9484,9922,5.76215491960744e-06,4.8241480432802386e-08
12 February 2026,HEL1OS,B-Class,12558,12774,12884,2.934624330063603e-07,-1.246839923146894e-09
12 February 2026,HEL1OS,B-Class,12887,12998,13020,2.4807260592576725e-07,-1.246839923146894e-09
12 February 2026,HEL1OS,B-Class,13159,13300,13323,3.644200626959118e-07,-1.246839923146894e-09
12 February 2026,HEL1OS,B-Class,14302,14483,14522,3.6592779856404803e-07,-3.697542724238925e-08
12 February 2026,HEL1OS,B-Class,14610,14667,14846,3.713327940135372e-07,-3.697542724238925e-08
12 February 2026,HEL1OS,B-Class,14904,14984,15143,4.3004550510666883e-07,-3.697542724238925e-08
12 February 2026,HEL1OS,B-Class,15163,15180,15369,3.557194862978941e-07,-3.697542724238925e-08
12 February 2026,HEL1OS,B-Class,17187,17247,17308,3.0575487915865024e-07,2.992618060471126e-08
12 February 2026,HEL1OS,B-Class,18155,18259,18284,2.970239660228431e-07,-9.823035696227813e-09
12 February 2026,HEL1OS,B-Class,18285,18398,18442,4.221751440994894e-07,-9.823035696227813e-09
12 February 2026,HEL1OS,B-Class,18657,18696,18799,3.4264030741226407e-07,-9.823035696227813e-09
12 February 2026,HEL1OS,B-Class,18800,18832,19110,3.4204874102536954e-07,-9.823035696227813e-09
12 February 2026,HEL1OS,B-Class,19316,19335,19456,3.1574982303568497e-07,1.1047628678329112e-08
12 February 2026,HEL1OS,B-Class,20308,20343,20515,3.954666801496471e-07,3.076347456770043e-08
12 February 2026,HEL1OS,B-Class,20659,20730,20801,4.020012134694972e-07,-2.8012943674789187e-08
12 February 2026,HEL1OS,B-Class,20960,20978,21094,4.676023864900228e-07,-2.8012943674789187e-08
12 February 2026,HEL1OS,B-Class,21333,21380,21515,3.509525735665766e-07,-2.8012943674789187e-08
12 February 2026,HEL1OS,B-Class,22248,22468,22490,3.4697441601778517e-07,2.1215491960763726e-08
12 February 2026,HEL1OS,B-Class,22501,22515,22644,3.1238143391646165e-07,2.1215491960763726e-08
12 February 2026,HEL1OS,B-Class,22718,22764,22899,4.100960663363187e-07,2.1215491960763726e-08
12 February 2026,HEL1OS,B-Class,23073,23120,23239,3.389847305086339e-07,2.1215491960763726e-08
12 February 2026,HEL1OS,B-Class,27018,27056,27167,2.875063201536959e-07,1.2767721710991554e-08
12 February 2026,HEL1OS,B-Class,27216,27329,27367,3.5821518859337385e-07,1.2767721710991554e-08
12 February 2026,HEL1OS,B-Class,27581,27662,27704,4.1905147133176785e-07,1.2767721710991554e-08
12 February 2026,HEL1OS,B-Class,27705,27823,27919,3.582242896147106e-07,1.2767721710991554e-08
12 February 2026,HEL1OS,B-Class,29068,29343,29361,3.9441601779753876e-07,1.0415613307715249e-08
12 February 2026,HEL1OS,B-Class,29687,29773,29844,2.9638689452926444e-07,1.0415613307715249e-08
12 February 2026,HEL1OS,B-Class,29845,29893,30012,3.24542420871664e-07,1.0415613307715249e-08
12 February 2026,HEL1OS,B-Class,31261,31389,31502,3.243917484073097e-07,2.2066943068054637e-08
12 February 2026,HEL1OS,B-Class,34543,34642,34801,3.173040752350984e-07,1.4143998382040132e-08
12 February 2026,HEL1OS,B-Class,34971,35072,35141,3.4695419152592554e-07,1.4143998382040132e-08
12 February 2026,HEL1OS,B-Class,35341,35507,35899,3.6194155121851273e-07,1.4143998382040132e-08
12 February 2026,HEL1OS,B-Class,35991,36041,36204,3.8066841945594753e-07,-1.824350288198941e-08
12 February 2026,HEL1OS,B-Class,36318,36458,36481,3.526504196581935e-07,-1.824350288198941e-08
12 February 2026,HEL1OS,B-Class,37321,37376,37483,4.1229244615227575e-07,2.3204570735159446e-08
12 February 2026,HEL1OS,B-Class,37819,37883,37978,3.437061381332671e-07,8.65001516836862e-09
12 February 2026,HEL1OS,B-Class,37979,38062,38214,3.816391950652104e-07,8.65001516836862e-09
12 February 2026,HEL1OS,B-Class,38328,38494,38579,3.639296187683154e-07,8.65001516836862e-09
12 February 2026,HEL1OS,B-Class,39979,40346,40467,3.856517342501632e-07,5.205581959753077e-08
12 January 2026,SoLEXS,C-Class,36672,36845,37084,2.5402032561430992e-06,2.581686722621002e-07
12 January 2026,HEL1OS,B-Class,5846,5900,6440,4.764930731115211e-07,2.078471028415335e-08
12 January 2026,HEL1OS,B-Class,6441,6454,7041,5.171746384871896e-07,2.078471028415335e-08
12 January 2026,HEL1OS,B-Class,8420,8421,8603,3.669531803013319e-07,6.338456871270882e-08
12 January 2026,HEL1OS,B-Class,8687,8805,8827,3.5709576296894266e-07,2.1976944079279234e-08
12 January 2026,HEL1OS,B-Class,9225,9311,9483,4.264152088178632e-07,2.1976944079279234e-08
12 January 2026,HEL1OS,B-Class,9495,9532,9619,3.947729800788615e-07,2.1976944079279234e-08
12 January 2026,HEL1OS,B-Class,10690,10939,11163,3.494064111639071e-07,2.8949337647890573e-08
12 January 2026,HEL1OS,B-Class,11293,11363,11417,3.3335928809787463e-07,-2.782586712508749e-08
12 January 2026,HEL1OS,B-Class,13084,13159,13421,4.6591667509352164e-07,7.424410961674336e-09
12 January 2026,HEL1OS,B-Class,13440,13493,13588,3.1740418646980366e-07,7.424410961674336e-09
12 January 2026,HEL1OS,B-Class,13790,13925,13990,3.459389220345715e-07,-3.644352310648063e-08
12 January 2026,HEL1OS,B-Class,14283,14375,14564,3.717059358883475e-07,-3.644352310648063e-08
12 January 2026,HEL1OS,B-Class,14655,14667,14789,3.559186975427115e-07,-3.644352310648063e-08
12 January 2026,HEL1OS,B-Class,14917,15025,15085,3.501355040954472e-07,-1.3411871776721136e-08
12 January 2026,HEL1OS,B-Class,15086,15100,15235,2.8916472848618646e-07,-1.3411871776721136e-08
12 January 2026,HEL1OS,B-Class,15529,15659,15693,3.837111942562306e-07,-1.3411871776721136e-08
12 January 2026,HEL1OS,B-Class,15731,15748,15879,3.681090100111103e-07,-3.0165840833248e-08
12 January 2026,HEL1OS,B-Class,16007,16019,16136,4.64710284154094e-07,-3.0165840833248e-08
12 January 2026,HEL1OS,B-Class,16930,17037,17134,3.7376782283343794e-07,-1.920315502072967e-09
12 January 2026,HEL1OS,B-Class,17462,17479,17609,4.0640004044896926e-07,-2.9533825462634184e-08
12 January 2026,HEL1OS,B-Class,17799,17810,17970,3.7185256345433e-07,-2.9533825462634184e-08
12 January 2026,HEL1OS,B-Class,18234,18446,18469,3.408645970269875e-07,-2.9533825462634184e-08
12 January 2026,HEL1OS,B-Class,18602,18793,18806,3.9842754575789865e-07,4.2410759429667785e-09
12 January 2026,HEL1OS,B-Class,19117,19170,19290,3.339781575487797e-07,-2.8769339670339793e-08
12 January 2026,HEL1OS,B-Class,19628,19780,19819,3.050723025583873e-07,-2.8769339670339793e-08
12 January 2026,HEL1OS,B-Class,20668,20747,20825,3.4744059055514996e-07,-1.1082010314490498e-08
12 January 2026,HEL1OS,B-Class,20977,21073,21135,3.1925776114873977e-07,-1.1082010314490498e-08
12 January 2026,HEL1OS,B-Class,21575,21603,21898,3.9344321973909e-07,-3.2647385984426e-08
12 January 2026,HEL1OS,B-Class,21907,22057,22070,3.338861361108183e-07,-3.2647385984426e-08
12 January 2026,HEL1OS,B-Class,22452,22497,22592,3.488037213064897e-07,-5.099605622408558e-08
12 January 2026,HEL1OS,B-Class,22664,22760,22828,3.210880776620373e-07,-5.099605622408558e-08
12 January 2026,HEL1OS,B-Class,23135,23196,23327,3.435736677115864e-07,-5.099605622408558e-08
12 January 2026,HEL1OS,B-Class,23328,23399,23475,3.6196480938415127e-07,-5.099605622408558e-08
12 January 2026,HEL1OS,B-Class,23513,23526,23648,3.321731216503067e-07,1.1823237941146294e-08
12 January 2026,HEL1OS,B-Class,23902,24053,24090,3.839720902012199e-07,2.0130447972493968e-08
12 January 2026,HEL1OS,B-Class,24155,24339,24434,3.0471635150165764e-07,2.0130447972493968e-08
12 January 2026,HEL1OS,B-Class,24490,24500,24611,3.871210435837662e-07,3.023561533016377e-09
12 January 2026,HEL1OS,B-Class,24624,24636,24749,3.417514409950328e-07,3.023561533016377e-09
12 January 2026,HEL1OS,B-Class,25465,25489,25608,3.022398624734446e-07,-1.934776013752584e-08
12 January 2026,HEL1OS,B-Class,26274,26381,26410,3.919981797957187e-07,3.25048033168155e-08
12 January 2026,HEL1OS,B-Class,26884,27004,27023,3.742218626756869e-07,-4.2962888057436023e-08
12 January 2026,HEL1OS,B-Class,27058,27125,27241,3.6784305794315606e-07,-4.2962888057436023e-08
12 January 2026,HEL1OS,B-Class,27304,27421,27466,3.7499342704013225e-07,-4.2962888057436023e-08
12 January 2026,HEL1OS,B-Class,28761,28806,28902,2.97030033370401e-07,-7.576094650621609e-09
12 January 2026,HEL1OS,B-Class,30420,30448,30562,4.11713014460497e-07,-3.449792698958314e-08
12 January 2026,HEL1OS,B-Class,30563,30590,30688,3.2978966528464796e-07,-3.449792698958314e-08
12 January 2026,HEL1OS,B-Class,31102,31212,31254,3.2645666902617905e-07,-3.449792698958314e-08
12 January 2026,HEL1OS,B-Class,31428,31539,31561,3.4262311659418335e-07,-3.449792698958314e-08
12 January 2026,HEL1OS,B-Class,32316,32334,32527,3.4312974011526735e-07,-3.82374355344309e-08
12 January 2026,HEL1OS,B-Class,32982,33107,33163,3.914834664778908e-07,-3.82374355344309e-08
12 January 2026,HEL1OS,B-Class,34080,34231,34263,3.594873091313453e-07,-1.6957225199716247e-08
12 January 2026,HEL1OS,B-Class,35036,35048,35168,3.1490443927595196e-07,-6.521994134897127e-08
12 January 2026,HEL1OS,B-Class,35806,35917,35933,3.4889372029526514e-07,-6.328243502881764e-08
12 January 2026,HEL1OS,B-Class,36065,36109,36225,3.422590757407098e-07,-3.5854990393365074e-08
12 January 2026,HEL1OS,B-Class,36356,36388,36538,3.527040145616215e-07,-1.642734351299366e-08
12 January 2026,HEL1OS,C-Class,36539,36730,37205,1.5130478309231942e-06,-1.642734351299366e-08
12 January 2026,HEL1OS,B-Class,37224,37277,37397,3.642704014561504e-07,-5.478814844776823e-09
12 January 2026,HEL1OS,B-Class,37663,37717,37837,2.9556375771057695e-07,-5.9544948933155914e-08
12 January 2026,HEL1OS,B-Class,37856,37869,38013,3.438325412073899e-07,-5.9544948933155914e-08
12 January 2026,HEL1OS,B-Class,39819,39904,39943,2.9809080796843914e-07,-4.002730306400908e-08
12 January 2026,HEL1OS,B-Class,40589,40773,40786,3.2513803215693045e-07,-1.9218323389624132e-08
12 January 2026,HEL1OS,B-Class,40870,40927,41047,4.3919102032559867e-07,-1.9218323389624132e-08
12 January 2026,HEL1OS,B-Class,41161,41281,41331,3.511740317524397e-07,-1.9218323389624132e-08
12 January 2026,HEL1OS,B-Class,41621,41641,41810,3.0291030437859164e-07,-7.365962180199958e-08
12 January 2026,HEL1OS,B-Class,42547,42655,42729,4.1110324603092887e-07,-5.410860552128433e-08
12 January 2026,HEL1OS,B-Class,42747,42782,42921,3.169238547881371e-07,-2.0429467084638768e-07
12 june 2026,SoLEXS,C-Class,7898,8008,8439,1.920077864293591e-06,3.42643341086043e-08
12 june 2026,SoLEXS,B-Class,44202,44298,44441,2.1545252300535177e-07,2.358580240671369e-08
12 june 2026,HEL1OS,B-Class,602,602,1080,6.422507331378305e-07,-5.831732227727573e-08
12 june 2026,HEL1OS,B-Class,1318,1550,1700,5.062433006370534e-07,-5.831732227727573e-08
12 june 2026,HEL1OS,B-Class,1761,1792,1909,4.818353726362454e-07,-4.3313782991200804e-08
12 june 2026,HEL1OS,B-Class,1913,2021,2034,4.837880473252937e-07,1.4420062695924181e-09
12 june 2026,HEL1OS,B-Class,2035,2171,2191,3.709424613206461e-07,1.4420062695924181e-09
12 june 2026,HEL1OS,B-Class,2262,2336,2417,4.2545353422993725e-07,-9.231469309333278e-09
12 june 2026,HEL1OS,B-Class,2418,2689,2706,3.853979168773247e-07,-9.231469309333278e-09
12 june 2026,HEL1OS,B-Class,2802,3102,3127,7.674658711699595e-07,-9.231469309333278e-09
12 june 2026,HEL1OS,B-Class,3128,3140,3293,4.3261300434825034e-07,-9.231469309333278e-09
12 june 2026,HEL1OS,B-Class,3600,3689,3731,4.3502881990088445e-07,2.887450702800988e-08
12 june 2026,HEL1OS,B-Class,4158,4171,4289,3.781969865506994e-07,2.887450702800988e-08
12 june 2026,HEL1OS,B-Class,5095,5470,5483,3.7738901810090683e-07,-2.214177368793525e-08
12 june 2026,HEL1OS,B-Class,5572,5615,5789,4.3696329254725914e-07,-3.665385782182087e-08
12 june 2026,HEL1OS,B-Class,5998,6017,6135,5.151987056325025e-07,-5.656689250682374e-08
12 june 2026,HEL1OS,B-Class,6685,6697,7100,3.889584386692146e-07,-5.656689250682374e-08
12 june 2026,HEL1OS,B-Class,7143,7155,7331,3.38523612094234e-07,-3.720598644958915e-08
12 june 2026,HEL1OS,B-Class,7348,7544,7604,3.301567398119004e-07,-3.720598644958915e-08
12 june 2026,HEL1OS,C-Class,7893,7951,8283,1.7253827485083823e-06,-3.720598644958915e-08
12 june 2026,HEL1OS,B-Class,8293,8325,8522,4.151248862372185e-07,-3.725755890383121e-08
12 june 2026,HEL1OS,B-Class,8536,8600,8908,5.121357063403599e-07,-3.725755890383121e-08
12 june 2026,HEL1OS,B-Class,9056,9074,9234,4.473000303367218e-07,-3.725755890383121e-08
12 june 2026,HEL1OS,B-Class,9476,9609,9626,3.2536353524116543e-07,-2.1831327737889775e-08
12 june 2026,HEL1OS,B-Class,11002,11154,11172,3.832490646172378e-07,-1.2153908383051443e-07
12 june 2026,HEL1OS,B-Class,11354,11413,11525,3.5583274345230805e-07,-1.0551319648093465e-07
12 june 2026,HEL1OS,B-Class,11540,11696,11719,3.72189301243793e-07,-1.0551319648093465e-07
12 june 2026,HEL1OS,B-Class,12775,12884,12985,3.6739002932550005e-07,-1.644999494387645e-07
12 june 2026,HEL1OS,B-Class,13275,13406,13459,3.8081808069570894e-07,-3.4907472949740914e-08
12 june 2026,HEL1OS,B-Class,13926,13945,14061,3.7904034786124645e-07,-6.619273940742002e-08
12 june 2026,HEL1OS,B-Class,14303,30554,30571,4.744220851450938e-07,-7.205986449590196e-08
12 june 2026,HEL1OS,B-Class,33445,33587,33617,3.382070987966307e-07,-9.887551825260038e-08
12 june 2026,HEL1OS,B-Class,34893,34931,35028,4.1422894124783633e-07,-1.2984629386186207e-07
12 june 2026,HEL1OS,B-Class,43219,43333,43375,3.678956416219911e-07,-2.386955202750446e-07
12 june 2026,HEL1OS,B-Class,43378,43736,43785,4.380210334715184e-07,-2.386955202750446e-07
12 june 2026,HEL1OS,B-Class,45013,45170,45340,4.4081605824652083e-07,3.480129436747774e-08
12 june 2026,HEL1OS,B-Class,45341,45354,45553,5.878430579431482e-07,-3.079178885630354e-09
12 june 2026,HEL1OS,B-Class,45707,45802,45921,3.462574577813609e-07,-3.079178885630354e-09
12 june 2026,HEL1OS,B-Class,46032,46161,46256,4.253989281019163e-07,-3.079178885630354e-09
12 june 2026,HEL1OS,B-Class,47086,47370,47511,5.135291738294892e-07,-5.215087470927108e-08
12 june 2026,HEL1OS,B-Class,47637,47861,47874,5.751481444028514e-07,-5.215087470927108e-08
12 june 2026,HEL1OS,B-Class,47926,48337,48370,3.8678632824348905e-07,-5.215087470927108e-08
12 june 2026,HEL1OS,B-Class,48995,49001,49232,3.6047729800787476e-07,4.51188188896738e-08
12 june 2026,HEL1OS,B-Class,49599,49679,49872,4.028314288603355e-07,3.997370816058069e-09
12 june 2026,HEL1OS,B-Class,49919,50028,50200,5.722206492061683e-07,3.997370816058069e-09
12 june 2026,HEL1OS,B-Class,51196,51213,51369,5.220457073515841e-07,3.2587723733440034e-08
12 june 2026,HEL1OS,B-Class,51370,51384,51647,5.68399231469289e-07,3.706138133279269e-09
12 june 2026,HEL1OS,B-Class,51846,52037,52051,3.3980584487813534e-07,3.706138133279269e-09
12 june 2026,HEL1OS,B-Class,52133,52164,52311,4.536424309839053e-07,3.706138133279269e-09
12 june 2026,HEL1OS,B-Class,52312,52402,52452,4.878117099807693e-07,3.706138133279269e-09
12 june 2026,HEL1OS,B-Class,57020,57134,57152,4.4533825462633656e-07,-3.9451916270602305e-08
12 june 2026,HEL1OS,B-Class,57370,57401,57530,4.2921832338960946e-07,-3.9451916270602305e-08
12 june 2026,HEL1OS,B-Class,57694,57762,57845,4.0309636970369683e-07,-3.9451916270602305e-08
12 june 2026,HEL1OS,B-Class,57991,58004,58112,4.500657295985278e-07,-9.760946506218682e-08
12 june 2026,HEL1OS,B-Class,58120,58282,58293,3.3015572858730745e-07,-9.760946506218682e-08
12 june 2026,HEL1OS,B-Class,58468,58664,58695,5.50921225604187e-07,-9.760946506218682e-08
12 june 2026,HEL1OS,B-Class,58761,58774,58936,3.228567094751629e-07,-9.760946506218682e-08
12 june 2026,HEL1OS,B-Class,58938,58959,59076,3.476923854788024e-07,-9.760946506218682e-08
12 june 2026,HEL1OS,B-Class,59184,59241,59395,4.061886945090359e-07,6.166447568004635e-09
12 june 2026,HEL1OS,B-Class,59396,59478,59585,3.4968247547779114e-07,3.4159166750934467e-09
12 june 2026,HEL1OS,B-Class,59586,59671,59798,3.697300030336606e-07,3.4159166750934467e-09
12 june 2026,HEL1OS,B-Class,59831,60116,60226,3.9848417433510567e-07,-1.7261603802203731e-09
12 june 2026,HEL1OS,B-Class,60238,60401,60498,3.8442309636968997e-07,-1.2759631914247713e-08
12 june 2026,HEL1OS,B-Class,60732,61054,61337,4.4939731014256663e-07,-1.2759631914247713e-08
12 june 2026,HEL1OS,B-Class,61522,61582,61685,3.527424410961549e-07,-3.610071796945972e-08
12 june 2026,HEL1OS,B-Class,61693,61801,61818,3.77431489533812e-07,-3.610071796945972e-08
12 june 2026,HEL1OS,B-Class,61848,61929,62042,3.847820811001986e-07,-3.610071796945972e-08
12 june 2026,HEL1OS,B-Class,62128,62216,62269,4.056719587420221e-07,2.1710992011324962e-08
12 june 2026,HEL1OS,B-Class,62536,62715,62841,4.3254828597429945e-07,-3.577510365051951e-08
12 june 2026,HEL1OS,B-Class,63322,63418,63553,5.507756092627976e-07,-3.577510365051951e-08
12 june 2026,HEL1OS,B-Class,64189,64201,64630,4.049276974415873e-07,1.9921124481746796e-09
12 june 2026,HEL1OS,B-Class,65192,65331,65337,3.5286682172109166e-07,5.867125088481961e-09
12 june 2026,HEL1OS,B-Class,65340,65418,65507,3.864030741227489e-07,5.867125088481961e-09
12 june 2026,HEL1OS,B-Class,65605,65750,65927,4.2448983719282536e-07,-3.35413085246221e-08
12 june 2026,HEL1OS,B-Class,66168,66317,66417,3.824552533117469e-07,-3.35413085246221e-08
12 june 2026,HEL1OS,B-Class,66425,66552,66568,3.2339872585700134e-07,-3.35413085246221e-08
12 june 2026,HEL1OS,B-Class,66569,66711,66730,3.687258570128295e-07,-3.35413085246221e-08
12 june 2026,HEL1OS,B-Class,66810,66981,66999,4.960501567397942e-07,-1.4743654565678478e-08
12 june 2026,HEL1OS,B-Class,67098,67133,67280,4.270694711295227e-07,-1.1675599150570919e-08
12 june 2026,HEL1OS,B-Class,67523,67536,67649,6.025280614824337e-07,-1.1675599150570919e-08
12 june 2026,HEL1OS,B-Class,67656,67707,67966,3.8412175144098137e-07,-1.1675599150570919e-08
12 june 2026,HEL1OS,B-Class,67973,68110,68161,3.848832035594969e-07,-5.471736272625951e-09
12 june 2026,HEL1OS,B-Class,68325,68466,68570,4.441773687935932e-07,-5.471736272625951e-09
12 june 2026,HEL1OS,B-Class,68792,68860,69151,3.953463444230823e-07,6.3383557488115535e-09
12 june 2026,HEL1OS,B-Class,69156,69291,69328,3.939731014258126e-07,6.3383557488115535e-09
12 june 2026,HEL1OS,B-Class,69631,69658,69780,4.1066740823135353e-07,6.3383557488115535e-09
12 june 2026,HEL1OS,B-Class,69985,70027,70133,4.777692385478644e-07,-2.0698756193749893e-08
12 june 2026,HEL1OS,B-Class,70227,70334,70384,3.975326119931095e-07,-2.0698756193749893e-08
12 june 2026,HEL1OS,B-Class,70657,70705,71006,4.103559510567151e-07,-2.9094953989279983e-08
12 june 2026,HEL1OS,B-Class,71158,71314,71369,4.095489938315154e-07,-8.886136110829898e-08
12 june 2026,HEL1OS,B-Class,71537,71723,71754,3.672990191121317e-07,-8.886136110829898e-08
12 june 2026,HEL1OS,B-Class,72545,72643,72685,4.414136919809732e-07,6.391950652239668e-09
12 june 2026,HEL1OS,B-Class,72737,72772,72884,3.857801597734719e-07,6.391950652239668e-09
12 june 2026,HEL1OS,B-Class,72886,73022,73038,4.57605420163802e-07,6.391950652239668e-09
12 june 2026,HEL1OS,B-Class,73325,73459,73593,5.075953079178705e-07,-5.157245424207957e-11
12 june 2026,HEL1OS,B-Class,73596,73606,73753,4.3128830013144376e-07,-5.157245424207957e-11
12 june 2026,HEL1OS,B-Class,74180,74277,74344,4.170765497016739e-07,-5.157245424207957e-11
12 june 2026,HEL1OS,B-Class,74400,74582,74631,3.85888360804921e-07,3.832541207402047e-09
12 june 2026,HEL1OS,B-Class,74787,74875,74913,4.013206593184203e-07,-4.914551521892826e-09
12 june 2026,HEL1OS,B-Class,75285,75478,75502,4.522287390029164e-07,-4.914551521892826e-09
12 june 2026,HEL1OS,B-Class,75513,75629,75647,4.347133178278741e-07,-4.914551521892826e-09
12 june 2026,HEL1OS,B-Class,75673,76062,76094,4.792142784912357e-07,-4.914551521892826e-09
12 june 2026,HEL1OS,B-Class,76230,76254,76414,4.376772171099045e-07,-5.800182020426529e-08
12 june 2026,HEL1OS,B-Class,76935,77117,77129,4.1144503994335674e-07,-5.800182020426529e-08
12 june 2026,HEL1OS,B-Class,77401,77538,77551,3.5974820507633464e-07,-2.201435938921964e-09
12 june 2026,HEL1OS,B-Class,77963,78193,78232,3.7772676711496276e-07,-2.201435938921964e-09
12 june 2026,HEL1OS,B-Class,78329,78424,78474,4.678956416219875e-07,-7.221357063403524e-08
12 june 2026,HEL1OS,B-Class,78684,78793,78829,3.757619577307986e-07,-7.221357063403524e-08
12 june 2026,HEL1OS,B-Class,78934,79021,79074,4.0197492163007975e-07,-7.221357063403524e-08
12 june 2026,HEL1OS,B-Class,79075,79264,79305,4.1236424309837743e-07,-7.221357063403524e-08
12 june 2026,HEL1OS,B-Class,79306,79370,79461,4.606188694508886e-07,-7.221357063403524e-08
12 june 2026,HEL1OS,B-Class,79487,79627,79676,3.60237637779338e-07,-7.221357063403524e-08
12 june 2026,HEL1OS,B-Class,79707,79721,79854,3.9367681262006887e-07,-6.248559004954782e-08
12 june 2026,HEL1OS,B-Class,80145,80210,80322,4.5688745070278485e-07,-6.248559004954782e-08
12 june 2026,HEL1OS,B-Class,80557,80671,80690,4.6810092021436293e-07,-4.6654869046413545e-08
12 june 2026,HEL1OS,B-Class,80750,80766,80932,5.694549499443623e-07,-4.6654869046413545e-08
12 june 2026,HEL1OS,B-Class,80943,81091,81105,3.9900293255130543e-07,-4.6654869046413545e-08
12 june 2026,HEL1OS,B-Class,81107,81119,81300,3.9438163616137737e-07,-3.6703407826877006e-08
12 june 2026,HEL1OS,B-Class,81359,81416,81535,3.6365153200524536e-07,-3.6703407826877006e-08
12 june 2026,HEL1OS,B-Class,81634,81807,81820,3.9340883810292863e-07,-3.6703407826877006e-08
12 june 2026,HEL1OS,B-Class,82050,82114,82274,4.034149054504862e-07,-4.666801496612245e-09
12 june 2026,HEL1OS,B-Class,82488,82585,82665,3.70324603094334e-07,-1.954494893315741e-08
12 june 2026,HEL1OS,B-Class,83179,83225,83311,3.5735969258771096e-07,-9.900192132672313e-08
12 june 2026,HEL1OS,B-Class,83332,83372,83627,3.9260188087772894e-07,-9.900192132672313e-08
12 june 2026,HEL1OS,B-Class,83796,83808,84118,4.627778339569053e-07,-9.900192132672313e-08
12 june 2026,HEL1OS,B-Class,84328,84432,84461,3.4418646981493364e-07,-7.406107796541348e-08
12 june 2026,HEL1OS,B-Class,84482,84511,84666,3.3445444433207425e-07,-7.406107796541348e-08
12 june 2026,HEL1OS,B-Class,84717,84865,84879,3.681433916472717e-07,-7.406107796541348e-08
12 june 2026,HEL1OS,B-Class,85431,85558,85572,3.9836990595609867e-07,-7.628374962078805e-08
13 January 2026,HEL1OS,B-Class,2660,2741,2824,3.5798058448780197e-07,1.2630195166346002e-08
13 January 2026,HEL1OS,B-Class,3016,3096,3159,3.170047527555757e-07,1.2630195166346002e-08
13 January 2026,HEL1OS,B-Class,3160,3277,3317,4.2717160481341376e-07,1.2630195166346002e-08
13 January 2026,HEL1OS,B-Class,3358,3420,3502,4.976640711901935e-07,1.2630195166346002e-08
13 January 2026,HEL1OS,B-Class,3570,3654,3814,3.8094549499442467e-07,6.541611892000998e-09
13 January 2026,HEL1OS,B-Class,3815,3876,3939,3.1859844271411545e-07,6.541611892000998e-09
13 January 2026,HEL1OS,B-Class,4653,4798,4852,3.415259379107978e-07,-3.4391748407320456e-09
13 January 2026,HEL1OS,B-Class,5125,5206,5371,3.867054302760505e-07,-3.4391748407320456e-09
13 January 2026,HEL1OS,B-Class,6849,6963,7023,4.1587824855899017e-07,7.86934978258639e-09
13 January 2026,HEL1OS,B-Class,13219,13299,13389,4.3065325108705105e-07,-2.3056931944584098e-08
13 January 2026,HEL1OS,B-Class,13452,13595,13626,3.443219739103932e-07,-2.3056931944584098e-08
13 January 2026,HEL1OS,B-Class,14691,14801,14832,3.313378501365035e-07,1.0872686823743163e-08
13 January 2026,HEL1OS,B-Class,15386,15435,15581,3.595044999494259e-07,1.0872686823743163e-08
13 January 2026,HEL1OS,B-Class,15582,15598,15717,3.10557184750722e-07,-3.9531803013447865e-08
13 January 2026,HEL1OS,B-Class,16071,16153,16494,3.9039943371421396e-07,-3.9531803013447865e-08
13 January 2026,HEL1OS,B-Class,17143,17161,17349,4.4306502174131286e-07,1.3393669734047455e-08
13 January 2026,HEL1OS,B-Class,17350,17363,17481,3.11634138942248e-07,-1.1073920517746591e-08
13 January 2026,HEL1OS,B-Class,17573,17708,17722,5.129912023460228e-07,-1.1073920517746591e-08
13 January 2026,HEL1OS,B-Class,17748,17759,17957,3.388836080493357e-07,-1.1073920517746591e-08
13 January 2026,HEL1OS,B-Class,18014,18035,18168,3.2694509050458936e-07,-1.1073920517746591e-08
13 January 2026,HEL1OS,B-Class,18328,18463,18502,3.3819091920314294e-07,-1.1073920517746591e-08
13 January 2026,HEL1OS,B-Class,18574,18690,18747,4.646930933360134e-07,-9.808878551925622e-10
13 January 2026,HEL1OS,B-Class,18748,18813,18897,3.4340681565374444e-07,-9.808878551925622e-10
13 January 2026,HEL1OS,B-Class,18965,19194,19211,2.920972798058345e-07,9.224390737182398e-09
13 January 2026,HEL1OS,B-Class,19488,19510,19700,3.0027808676305935e-07,9.224390737182398e-09
13 January 2026,HEL1OS,B-Class,19701,19830,19861,2.8681565375668913e-07,9.224390737182398e-09
13 January 2026,HEL1OS,B-Class,20022,20102,20162,3.363970067751928e-07,-1.6482960865607695e-09
13 January 2026,HEL1OS,B-Class,20183,20293,20312,3.7340175953077845e-07,-1.6482960865607695e-09
13 January 2026,HEL1OS,B-Class,20411,20593,20608,3.1174840732125494e-07,-1.6482960865607695e-09
13 January 2026,HEL1OS,B-Class,20689,20825,20837,3.6592375366567604e-07,-1.6482960865607695e-09
13 January 2026,HEL1OS,B-Class,23612,23667,23738,3.349661239761231e-07,-8.239457983617857e-09
13 January 2026,HEL1OS,B-Class,23931,24008,24150,3.5293558499341443e-07,-1.6630599656183043e-08
13 January 2026,HEL1OS,B-Class,24610,24643,25032,4.253160076852917e-07,-1.6630599656183043e-08
13 January 2026,HEL1OS,B-Class,25434,25508,25571,3.463322884012416e-07,9.246637678228008e-09
13 January 2026,HEL1OS,B-Class,25598,25628,25771,3.2810496511273986e-07,9.246637678228008e-09
13 January 2026,HEL1OS,B-Class,25772,25922,26029,2.977490140560112e-07,9.246637678228008e-09
13 January 2026,HEL1OS,B-Class,26349,26402,26604,4.630013145919544e-07,9.246637678228008e-09
13 January 2026,HEL1OS,B-Class,26709,26727,26884,3.700091010213236e-07,1.2542218626756528e-08
13 January 2026,HEL1OS,B-Class,27004,27074,27194,4.2977045201737774e-07,1.2542218626756528e-08
13 January 2026,HEL1OS,B-Class,27616,27694,27775,2.7688441702901227e-07,6.044089392253801e-09
13 January 2026,HEL1OS,B-Class,27792,27806,27917,3.611851552229622e-07,-3.549499443826345e-08
13 January 2026,HEL1OS,B-Class,27966,28082,28107,3.535463646475756e-07,-3.549499443826345e-08
13 January 2026,HEL1OS,B-Class,28263,28274,28385,4.1916169481240286e-07,-3.549499443826345e-08
13 January 2026,HEL1OS,B-Class,28499,28649,28664,3.2870866619475015e-07,-3.549499443826345e-08
13 January 2026,HEL1OS,B-Class,32827,33054,33111,4.0084639498431167e-07,-1.840428759227358e-08
13 January 2026,HEL1OS,B-Class,33166,33287,33304,4.397957326322019e-07,-1.840428759227358e-08
13 January 2026,HEL1OS,B-Class,33581,33659,33809,3.550005056122838e-07,-1.840428759227358e-08
13 January 2026,HEL1OS,B-Class,34933,35077,35202,3.888654060066602e-07,2.5664880169884822e-08
13 January 2026,HEL1OS,B-Class,35233,35503,35516,3.971301446051026e-07,-1.1530994033774465e-08
13 January 2026,HEL1OS,B-Class,35748,35849,36134,3.7766002629182593e-07,-1.1530994033774465e-08
13 January 2026,HEL1OS,B-Class,36832,36934,36990,2.727808676306911e-07,2.193548387096697e-08
13 January 2026,HEL1OS,B-Class,37348,37459,37472,3.4251289311354834e-07,2.193548387096697e-08
13 January 2026,HEL1OS,B-Class,37482,37614,37636,3.1885428253613993e-07,2.193548387096697e-08
13 January 2026,HEL1OS,B-Class,39090,39194,39240,2.9181717059357843e-07,-1.0165840833248679e-08
13 January 2026,HEL1OS,B-Class,39254,39325,39377,4.0953483668721367e-07,-1.0165840833248679e-08
13 January 2026,HEL1OS,B-Class,39453,39635,39654,3.6987460815045704e-07,-1.0165840833248679e-08
13 January 2026,HEL1OS,B-Class,40466,40544,40614,3.866589139447733e-07,1.037111942562407e-08
13 January 2026,HEL1OS,B-Class,40920,40942,41102,3.2614116695316864e-07,7.545757912832186e-09
13 January 2026,HEL1OS,B-Class,41103,41121,41276,3.523581757508217e-07,7.545757912832186e-09
13 January 2026,HEL1OS,B-Class,41996,42012,42223,3.432814238042147e-07,1.7842046718575587e-08
13 January 2026,HEL1OS,B-Class,42235,42316,42360,3.7868540802910975e-07,1.7842046718575587e-08
13 January 2026,HEL1OS,B-Class,42539,42632,42679,2.691303468500258e-07,1.7842046718575587e-08
13 January 2026,HEL1OS,B-Class,42821,43000,43041,3.392982101324583e-07,-2.6122560420668494e-07
13 January 2026,HEL1OS,B-Class,43043,43054,43174,3.34463545353411e-07,-2.6122560420668494e-07
13 March 2026,SoLEXS,C-Class,54337,54857,54921,4.804696127009637e-06,2.0641116391949915e-07
13 March 2026,SoLEXS,C-Class,73096,73362,73569,4.630543027606267e-06,3.8702902214580475e-07
13 March 2026,SoLEXS,B-Class,84807,85004,85123,8.262604914551226e-07,9.651026392961532e-08
13 March 2026,HEL1OS,B-Class,46254,46436,46603,3.8350389321466933e-07,3.962989179896714e-09
13 March 2026,HEL1OS,C-Class,54212,54665,55386,1.0937475983415526e-06,-1.7514409950449359e-09
13 March 2026,HEL1OS,B-Class,73022,73313,73514,7.503195469713556e-07,-2.4421073920516872e-09
13 March 2026,HEL1OS,B-Class,74278,74380,74570,6.431924360400216e-07,3.577105875214758e-08
13 june 2026,HEL1OS,C-Class,43187,43203,43474,2.452838507432413e-06,-1.7042875922741836e-07
13 june 2026,HEL1OS,B-Class,43476,43664,43703,4.4286783294568144e-07,-1.7042875922741836e-07
13 june 2026,HEL1OS,B-Class,43935,44194,44209,3.94571746384858e-07,-5.919203155020518e-08
13 june 2026,HEL1OS,B-Class,44210,44455,44474,5.383324906461533e-07,-5.919203155020518e-08
13 june 2026,HEL1OS,B-Class,44537,44556,44682,4.2372332895134504e-07,-5.919203155020518e-08
13 june 2026,HEL1OS,B-Class,44684,44770,44862,4.542572555364384e-07,-5.919203155020518e-08
13 june 2026,HEL1OS,B-Class,44863,44880,45136,4.2398017999796244e-07,-5.919203155020518e-08
13 june 2026,HEL1OS,B-Class,45844,45946,45970,5.750996056223882e-07,2.7281828294063056e-08
13 june 2026,HEL1OS,B-Class,46215,46304,46350,4.427535645666745e-07,2.7281828294063056e-08
13 june 2026,HEL1OS,B-Class,46413,46549,46588,4.817575083425857e-07,2.7281828294063056e-08
13 june 2026,HEL1OS,B-Class,50003,50106,50203,3.9145312974010133e-07,2.9072707048234325e-08
13 june 2026,HEL1OS,B-Class,50333,50442,50496,3.3919607644856713e-07,2.9072707048234325e-08
13 june 2026,HEL1OS,B-Class,63570,63768,63787,4.4981797957324714e-07,5.394883203559304e-09
13 june 2026,HEL1OS,B-Class,63880,64055,64067,3.952796035999455e-07,5.394883203559304e-09
13 june 2026,HEL1OS,B-Class,64464,64758,64771,4.074850844372389e-07,5.394883203559304e-09
13 june 2026,HEL1OS,B-Class,67533,67704,67751,3.8909394276467414e-07,3.418343614116573e-08
13 june 2026,HEL1OS,B-Class,67782,67836,67938,3.144362422894013e-07,-7.312771766609106e-08
13 june 2026,HEL1OS,B-Class,68179,68191,68591,4.270047527555718e-07,-7.312771766609106e-08
13 june 2026,HEL1OS,B-Class,68593,68606,68851,5.843351198300933e-07,-7.312771766609106e-08
13 june 2026,HEL1OS,B-Class,69018,69063,69192,4.1456972393567133e-07,2.543330973809188e-08
13 june 2026,HEL1OS,B-Class,71516,72054,72067,4.560643138840974e-07,-8.253615127919586e-09
13 june 2026,HEL1OS,B-Class,72076,72178,72232,3.559581353018379e-07,-8.253615127919586e-09
13 june 2026,HEL1OS,B-Class,72348,72479,72541,3.4749519668317093e-07,-8.253615127919586e-09
13 june 2026,HEL1OS,B-Class,72542,72555,72676,5.789574274446148e-07,-8.253615127919586e-09
13 june 2026,HEL1OS,B-Class,74339,74372,74483,4.857781373242824e-07,-1.0843361310546683e-08
13 june 2026,HEL1OS,B-Class,74569,74684,74702,3.528243502881864e-07,-1.0843361310546683e-08
13 june 2026,HEL1OS,B-Class,74948,75238,75250,4.934492870866443e-07,-1.0843361310546683e-08
13 june 2026,HEL1OS,B-Class,75352,75515,75528,4.831014258266589e-07,-1.0843361310546683e-08
13 june 2026,HEL1OS,B-Class,75529,75638,75651,4.285054100515572e-07,-1.076954191525871e-09
13 june 2026,HEL1OS,B-Class,75704,75919,75947,3.7019516634643235e-07,-1.076954191525871e-09
13 june 2026,HEL1OS,B-Class,76200,76289,76393,4.5901102234804714e-07,2.831833350186974e-08
13 june 2026,HEL1OS,B-Class,76733,76751,76904,3.701425826675973e-07,2.831833350186974e-08
13 june 2026,HEL1OS,B-Class,78992,79039,79190,6.075063201536843e-07,9.187986651835043e-09
13 june 2026,HEL1OS,B-Class,79284,79295,79591,3.697320254828466e-07,9.187986651835043e-09
13 june 2026,HEL1OS,B-Class,79682,79811,79942,3.844675902517812e-07,9.187986651835043e-09
13 june 2026,HEL1OS,B-Class,79943,80108,80167,4.038547881484334e-07,9.187986651835043e-09
13 june 2026,HEL1OS,B-Class,84213,84510,84522,3.5523308726866965e-07,2.9467084639497827e-09
13 june 2026,HEL1OS,B-Class,84523,84744,84812,5.623318839113966e-07,2.9467084639497827e-09
13 june 2026,HEL1OS,B-Class,84867,85137,85256,4.0416422287388585e-07,-5.386793406815509e-09
13 june 2026,HEL1OS,B-Class,85258,85276,85403,4.359864495904385e-07,-5.386793406815509e-09
13 june 2026,HEL1OS,B-Class,85404,85627,85754,4.5588937202951146e-07,-5.386793406815509e-09
13 june 2026,HEL1OS,B-Class,85756,86204,86231,4.0395186570935966e-07,-5.386793406815509e-09
14 February 2026,SoLEXS,B-Class,22027,22233,22462,5.973657599352603e-07,5.057134189503308e-08
14 February 2026,SoLEXS,C-Class,40173,40400,40776,3.036130043482549e-06,4.388714733542164e-08
14 February 2026,HEL1OS,C-Class,40219,40337,40557,1.3565850945494512e-06,-1.2316715542521557e-09
14 February 2026,HEL1OS,B-Class,43222,43351,43380,2.7676104762866847e-07,-1.7102032561431284e-07
14 February 2026,HEL1OS,B-Class,43610,43745,43778,3.3182526039032087e-07,-1.7102032561431284e-07
14 February 2026,HEL1OS,B-Class,47074,47282,47299,3.397168571139529e-07,-1.0660329659216977e-08
14 February 2026,HEL1OS,B-Class,47440,47696,47871,4.77459803822412e-07,-1.0660329659216977e-08
14 February 2026,HEL1OS,B-Class,48350,48372,48715,3.648043280412449e-07,-3.573667711598605e-09
14 February 2026,HEL1OS,B-Class,49097,49249,49272,3.8918697542722853e-07,-3.573667711598605e-09
14 February 2026,HEL1OS,B-Class,49457,49487,49590,2.960238649003838e-07,-2.8834058044290576e-08
14 February 2026,HEL1OS,B-Class,49615,49828,49893,3.4890282131660204e-07,-2.8834058044290576e-08
14 February 2026,HEL1OS,B-Class,50601,50854,50869,3.6171301446049873e-07,7.321266053190164e-09
14 February 2026,HEL1OS,B-Class,51628,51776,51887,4.0530488421476964e-07,3.659824046920692e-08
14 February 2026,HEL1OS,B-Class,52080,52099,52227,3.226888461927279e-07,2.9568207098795515e-09
14 February 2026,HEL1OS,B-Class,52286,52356,52435,3.00806957225189e-07,2.9568207098795515e-09
14 February 2026,HEL1OS,B-Class,52478,52492,52645,3.2574982303568455e-07,2.9568207098795515e-09
14 February 2026,HEL1OS,B-Class,52646,52667,52832,3.4897562948729664e-07,2.9568207098795515e-09
14 February 2026,HEL1OS,B-Class,52961,53105,53113,2.8042673677822846e-07,3.904439275963054e-08
14 February 2026,HEL1OS,B-Class,53257,53351,53422,3.165183537263514e-07,-1.0207301041560955e-08
14 February 2026,HEL1OS,B-Class,53568,53679,53850,4.6407321266051534e-07,-7.456264536353259e-08
14 February 2026,HEL1OS,B-Class,53851,53865,53975,3.3931236727676007e-07,-7.456264536353259e-08
14 February 2026,HEL1OS,B-Class,54355,54374,54480,3.6442714126806263e-07,-7.456264536353259e-08
14 February 2026,HEL1OS,B-Class,54481,54593,54634,3.545757912832314e-07,-7.456264536353259e-08
14 February 2026,HEL1OS,B-Class,54819,54865,54974,3.0696935989482165e-07,8.229345737688069e-09
14 February 2026,HEL1OS,B-Class,55408,55448,55561,4.4938618667204384e-07,8.229345737688069e-09
14 February 2026,HEL1OS,B-Class,55756,55766,55883,2.75379714834655e-07,8.229345737688069e-09
14 February 2026,HEL1OS,B-Class,56163,56304,56327,3.3565274547475797e-07,1.5999595510162198e-08
14 February 2026,HEL1OS,B-Class,56424,56441,56556,4.1460916169479763e-07,1.5999595510162198e-08
14 February 2026,HEL1OS,B-Class,57661,57718,57854,3.3391748407320074e-07,1.7671149762361613e-08
14 February 2026,HEL1OS,B-Class,58108,58168,58254,3.5509353827483816e-07,1.7671149762361613e-08
14 February 2026,HEL1OS,B-Class,58256,58328,58408,2.98722823339053e-07,1.7671149762361613e-08
14 February 2026,HEL1OS,B-Class,61661,61788,61805,2.923126706441396e-07,2.4270401456162543e-08
14 February 2026,HEL1OS,B-Class,61809,61864,61935,3.3025786227119874e-07,2.4270401456162543e-08
14 February 2026,HEL1OS,B-Class,62286,62447,62466,3.9708160582463947e-07,1.4005460612801616e-09
14 February 2026,HEL1OS,B-Class,62654,62797,62809,3.0723126706440407e-07,1.4005460612801616e-09
14 February 2026,HEL1OS,B-Class,62919,63052,63124,3.8805743755686753e-07,-1.3679846293861377e-08
14 February 2026,HEL1OS,B-Class,63576,63763,63781,3.635241177065297e-07,-1.3679846293861377e-08
14 February 2026,HEL1OS,B-Class,63845,63910,63971,3.538133279401229e-07,-2.0592577611486808e-08
14 February 2026,HEL1OS,B-Class,64105,64268,64283,3.4832035595104425e-07,-2.0592577611486808e-08
14 February 2026,HEL1OS,B-Class,64470,64482,64720,3.3754070178985546e-07,-2.0592577611486808e-08
14 February 2026,HEL1OS,B-Class,65016,65040,65223,3.022034583880972e-07,8.002831428860068e-09
14 February 2026,HEL1OS,B-Class,65267,65507,65537,3.8293558499341335e-07,8.002831428860068e-09
14 February 2026,HEL1OS,B-Class,65638,65708,65806,3.0367377894629315e-07,8.002831428860068e-09
14 February 2026,HEL1OS,B-Class,65909,66131,66150,4.587491151784648e-07,-7.156840934371269e-08
14 February 2026,HEL1OS,B-Class,66391,66439,66527,3.2272929517644714e-07,-7.156840934371269e-08
14 February 2026,HEL1OS,B-Class,66535,66573,66692,3.208261704924549e-07,-7.156840934371269e-08
14 February 2026,HEL1OS,B-Class,67353,67364,67484,3.2854383658609407e-07,2.5683082212558503e-08
14 February 2026,HEL1OS,B-Class,68139,68180,68391,4.3411972899179357e-07,-2.651532005258274e-08
14 February 2026,HEL1OS,B-Class,69152,69165,69292,3.647800586510134e-07,-1.0992011325715047e-08
14 February 2026,HEL1OS,B-Class,69844,69970,70089,3.71004146020818e-07,-1.0992011325715047e-08
14 February 2026,HEL1OS,B-Class,70110,70190,70246,3.0930528870461025e-07,-1.0992011325715047e-08
14 February 2026,HEL1OS,B-Class,70616,70729,70741,3.588876529477069e-07,5.683082212559389e-10
14 February 2026,HEL1OS,B-Class,70826,70859,70964,3.9679745171401153e-07,5.683082212559389e-10
14 February 2026,HEL1OS,B-Class,71531,71545,71682,3.3921933461420573e-07,6.922843563555223e-09
14 February 2026,HEL1OS,B-Class,72579,72721,72784,3.197613509960448e-07,1.9943371422792305e-08
14 February 2026,HEL1OS,B-Class,73755,73852,73922,3.4216199817978347e-07,-1.3714227930022763e-08
14 February 2026,HEL1OS,B-Class,73996,74097,74242,3.7388411366163094e-07,3.2895136009706572e-09
14 February 2026,HEL1OS,B-Class,74677,74697,74803,3.4019921124480537e-07,3.2895136009706572e-09
14 February 2026,HEL1OS,B-Class,75396,75473,75555,3.523885124886111e-07,1.946607341490481e-09
14 February 2026,HEL1OS,B-Class,76229,76347,76361,3.501344928708542e-07,1.7878450803922968e-09
14 February 2026,HEL1OS,B-Class,76420,76491,76638,4.282970977854029e-07,-6.292648397208796e-08
14 February 2026,HEL1OS,B-Class,76839,76875,77019,3.261684700171791e-07,-6.292648397208796e-08
14 February 2026,HEL1OS,B-Class,78001,78071,78150,3.957710587521347e-07,-1.4308827990696538e-09
14 February 2026,HEL1OS,B-Class,79252,79270,79424,3.409869552027384e-07,-2.2080088987763367e-08
14 February 2026,HEL1OS,B-Class,79687,79883,80072,4.366680149661084e-07,-2.2080088987763367e-08
14 February 2026,HEL1OS,B-Class,80084,80169,80208,3.0869450905044917e-07,-2.2080088987763367e-08
14 February 2026,HEL1OS,B-Class,80951,81035,81152,3.7020628981695514e-07,-4.381939528769184e-08
14 February 2026,HEL1OS,B-Class,81356,81465,81548,3.3438568105975147e-07,-4.381939528769184e-08
14 February 2026,HEL1OS,B-Class,81634,81664,81812,3.7907068459903585e-07,-4.381939528769184e-08
14 February 2026,HEL1OS,B-Class,81831,81845,82066,3.4133077156435226e-07,-4.381939528769184e-08
14 February 2026,HEL1OS,B-Class,82071,82183,82212,3.4893315805439144e-07,-3.696228132268044e-08
14 February 2026,HEL1OS,B-Class,82307,82545,82560,3.3855496005661644e-07,-3.442309636970248e-08
14 February 2026,HEL1OS,B-Class,83431,83451,83625,3.889837192840391e-07,5.329153605015643e-10
14 February 2026,HEL1OS,B-Class,84078,84197,84220,3.0541207402162934e-07,9.920113257154053e-09
14 February 2026,HEL1OS,B-Class,84388,84432,84512,2.7684902416825785e-07,9.920113257154053e-09
14 February 2026,HEL1OS,B-Class,84645,84746,84769,4.0670138537767786e-07,-3.37223177267659e-08
14 January 2026,SoLEXS,B-Class,13312,13434,13527,5.993983213671542e-07,6.78127212053773e-08
14 January 2026,SoLEXS,C-Class,13594,13782,14201,5.966720598644747e-06,9.025988472039319e-08
14 January 2026,SoLEXS,C-Class,58378,58639,58924,1.7503690969763759e-06,1.6160885832742878e-07
14 January 2026,SoLEXS,M-Class,73316,73940,74028,1.1021468298108616e-05,2.1002831428859602e-07
14 January 2026,HEL1OS,C-Class,13617,13762,13980,2.196422287389951e-06,-1.649307311153748e-09
14 January 2026,HEL1OS,C-Class,73281,73814,75005,4.346724643543176e-06,-9.626858125189257e-10
14 March 2026,SoLEXS,B-Class,4969,5243,5340,3.7165335220951244e-07,3.7021943573666395e-08
14 March 2026,SoLEXS,C-Class,46310,46345,46510,1.1303003337040754e-06,6.99494387703484e-08
14 March 2026,SoLEXS,B-Class,70705,70843,70847,3.0601375265445363e-07,4.492567499241421e-08
14 March 2026,SoLEXS,B-Class,77245,77324,77367,2.946324198604405e-07,4.027201941551074e-08
14 March 2026,SoLEXS,B-Class,77498,77645,77802,6.890342805136776e-07,5.149357872383273e-08
14 March 2026,SoLEXS,B-Class,83257,83308,83393,4.2456062291433413e-07,3.1137627667103754e-08
14 March 2026,SoLEXS,B-Class,85172,85605,85787,9.042157953281101e-07,2.5244210739204275e-08
14 March 2026,HEL1OS,B-Class,840,852,975,4.213398725856862e-07,2.2752553342096462e-08
14 March 2026,HEL1OS,B-Class,991,1203,1282,4.2306906663968557e-07,2.2752553342096462e-08
14 March 2026,HEL1OS,B-Class,1908,2054,2066,3.7083628273838294e-07,3.2785923753664524e-08
14 March 2026,HEL1OS,B-Class,2128,2230,2269,3.9583375467689963e-07,-1.9647082617048557e-08
14 March 2026,HEL1OS,B-Class,2270,2444,2507,3.735665891394345e-07,-1.9647082617048557e-08
14 March 2026,HEL1OS,B-Class,2856,2891,2989,3.1869754272422767e-07,-1.9647082617048557e-08
14 March 2026,HEL1OS,B-Class,2990,3088,3170,3.785903529173694e-07,-1.9647082617048557e-08
14 March 2026,HEL1OS,B-Class,3263,3276,3578,5.354960056628387e-07,-5.319041359085674e-09
14 March 2026,HEL1OS,B-Class,3651,3769,3832,3.4792597835978136e-07,-5.319041359085674e-09
14 March 2026,HEL1OS,B-Class,3833,3955,4336,4.1365254322983663e-07,-5.319041359085674e-09
14 March 2026,HEL1OS,B-Class,4426,4550,4582,3.5371827282838255e-07,-5.319041359085674e-09
14 March 2026,HEL1OS,B-Class,4894,4940,5018,4.0884012539183493e-07,4.64758822934557e-09
14 March 2026,HEL1OS,B-Class,5415,5468,5634,3.9846394984324604e-07,-2.9713823440185e-08
14 March 2026,HEL1OS,B-Class,5855,5939,6033,3.316503185357349e-07,-2.9713823440185e-08
14 March 2026,HEL1OS,B-Class,6146,6488,6561,5.264061077965229e-07,-3.387905753867814e-08
14 March 2026,HEL1OS,B-Class,6580,6628,6719,3.9352007280815667e-07,-3.387905753867814e-08
14 March 2026,HEL1OS,B-Class,7255,7395,7410,4.778197997775136e-07,-3.7799575285669585e-08
14 March 2026,HEL1OS,B-Class,7584,7598,7764,3.2216199817978424e-07,-3.7799575285669585e-08
14 March 2026,HEL1OS,B-Class,7775,7803,7948,3.3140256851045436e-07,-3.7799575285669585e-08
14 March 2026,HEL1OS,B-Class,9180,9347,9364,3.780028314288469e-07,-2.9033269289108097e-08
14 March 2026,HEL1OS,B-Class,9559,9604,9703,3.6221761553239684e-07,-8.593386591161612e-09
14 March 2026,HEL1OS,B-Class,9721,9873,9922,4.3057740924257743e-07,-8.593386591161612e-09
14 March 2026,HEL1OS,B-Class,9926,10012,10083,3.505966225098469e-07,-8.593386591161612e-09
14 March 2026,HEL1OS,B-Class,10184,10293,10305,4.006401051673434e-07,-6.8945292749517075e-09
14 March 2026,HEL1OS,B-Class,10405,10468,10528,3.57017898675283e-07,-6.8945292749517075e-09
14 March 2026,HEL1OS,B-Class,10679,10695,10867,3.8818485185558326e-07,-5.10203256143171e-08
14 March 2026,HEL1OS,B-Class,12230,12242,12367,3.3719081808068367e-07,-1.1454545454545046e-07
14 March 2026,HEL1OS,B-Class,12765,12776,12905,3.8375973303669376e-07,-1.1454545454545046e-07
14 March 2026,HEL1OS,B-Class,13098,13218,13231,3.304156133077038e-07,-2.6204874102537238e-08
14 March 2026,HEL1OS,B-Class,13404,13466,13551,3.023116594195463e-07,-4.2846597229243075e-08
14 March 2026,HEL1OS,B-Class,17839,17851,17960,3.3227323288501186e-07,-9.932652442107038e-08
14 March 2026,HEL1OS,B-Class,19561,19623,19706,3.4524117706541394e-07,-1.1693194458488815e-07
14 March 2026,HEL1OS,B-Class,20800,20910,20924,5.129123268277702e-07,-1.3065729598543367e-07
14 March 2026,HEL1OS,B-Class,21228,21353,21367,3.661613914450269e-07,-1.3065729598543367e-07
14 March 2026,HEL1OS,B-Class,23764,23817,23911,2.93191424815441e-07,-7.930023258165355e-08
14 March 2026,HEL1OS,B-Class,24370,24406,24493,3.6637880473251804e-07,-7.092122560420416e-08
14 March 2026,HEL1OS,B-Class,26331,26413,26456,3.7609566184648266e-07,-1.1073718272828e-07
14 March 2026,HEL1OS,B-Class,27146,27264,27276,3.502346041055593e-07,-6.911517848113818e-08
14 March 2026,HEL1OS,B-Class,29486,29533,29629,3.839366973404656e-07,-6.47790474264311e-08
14 March 2026,HEL1OS,B-Class,43892,43957,44064,3.497016887450578e-07,-1.0280715947011466e-07
14 March 2026,HEL1OS,B-Class,45767,45817,46043,3.658782485589919e-07,-2.8274850844371562e-08
14 March 2026,HEL1OS,B-Class,46045,46212,46225,3.4967438568104726e-07,-2.8274850844371562e-08
14 March 2026,HEL1OS,B-Class,46293,46315,46515,8.776569926180293e-07,2.9418545859034257e-08
14 March 2026,HEL1OS,B-Class,47052,47090,47265,3.272080088987647e-07,3.3601982000201024e-08
14 March 2026,HEL1OS,B-Class,47276,47595,47682,4.4154919607643284e-07,1.344726463747552e-08
14 March 2026,HEL1OS,B-Class,49123,49133,49333,2.986864192537056e-07,-5.3434118717765295e-08
14 March 2026,HEL1OS,B-Class,49336,49510,49524,3.5734553544340926e-07,-5.3434118717765295e-08
14 March 2026,HEL1OS,B-Class,49526,49714,49728,3.7524724441297074e-07,-5.3434118717765295e-08
14 March 2026,HEL1OS,B-Class,49730,49816,49885,3.793791080998955e-07,-5.3434118717765295e-08
14 March 2026,HEL1OS,B-Class,49886,49986,50092,3.4645970269995735e-07,-5.3434118717765295e-08
14 March 2026,HEL1OS,B-Class,53522,53798,53868,3.5642532106379555e-07,4.340175953079034e-09
14 March 2026,HEL1OS,B-Class,54206,54217,54370,4.291707958337394e-07,4.340175953079034e-09
14 March 2026,HEL1OS,B-Class,54477,54571,54633,3.732854687025855e-07,4.340175953079034e-09
14 March 2026,HEL1OS,B-Class,54634,54680,54931,4.3609262817270153e-07,4.340175953079034e-09
14 March 2026,HEL1OS,B-Class,55015,55139,55188,3.694559611689624e-07,1.044190514713282e-08
14 March 2026,HEL1OS,B-Class,56165,56217,56297,4.3567094751742805e-07,8.772373344119427e-09
14 March 2026,HEL1OS,B-Class,56358,56433,56515,3.1413388613609965e-07,8.772373344119427e-09
14 March 2026,HEL1OS,B-Class,57188,57251,57314,3.5322884012537927e-07,8.772373344119427e-09
14 March 2026,HEL1OS,B-Class,57503,57957,57970,3.8042269187985297e-07,1.5108706643744986e-08
14 March 2026,HEL1OS,B-Class,57972,58155,58215,3.512336940034257e-07,1.7469916068358163e-08
14 March 2026,HEL1OS,B-Class,58373,58421,58500,5.827626655880063e-07,1.7469916068358163e-08
14 March 2026,HEL1OS,B-Class,60615,60739,60794,3.4989685509150333e-07,1.6578015977347953e-08
14 March 2026,HEL1OS,B-Class,61021,61089,61179,3.1022954798259585e-07,1.6578015977347953e-08
14 March 2026,HEL1OS,B-Class,61218,61230,61364,4.797178683385409e-07,1.6578015977347953e-08
14 March 2026,HEL1OS,B-Class,61446,61574,61715,3.7650318535745444e-07,1.6578015977347953e-08
14 March 2026,HEL1OS,B-Class,66288,66416,66431,3.492345029831001e-07,3.4429163717260385e-08
14 March 2026,HEL1OS,B-Class,66432,66791,66803,4.964253210637906e-07,-1.0032359186975084e-08
14 March 2026,HEL1OS,B-Class,66897,66913,67040,4.4036808575182984e-07,-1.0032359186975084e-08
14 March 2026,HEL1OS,B-Class,67194,67211,67404,3.3370917180704643e-07,-1.0032359186975084e-08
14 March 2026,HEL1OS,B-Class,67984,68143,68173,3.716543634341054e-07,-5.015370613813153e-08
14 March 2026,HEL1OS,B-Class,68230,68384,68397,4.1304580847404733e-07,-5.015370613813153e-08
14 March 2026,HEL1OS,B-Class,68684,68839,68889,4.316098695520121e-07,-5.015370613813153e-08
14 March 2026,HEL1OS,B-Class,73240,73434,73452,3.611568409343586e-07,-4.1662453230861075e-09
14 March 2026,HEL1OS,B-Class,73591,73648,73751,3.529012033572531e-07,-4.1662453230861075e-09
14 March 2026,HEL1OS,B-Class,73782,73967,73992,4.336859136414043e-07,-4.1662453230861075e-09
14 March 2026,HEL1OS,B-Class,74023,74070,74271,3.247487106886324e-07,-1.0403478612599484e-08
14 March 2026,HEL1OS,B-Class,74515,74572,74723,4.0264536353522676e-07,-1.0403478612599484e-08
14 March 2026,HEL1OS,B-Class,74893,75198,75335,3.9112650419656803e-07,-1.0403478612599484e-08
14 March 2026,HEL1OS,B-Class,75456,75472,75682,4.2834563656586596e-07,1.460713924562597e-08
14 March 2026,HEL1OS,B-Class,75684,75701,75872,3.450237637779228e-07,1.460713924562597e-08
14 March 2026,HEL1OS,B-Class,76450,76538,76618,2.93475578926069e-07,1.2580645161289858e-08
14 March 2026,HEL1OS,B-Class,76697,76782,76853,3.3132470421679474e-07,1.2580645161289858e-08
14 March 2026,HEL1OS,B-Class,76854,76878,76978,3.401294367478896e-07,1.2580645161289858e-08
14 March 2026,HEL1OS,B-Class,77225,77343,77381,3.691252907270573e-07,1.2580645161289858e-08
14 March 2026,HEL1OS,B-Class,77385,77608,77625,7.477985640610512e-07,1.2580645161289858e-08
14 March 2026,HEL1OS,B-Class,77774,77929,77944,3.824855900495363e-07,1.4445343310748788e-08
14 March 2026,HEL1OS,B-Class,77945,78062,78238,3.7163009404387395e-07,1.4445343310748788e-08
14 March 2026,HEL1OS,B-Class,78293,78349,78501,3.536171503690844e-07,1.4445343310748788e-08
14 March 2026,HEL1OS,B-Class,78502,78636,78709,3.430073819395165e-07,-7.54980281120411e-09
14 March 2026,HEL1OS,B-Class,79135,79165,79303,3.8210233592879615e-07,-9.538881585599797e-09
14 March 2026,HEL1OS,B-Class,79350,79369,79555,3.6355647689350513e-07,-9.538881585599797e-09
14 March 2026,HEL1OS,B-Class,79748,79770,79881,2.781636161391346e-07,-9.538881585599797e-09
14 March 2026,HEL1OS,B-Class,79912,80085,80120,3.3263322884011353e-07,-9.538881585599797e-09
14 March 2026,HEL1OS,B-Class,80404,80539,80827,4.256810597633583e-07,-4.677520477297842e-08
14 March 2026,HEL1OS,B-Class,81042,81186,81392,3.297482050763357e-07,-4.677520477297842e-08
14 March 2026,HEL1OS,B-Class,82466,82561,82616,3.1356861158862264e-07,1.7509353827484484e-08
14 March 2026,HEL1OS,B-Class,82716,83016,83036,4.563059965618201e-07,1.7509353827484484e-08
14 March 2026,HEL1OS,B-Class,83258,83403,83415,6.10750328647971e-07,1.7509353827484484e-08
14 March 2026,HEL1OS,B-Class,83421,83671,83683,3.978511477398988e-07,1.7509353827484484e-08
14 March 2026,HEL1OS,B-Class,83936,83977,84176,3.359662250985824e-07,-3.561128526645643e-08
14 March 2026,HEL1OS,B-Class,84295,84663,84794,3.7536656891494265e-07,-3.561128526645643e-08
14 March 2026,HEL1OS,B-Class,85787,85810,86262,3.819850338760103e-07,3.9701612903225764e-08
14 May 2026,SoLEXS,B-Class,12713,13258,13296,9.116159368995528e-07,4.796743856810427e-08
14 May 2026,SoLEXS,C-Class,23945,24157,24461,2.8803144908483145e-06,1.1277985640610377e-07
14 May 2026,SoLEXS,B-Class,33417,33663,33847,8.42198402265113e-07,8.902214581858312e-08
14 May 2026,SoLEXS,C-Class,41559,41770,41996,1.534318940236572e-06,1.2877035089492917e-07
14 May 2026,SoLEXS,C-Class,61889,61988,62443,1.0044210739204819e-06,3.727778339569086e-08
14 May 2026,HEL1OS,B-Class,23961,24151,24235,6.123723328951142e-07,-2.4562645363534366e-09
14 May 2026,HEL1OS,B-Class,62098,62391,62422,2.820002022449085e-07,-4.1763575690159287e-10
14 May 2026,HEL1OS,B-Class,62517,62604,62698,7.083213671756244e-07,7.178481140661084e-08
15 January 2026,SoLEXS,C-Class,23390,23745,23854,5.042536151279019e-06,3.808352715137896e-07
15 January 2026,HEL1OS,B-Class,1591,1709,1745,3.335736677115868e-07,-4.524218829001749e-09
15 January 2026,HEL1OS,B-Class,1887,2068,2180,3.447163515016563e-07,-4.524218829001749e-09
15 January 2026,HEL1OS,B-Class,2268,2455,2480,3.940125391849389e-07,-1.0920214379613328e-08
15 January 2026,HEL1OS,B-Class,2748,2863,2952,3.46312063909382e-07,-1.0920214379613328e-08
15 January 2026,HEL1OS,B-Class,4814,4835,4948,2.785751845484783e-07,-5.545353422995049e-08
15 January 2026,HEL1OS,B-Class,5907,5936,6030,2.9949539892809123e-07,-6.320355951056506e-08
15 January 2026,HEL1OS,B-Class,6544,6590,6738,4.004520173930487e-07,-6.320355951056506e-08
15 January 2026,HEL1OS,B-Class,6853,6947,6994,3.6690868641924064e-07,-6.079482253008173e-08
15 January 2026,HEL1OS,B-Class,7132,7218,7334,3.804651633127582e-07,-7.012539184952728e-08
15 January 2026,HEL1OS,B-Class,7348,7509,7521,3.808848215188457e-07,-7.012539184952728e-08
15 January 2026,HEL1OS,B-Class,7713,7872,7946,3.7271109313377165e-07,-7.012539184952728e-08
15 January 2026,HEL1OS,B-Class,8691,8848,8876,2.6823136818686473e-07,-2.059965618363765e-08
15 January 2026,HEL1OS,B-Class,9768,9955,9968,3.9257356658912544e-07,-9.995247244412628e-08
15 January 2026,HEL1OS,B-Class,10191,10295,10317,3.121225604206583e-07,-6.751946607341251e-08
15 January 2026,HEL1OS,B-Class,10416,10518,10539,3.070411568409234e-07,-1.0999898877540309e-07
15 January 2026,HEL1OS,B-Class,10648,10691,10825,3.669926180604582e-07,-1.0999898877540309e-07
15 January 2026,HEL1OS,B-Class,11876,11912,12037,3.445535443421861e-07,-9.434320962685476e-08
15 January 2026,HEL1OS,B-Class,12386,12503,12520,2.831145717463748e-07,-9.01739306299897e-08
15 January 2026,HEL1OS,B-Class,12702,12732,12827,3.7230255839820695e-07,-9.01739306299897e-08
15 January 2026,HEL1OS,B-Class,12949,13110,13128,3.5939023157041897e-07,-9.01739306299897e-08
15 January 2026,HEL1OS,B-Class,13139,13240,13262,3.240317524522081e-07,-9.01739306299897e-08
15 January 2026,HEL1OS,B-Class,14577,14691,14706,3.5042370310444697e-07,-1.0225300839316048e-07
15 January 2026,HEL1OS,B-Class,14877,14895,15007,3.1656689250681447e-07,-3.484376580038302e-08
15 January 2026,HEL1OS,B-Class,15919,15931,16074,3.2935483870966564e-07,-1.3712205480836821e-08
15 January 2026,HEL1OS,B-Class,17381,17513,17536,2.8169380119323495e-07,-8.549196076448274e-08
15 January 2026,HEL1OS,B-Class,18376,18484,18507,3.4348670239659e-07,-1.7950854484780429e-07
15 January 2026,HEL1OS,B-Class,18595,18707,18728,2.8765800384264323e-07,-1.7950854484780429e-07
15 January 2026,HEL1OS,B-Class,19679,19697,19879,4.249529780564112e-07,-3.5291738295074064e-08
15 January 2026,HEL1OS,B-Class,20781,20899,20922,3.246748912933447e-07,-9.316513297603064e-08
15 January 2026,HEL1OS,B-Class,21337,21407,21528,3.966427343512853e-07,-9.316513297603064e-08
15 January 2026,HEL1OS,B-Class,21877,21890,22003,3.198675295783079e-07,-6.835473758721568e-08
15 January 2026,HEL1OS,B-Class,22198,22268,22331,3.3816563858831835e-07,-1.1317423399736678e-07
15 January 2026,HEL1OS,B-Class,22400,22523,22538,2.8809788654059035e-07,-1.1317423399736678e-07
15 January 2026,HEL1OS,C-Class,23220,23593,23987,1.9266589139447183e-06,-1.1317423399736678e-07
15 January 2026,HEL1OS,B-Class,24459,24475,24700,7.238072605925518e-07,-2.043482657498157e-08
15 January 2026,HEL1OS,B-Class,24701,24765,24826,4.96852057842029e-07,-6.372332895135783e-08
15 January 2026,HEL1OS,B-Class,24831,24932,24979,3.766589139447737e-07,-6.372332895135783e-08
15 January 2026,HEL1OS,B-Class,25046,25092,25173,3.6657093740518466e-07,-6.372332895135783e-08
15 January 2026,HEL1OS,B-Class,30037,30091,30163,2.997067448680245e-07,-1.0136110830215026e-07
15 January 2026,HEL1OS,B-Class,32223,32323,32376,2.9140155728586283e-07,-8.384669835170092e-08
15 January 2026,HEL1OS,B-Class,43601,43761,43780,4.1694205683080726e-07,-1.2948528668216752e-07
15 January 2026,HEL1OS,B-Class,45268,45406,45438,2.9814035797349525e-07,1.705025786227062e-08
15 January 2026,HEL1OS,B-Class,45446,45457,45573,2.775407017898576e-07,1.705025786227062e-08
15 January 2026,HEL1OS,B-Class,45741,45756,45867,3.004216806552629e-07,1.705025786227062e-08
15 January 2026,HEL1OS,B-Class,45892,45905,46034,3.82055819597519e-07,1.705025786227062e-08
15 January 2026,HEL1OS,B-Class,46128,46265,46467,5.16699362928488e-07,1.705025786227062e-08
15 January 2026,HEL1OS,B-Class,47411,47626,47948,4.4818788552936007e-07,-6.474871068864181e-09
15 January 2026,HEL1OS,B-Class,48342,48496,48595,3.706583072100181e-07,-6.474871068864181e-09
15 January 2026,HEL1OS,B-Class,53455,53578,53593,3.3948326423297403e-07,3.9223379512588366e-08
15 January 2026,HEL1OS,B-Class,53629,53667,53767,3.6824653655575585e-07,-4.341591667509203e-08
15 January 2026,HEL1OS,B-Class,53844,53898,53968,3.877348569117062e-07,-4.341591667509203e-08
15 January 2026,HEL1OS,B-Class,54547,54562,54697,3.013024572757502e-07,-4.341591667509203e-08
15 January 2026,HEL1OS,B-Class,54770,54825,54930,3.1894023662654337e-07,-9.135605217918575e-08
15 January 2026,HEL1OS,B-Class,55219,55239,55717,4.6056628577205356e-07,-9.135605217918575e-08
15 January 2026,HEL1OS,B-Class,56600,56786,56857,3.5794013550408265e-07,1.7818788552937e-08
15 January 2026,HEL1OS,B-Class,57065,57112,57199,4.1428152492667146e-07,1.7818788552937e-08
15 January 2026,HEL1OS,B-Class,61481,61589,61612,3.388209121245708e-07,-3.245019718879433e-09
15 January 2026,HEL1OS,B-Class,62412,62454,62552,4.0011730205277165e-07,-3.245019718879433e-09
15 January 2026,HEL1OS,B-Class,62586,62664,62719,2.9694407927999747e-07,-3.245019718879433e-09
15 January 2026,HEL1OS,B-Class,66073,66145,66200,3.0963393669732944e-07,2.4077257558902988e-08
15 January 2026,HEL1OS,B-Class,66680,66791,66906,3.975558701587481e-07,2.4077257558902988e-08
15 January 2026,HEL1OS,B-Class,66907,66973,67048,3.008969562139644e-07,2.4077257558902988e-08
15 January 2026,HEL1OS,B-Class,76557,76685,76731,3.461462230761328e-07,4.875113762766518e-09
15 January 2026,HEL1OS,B-Class,76732,76796,76877,3.3478208110020036e-07,4.875113762766518e-09
15 January 2026,HEL1OS,B-Class,77068,77105,77206,4.3240974820506094e-07,4.875113762766518e-09
15 January 2026,HEL1OS,B-Class,77237,77508,77555,3.1024471635149063e-07,4.875113762766518e-09
15 January 2026,HEL1OS,B-Class,80300,80311,80685,6.020406512286164e-07,1.023359288097852e-08
15 January 2026,HEL1OS,B-Class,80694,80855,80874,4.2514915562744974e-07,1.023359288097852e-08
15 January 2026,HEL1OS,B-Class,81122,81138,81311,3.689523713216574e-07,2.0527859237537369e-10
15 January 2026,HEL1OS,B-Class,81703,81721,81844,3.453342097279682e-07,-6.320153706137916e-09
15 January 2026,HEL1OS,B-Class,82270,82294,82511,3.350935382748389e-07,-6.320153706137916e-09
15 January 2026,HEL1OS,B-Class,82641,82662,82840,3.421802002224572e-07,-6.320153706137916e-09
15 January 2026,HEL1OS,B-Class,83863,83957,83990,2.892082111436847e-07,4.659722924461381e-09
15 January 2026,HEL1OS,B-Class,84084,84101,84326,4.2070178986751455e-07,4.659722924461381e-09
15 January 2026,HEL1OS,B-Class,84369,84412,84581,3.3528465972291253e-07,3.1358074628374078e-09
15 January 2026,HEL1OS,B-Class,85217,85232,85345,2.756395995550514e-07,3.1358074628374078e-09
15 January 2026,HEL1OS,B-Class,86073,86305,86383,3.358165638588211e-07,-9.03115835777128e-08
15 March 2026,SoLEXS,C-Class,34130,34717,34925,5.625105672969767e-06,3.9393265244209335e-08
15 March 2026,SoLEXS,B-Class,54300,54522,54705,3.421387400141449e-07,3.6699362928505115e-08
15 March 2026,HEL1OS,B-Class,43999,44047,44168,3.021417736879253e-07,-9.27474972191291e-08
15 March 2026,HEL1OS,B-Class,44618,44668,44917,4.1129335625440944e-07,-2.7003741530993104e-08
15 March 2026,HEL1OS,B-Class,45172,45186,45297,3.2661239761349834e-07,-2.7003741530993104e-08
15 March 2026,HEL1OS,B-Class,45298,45325,45425,3.186186672059751e-07,-2.7003741530993104e-08
15 March 2026,HEL1OS,B-Class,48265,48337,48643,3.616715542521865e-07,1.5416118920011574e-08
15 March 2026,HEL1OS,B-Class,48879,48925,49116,3.5338962483566336e-07,1.5416118920011574e-08
15 March 2026,HEL1OS,B-Class,49534,49553,49762,2.969481241783694e-07,-3.026797451713917e-08
15 March 2026,HEL1OS,B-Class,49970,50081,50094,3.4059561128525437e-07,-3.026797451713917e-08
15 March 2026,HEL1OS,B-Class,50096,50151,50293,3.681221559308191e-07,-3.026797451713917e-08
15 March 2026,HEL1OS,B-Class,50404,50445,50527,2.901102234806247e-07,-3.026797451713917e-08
15 March 2026,HEL1OS,B-Class,50636,50884,50903,4.01055718475059e-07,-3.026797451713917e-08
15 March 2026,HEL1OS,B-Class,50919,51220,51241,3.074416017797444e-07,1.9235514207704832e-08
15 March 2026,HEL1OS,B-Class,51302,51324,51475,3.443189402366143e-07,1.9235514207704832e-08
15 March 2026,HEL1OS,B-Class,52500,52707,52722,3.895813530184915e-07,1.1479421579532397e-08
15 March 2026,HEL1OS,B-Class,52723,52851,52953,3.1023966022852567e-07,1.1479421579532397e-08
15 March 2026,HEL1OS,B-Class,53102,53229,53276,4.113509960562094e-07,-8.586308019010715e-09
15 March 2026,HEL1OS,B-Class,53456,53572,53643,4.289129335625289e-07,-8.586308019010715e-09
15 March 2026,HEL1OS,B-Class,53660,53733,53784,3.78107998786517e-07,-8.586308019010715e-09
15 March 2026,HEL1OS,B-Class,53843,53975,54032,3.4703407826877115e-07,-8.586308019010715e-09
15 March 2026,HEL1OS,B-Class,59014,59151,59313,3.9713216705428865e-07,-2.021640206289744e-08
15 March 2026,HEL1OS,B-Class,59314,59354,59545,3.4356254424106373e-07,-2.021640206289744e-08
15 March 2026,HEL1OS,B-Class,59654,59686,59782,2.9324299726968313e-07,-2.021640206289744e-08
15 March 2026,HEL1OS,B-Class,59870,60112,60152,3.8546971382342644e-07,-2.021640206289744e-08
15 March 2026,HEL1OS,B-Class,63707,63951,63991,4.045575892405559e-07,1.7265648700575773e-08
15 March 2026,HEL1OS,B-Class,64397,64591,64613,3.4297300030335515e-07,1.7265648700575773e-08
15 March 2026,HEL1OS,B-Class,64614,64653,64792,3.727565982404559e-07,-1.4483769845282099e-08
15 March 2026,HEL1OS,B-Class,65006,65052,65128,3.8213671756495764e-07,-1.4483769845282099e-08
15 March 2026,HEL1OS,B-Class,65334,65413,65462,3.329770452017274e-07,-1.4483769845282099e-08
15 March 2026,HEL1OS,B-Class,66094,66134,66262,3.237384973202433e-07,1.3833552431994088e-09
15 March 2026,HEL1OS,B-Class,66370,66488,66550,3.3941146728687235e-07,1.3833552431994088e-09
15 March 2026,HEL1OS,B-Class,66639,66658,66763,4.640742238851083e-07,1.3833552431994088e-09
15 March 2026,HEL1OS,B-Class,66978,67074,67151,3.672181211446931e-07,1.3833552431994088e-09
15 March 2026,HEL1OS,B-Class,67789,67813,67953,4.101506724643397e-07,3.787137223177133e-08
15 March 2026,HEL1OS,B-Class,68088,68142,68229,3.339427646880253e-07,-1.696935989483204e-08
15 March 2026,HEL1OS,B-Class,68238,68256,68391,3.465486904641397e-07,-1.7897664071189564e-08
15 March 2026,HEL1OS,B-Class,69111,69188,69274,4.716948124178211e-07,-1.7897664071189564e-08
15 March 2026,HEL1OS,B-Class,69467,69646,69708,4.0589746182625714e-07,1.6916776215996922e-08
15 March 2026,HEL1OS,B-Class,69711,69843,69860,3.4229952472442907e-07,1.6916776215996922e-08
15 March 2026,HEL1OS,B-Class,70219,70290,70531,3.610547072504675e-07,1.6916776215996922e-08
15 March 2026,HEL1OS,B-Class,72817,72917,72946,3.5188694509049207e-07,2.8403276367680282e-08
15 March 2026,HEL1OS,B-Class,73612,73641,73786,3.106340378197887e-07,1.3144908484173853e-08
15 March 2026,HEL1OS,B-Class,73867,73915,74057,3.4616644756799257e-07,1.3144908484173853e-08
15 March 2026,HEL1OS,B-Class,74396,74467,74556,2.854403883102335e-07,1.3144908484173853e-08
15 March 2026,HEL1OS,B-Class,74612,74671,74819,3.67734856911707e-07,1.3144908484173853e-08
15 March 2026,HEL1OS,B-Class,74922,74956,75220,4.109647082616903e-07,1.5883304681969296e-08
15 March 2026,HEL1OS,B-Class,75518,75842,75970,4.07877439579316e-07,1.5883304681969296e-08
15 March 2026,HEL1OS,B-Class,79332,79420,79580,3.291252907270587e-07,2.0358984730507947e-08
15 March 2026,HEL1OS,B-Class,79630,79652,79781,2.8949641015268456e-07,2.0358984730507947e-08
15 March 2026,HEL1OS,B-Class,79890,80064,80176,3.603013449286958e-07,2.0358984730507947e-08
15 March 2026,HEL1OS,B-Class,80255,80423,80452,3.1882596824753637e-07,2.0358984730507947e-08
15 March 2026,HEL1OS,B-Class,82796,82914,82962,3.2874810395387644e-07,1.7595307917887917e-08
15 March 2026,HEL1OS,B-Class,82963,83024,83143,3.4838608554958817e-07,1.7595307917887917e-08
15 March 2026,HEL1OS,B-Class,83255,83360,83447,5.350773586813441e-07,1.7595307917887917e-08
15 March 2026,HEL1OS,B-Class,83450,83507,83629,3.8858226312062523e-07,1.7595307917887917e-08
15 March 2026,HEL1OS,B-Class,83717,83824,83855,4.4451815148142814e-07,1.7595307917887917e-08
15 March 2026,HEL1OS,B-Class,84634,84751,84998,4.064576802507692e-07,-1.0321569420567915e-08
15 March 2026,HEL1OS,B-Class,85320,85415,85463,3.465567802608835e-07,-1.0321569420567915e-08
15 March 2026,HEL1OS,B-Class,85464,85555,85663,3.533451309535722e-07,-1.0321569420567915e-08
15 March 2026,HEL1OS,B-Class,85755,85859,85908,2.9002123571644226e-07,-1.0321569420567915e-08
15 March 2026,HEL1OS,B-Class,85963,86096,86302,3.488279906967213e-07,-1.0321569420567915e-08
15 May 2026,SoLEXS,B-Class,10979,11281,11294,8.971220548083409e-07,9.407220143593556e-08
15 May 2026,SoLEXS,B-Class,34509,34575,34698,2.4322378400241827e-07,2.989382141773581e-08
15 May 2026,SoLEXS,C-Class,42415,42631,42964,1.963549398321297e-06,1.482556375771006e-08
15 May 2026,SoLEXS,C-Class,47533,47626,48075,3.7182404692080783e-06,2.3778946303973265e-08
15 May 2026,SoLEXS,B-Class,49669,49882,49985,2.413368389119137e-07,2.1474365456567138e-08
15 May 2026,SoLEXS,C-Class,58336,58489,59142,5.403390636060076e-06,1.9753261199311662e-08
15 May 2026,SoLEXS,B-Class,72283,72459,72584,1.6547274749721323e-07,1.4081302457275257e-08
15 May 2026,SoLEXS,B-Class,82127,82204,82448,2.3626453635351568e-07,2.1146728688440947e-08
15 May 2026,HEL1OS,B-Class,1368,1740,1952,4.961856608352539e-07,1.5377692385478277e-08
15 May 2026,HEL1OS,B-Class,1954,1968,2299,8.277864293659326e-07,1.5377692385478277e-08
15 May 2026,HEL1OS,B-Class,2409,2525,2553,4.033987258569984e-07,1.5377692385478277e-08
15 May 2026,HEL1OS,B-Class,4510,4592,4802,5.0925674992414e-07,1.2971989078773937e-08
15 May 2026,HEL1OS,B-Class,4827,4846,5007,3.69480230559194e-07,1.2971989078773937e-08
15 May 2026,HEL1OS,B-Class,5271,5305,5417,3.779775508140223e-07,1.2971989078773937e-08
15 May 2026,HEL1OS,B-Class,5472,5491,5666,5.47930023258146e-07,1.2971989078773937e-08
15 May 2026,HEL1OS,B-Class,6391,6541,6553,4.317109920113103e-07,2.0328647992718465e-08
15 May 2026,HEL1OS,B-Class,6600,6936,6949,5.167479017089511e-07,2.0328647992718465e-08
15 May 2026,HEL1OS,B-Class,7060,7118,7227,3.966134088380888e-07,1.7150369096975803e-08
15 May 2026,HEL1OS,B-Class,7228,7294,7384,3.8667205986448216e-07,1.7150369096975803e-08
15 May 2026,HEL1OS,B-Class,7385,7553,7594,4.6069875619373415e-07,1.7150369096975803e-08
15 May 2026,HEL1OS,B-Class,7596,7809,7849,5.072231772676531e-07,1.7150369096975803e-08
15 May 2026,HEL1OS,B-Class,7850,7900,8105,4.1844170290219963e-07,1.7150369096975803e-08
15 May 2026,HEL1OS,B-Class,8417,8561,8575,3.9904135908583875e-07,2.682475477803527e-08
15 May 2026,HEL1OS,B-Class,10999,11135,11172,8.550358984730203e-07,7.005763980179748e-08
15 May 2026,HEL1OS,B-Class,12013,12105,12410,3.991434927697299e-07,1.1762564465567389e-08
15 May 2026,HEL1OS,B-Class,12411,12428,12612,4.990898978662984e-07,-9.911012235817249e-09
15 May 2026,HEL1OS,B-Class,12620,12875,12971,5.20590555162283e-07,-9.911012235817249e-09
15 May 2026,HEL1OS,B-Class,15229,15545,15639,4.878966528465797e-07,1.6177571038527055e-08
15 May 2026,HEL1OS,B-Class,15641,15672,15764,4.6344018606530863e-07,1.6177571038527055e-08
15 May 2026,HEL1OS,B-Class,15767,15783,16045,8.003913439174554e-07,1.6177571038527055e-08
15 May 2026,HEL1OS,B-Class,16046,16300,16399,4.212175144099354e-07,1.6177571038527055e-08
15 May 2026,HEL1OS,B-Class,16400,16419,16552,4.1818990797854714e-07,2.3351198301141877e-08
15 May 2026,HEL1OS,B-Class,17927,18001,18063,5.103064010516553e-07,2.6934978258670285e-08
15 May 2026,HEL1OS,B-Class,18561,18573,18772,4.43737486095646e-07,1.1008190919202778e-08
15 May 2026,HEL1OS,B-Class,18773,18854,18912,4.2607442613002826e-07,1.1008190919202778e-08
15 May 2026,HEL1OS,B-Class,19030,19481,19515,3.857427444635316e-07,1.1008190919202778e-08
15 May 2026,HEL1OS,B-Class,19527,19612,19719,4.2429972696934474e-07,1.1008190919202778e-08
15 May 2026,HEL1OS,B-Class,19834,20059,20139,4.2879057538677815e-07,2.102942663565504e-08
15 May 2026,HEL1OS,B-Class,21720,21737,21897,4.1273435129940886e-07,3.079785620386178e-08
15 May 2026,HEL1OS,B-Class,21899,22175,22252,4.218161593689808e-07,3.079785620386178e-08
15 May 2026,HEL1OS,B-Class,22253,22323,22394,4.3701486500150125e-07,-3.422894124784989e-08
15 May 2026,HEL1OS,B-Class,22395,22425,22520,4.0132268176760633e-07,-3.422894124784989e-08
15 May 2026,HEL1OS,B-Class,22813,22906,23008,6.403569622812998e-07,-3.422894124784989e-08
15 May 2026,HEL1OS,B-Class,23283,23433,23475,3.823430073819259e-07,-2.6466781272119573e-08
15 May 2026,HEL1OS,B-Class,23643,23684,23770,3.3499342704013364e-07,-2.6466781272119573e-08
15 May 2026,HEL1OS,B-Class,23772,23791,23949,4.4532915360499977e-07,-2.6466781272119573e-08
15 May 2026,HEL1OS,B-Class,23953,24159,24173,3.778744059055381e-07,-2.6466781272119573e-08
15 May 2026,HEL1OS,B-Class,24651,25076,25253,4.2382950753360806e-07,3.5696228132266905e-08
15 May 2026,HEL1OS,B-Class,25271,25401,25537,3.795944989382006e-07,2.125088482151809e-08
15 May 2026,HEL1OS,B-Class,25596,25647,25887,3.67792496713507e-07,2.125088482151809e-08
15 May 2026,HEL1OS,B-Class,26440,26481,26568,4.4784406916774615e-07,-4.0347861259985984e-10
15 May 2026,HEL1OS,B-Class,26649,26954,26968,6.869905956112607e-07,-4.0347861259985984e-10
15 May 2026,HEL1OS,B-Class,26975,27017,27129,3.7807665082413456e-07,-4.0347861259985984e-10
15 May 2026,HEL1OS,B-Class,27215,27229,27438,3.5086965314995207e-07,-4.0347861259985984e-10
15 May 2026,HEL1OS,B-Class,27454,27584,27602,4.224592982101174e-07,-4.0347861259985984e-10
15 May 2026,HEL1OS,B-Class,27675,27691,27838,3.8217211042571195e-07,4.796440489432532e-08
15 May 2026,HEL1OS,B-Class,27839,27848,28045,6.006330265951853e-07,2.1634138942258308e-08
15 May 2026,HEL1OS,B-Class,28047,28107,28267,4.3844170290219897e-07,2.1634138942258308e-08
15 May 2026,HEL1OS,B-Class,28286,28311,28456,4.983031651329582e-07,2.1634138942258308e-08
15 May 2026,HEL1OS,B-Class,28457,28511,28624,3.3058347659013886e-07,2.1634138942258308e-08
15 May 2026,HEL1OS,B-Class,29234,29363,29651,3.6942865810495193e-07,4.3041763575688665e-08
15 May 2026,HEL1OS,B-Class,29654,29772,29853,4.144554555566644e-07,9.074729497421048e-09
15 May 2026,HEL1OS,B-Class,29863,29908,29986,3.178794620285052e-07,9.074729497421048e-09
15 May 2026,HEL1OS,B-Class,29989,30556,30681,6.100040448983502e-07,9.074729497421048e-09
15 May 2026,HEL1OS,B-Class,30970,30989,31155,3.7442916371724826e-07,2.3794114672867996e-08
15 May 2026,HEL1OS,B-Class,31160,31237,31323,3.461108302153784e-07,2.3794114672867996e-08
15 May 2026,HEL1OS,B-Class,31354,31385,31503,3.678026089594368e-07,2.3794114672867996e-08
15 May 2026,HEL1OS,B-Class,31713,31799,31841,4.3744665790270454e-07,4.379108099908835e-08
15 May 2026,HEL1OS,B-Class,31844,31877,31965,3.62206492061874e-07,1.3090302356152834e-08
15 May 2026,HEL1OS,B-Class,31968,32054,32129,4.6032156942055187e-07,7.82384467590223e-09
15 May 2026,HEL1OS,B-Class,32314,32457,32507,4.956476893517872e-07,7.82384467590223e-09
15 May 2026,HEL1OS,B-Class,32517,32530,32768,3.819314389725822e-07,7.82384467590223e-09
15 May 2026,HEL1OS,B-Class,32769,32846,33124,4.768692486601103e-07,7.82384467590223e-09
15 May 2026,HEL1OS,B-Class,33155,33297,33384,3.631873799170666e-07,-6.711497623622001e-09
15 May 2026,HEL1OS,B-Class,33440,33455,33665,3.5194256244310606e-07,-6.711497623622001e-09
15 May 2026,HEL1OS,B-Class,33933,33965,34077,3.340893922540077e-07,-2.0670441905146393e-08
15 May 2026,HEL1OS,B-Class,34078,34163,34240,3.549256749924031e-07,-2.0670441905146393e-08
15 May 2026,HEL1OS,B-Class,34241,34347,34379,3.516321164930606e-07,-2.0670441905146393e-08
15 May 2026,HEL1OS,B-Class,34410,34486,34653,3.9328546870258484e-07,-2.0670441905146393e-08
15 May 2026,HEL1OS,B-Class,34657,34855,34878,3.203377490140446e-07,-2.0670441905146393e-08
15 May 2026,HEL1OS,B-Class,35135,35466,35501,3.6815148144401557e-07,1.9089897866315425e-08
15 May 2026,HEL1OS,B-Class,35688,35764,35811,3.708302153908251e-07,1.9089897866315425e-08
15 May 2026,HEL1OS,B-Class,36070,36189,36221,3.746607341490411e-07,4.6536555769034225e-09
15 May 2026,HEL1OS,B-Class,36610,36628,36894,4.569016078470865e-07,4.6536555769034225e-09
15 May 2026,HEL1OS,B-Class,36995,37069,37132,3.411699868540681e-07,4.6536555769034225e-09
15 May 2026,HEL1OS,B-Class,37136,37268,37288,4.138992820305242e-07,4.6536555769034225e-09
15 May 2026,HEL1OS,B-Class,37314,37455,37596,3.1982606936999564e-07,2.0684599049448176e-08
15 May 2026,HEL1OS,B-Class,37734,37940,38132,5.283203559510379e-07,-3.121650318535632e-08
15 May 2026,HEL1OS,B-Class,38224,38235,38457,4.849843260187914e-07,-3.121650318535632e-08
15 May 2026,HEL1OS,B-Class,38594,38657,38817,4.5243401759529184e-07,-3.121650318535632e-08
15 May 2026,HEL1OS,B-Class,40050,40215,40227,4.3600768530689107e-07,-3.9628880574374165e-08
15 May 2026,HEL1OS,B-Class,40376,40519,40533,3.236454646576889e-07,-3.9628880574374165e-08
15 May 2026,HEL1OS,B-Class,40591,40604,40739,6.647517443623992e-07,-7.155627464859685e-08
15 May 2026,HEL1OS,B-Class,40905,40924,41074,5.293002325816375e-07,-7.155627464859685e-08
15 May 2026,HEL1OS,B-Class,41248,41427,41531,4.152280311457027e-07,-7.155627464859685e-08
15 May 2026,HEL1OS,B-Class,41532,41564,41677,3.8166346445544195e-07,-7.155627464859685e-08
15 May 2026,HEL1OS,C-Class,42406,42563,42899,2.0039508544847095e-06,5.213570634037633e-08
15 May 2026,HEL1OS,B-Class,43223,43624,43685,3.5662352108402e-07,-2.5881686722620174e-07
15 May 2026,HEL1OS,B-Class,43686,43830,43835,3.456487005763857e-07,-2.5881686722620174e-07
15 May 2026,HEL1OS,B-Class,46778,46792,46934,3.333683891192115e-07,1.6080493477600802e-08
15 May 2026,HEL1OS,C-Class,47136,47557,47815,9.383336029931914e-06,1.6080493477600802e-08
15 May 2026,HEL1OS,B-Class,51847,52104,52228,4.599160683587661e-07,-4.4353321872786375e-08
15 May 2026,HEL1OS,B-Class,52447,52492,52596,4.2281524926684714e-07,-4.4353321872786375e-08
15 May 2026,HEL1OS,B-Class,52627,52639,53052,3.850682576600125e-07,-4.4353321872786375e-08
15 May 2026,HEL1OS,B-Class,54039,54426,54499,4.6334715340275424e-07,7.203964000404236e-09
15 May 2026,HEL1OS,B-Class,54511,54613,54791,4.253342097279654e-07,7.203964000404236e-09
15 May 2026,HEL1OS,B-Class,54792,54817,55114,3.8291333805236783e-07,7.203964000404236e-09
15 May 2026,HEL1OS,B-Class,56096,56363,56487,3.5350187076548436e-07,1.3861866720598145e-08
15 May 2026,HEL1OS,B-Class,56489,56605,56695,4.630538982707894e-07,1.3861866720598145e-08
15 May 2026,HEL1OS,B-Class,56821,56947,57057,4.0841237738900357e-07,-3.5732632217614273e-08
15 May 2026,HEL1OS,B-Class,57058,57277,57335,4.30539993932637e-07,-3.5732632217614273e-08
15 May 2026,HEL1OS,B-Class,57360,57390,57736,5.56787339468076e-07,-3.5732632217614273e-08
15 May 2026,HEL1OS,C-Class,58325,58410,58942,6.516139144503761e-06,8.00313479623796e-08
15 May 2026,HEL1OS,B-Class,59277,59387,59481,3.4613509960561004e-07,-2.847203964000302e-08
15 May 2026,HEL1OS,B-Class,59623,59642,59762,4.266862170087824e-07,-2.847203964000302e-08
15 May 2026,HEL1OS,B-Class,59832,59843,59994,4.1235514207704064e-07,8.994842754575441e-09
15 May 2026,HEL1OS,B-Class,60383,60630,60648,4.271776721609717e-07,2.550712913337964e-08
15 May 2026,HEL1OS,B-Class,61402,61422,61594,3.5703812316714273e-07,1.5673981191222025e-08
15 May 2026,HEL1OS,B-Class,61712,61921,61998,5.229335625442225e-07,-3.866316108807631e-08
15 May 2026,HEL1OS,B-Class,62010,62123,62156,4.2439983820405e-07,-3.866316108807631e-08
15 May 2026,HEL1OS,B-Class,62168,62184,62527,3.9080291232681385e-07,-3.866316108807631e-08
15 May 2026,HEL1OS,B-Class,62529,62546,62931,4.1478208110019753e-07,-3.866316108807631e-08
15 May 2026,HEL1OS,B-Class,62962,63190,63215,4.06466781272106e-07,2.045505106684123e-08
15 May 2026,HEL1OS,B-Class,63319,63636,63716,5.433329962584497e-07,2.045505106684123e-08
15 May 2026,HEL1OS,B-Class,64554,64656,64735,4.297674183435988e-07,3.804024673879936e-08
15 May 2026,HEL1OS,B-Class,64938,64993,65089,4.420851451107133e-07,-1.0721003134795849e-08
15 May 2026,HEL1OS,B-Class,65170,65290,65333,4.977773283446076e-07,-1.0721003134795849e-08
15 May 2026,HEL1OS,B-Class,65371,65530,65682,4.760279097987493e-07,-1.0721003134795849e-08
15 May 2026,HEL1OS,B-Class,65818,65838,65950,3.659894832642199e-07,2.0683587824855182e-08
15 May 2026,HEL1OS,B-Class,65952,66030,66128,4.03540297300016e-07,2.0683587824855182e-08
15 May 2026,HEL1OS,B-Class,66130,66141,66258,4.721266053190245e-07,2.0683587824855182e-08
15 May 2026,HEL1OS,B-Class,66271,66390,66592,4.891718070583302e-07,2.0683587824855182e-08
15 May 2026,HEL1OS,B-Class,66614,66629,66773,4.0304985337241963e-07,2.0683587824855182e-08
15 May 2026,HEL1OS,B-Class,67579,67674,67784,3.703478612599726e-07,1.961472343007314e-08
15 May 2026,HEL1OS,B-Class,67785,67905,67975,3.486479927191705e-07,1.961472343007314e-08
15 May 2026,HEL1OS,B-Class,67976,68082,68099,3.6419253716249075e-07,1.3929618768327966e-08
15 May 2026,HEL1OS,B-Class,68246,68325,68502,4.904580847406034e-07,1.3929618768327966e-08
15 May 2026,HEL1OS,B-Class,68512,68551,68800,3.966922843563414e-07,1.3929618768327966e-08
15 May 2026,HEL1OS,B-Class,68801,68953,68999,3.310081909191913e-07,1.3929618768327966e-08
15 May 2026,HEL1OS,B-Class,69526,69721,69757,5.654858934169077e-07,4.9740115279601845e-08
15 May 2026,HEL1OS,B-Class,70133,70239,70288,4.121913236929775e-07,4.205683082212412e-09
15 May 2026,HEL1OS,B-Class,70289,70339,70747,4.215967236323036e-07,4.205683082212412e-09
15 May 2026,HEL1OS,B-Class,71156,71608,71752,4.3012235817573553e-07,3.01587622610971e-08
15 May 2026,HEL1OS,B-Class,71797,72119,72371,4.867741935483697e-07,4.1217514409949e-09
15 May 2026,HEL1OS,B-Class,76077,76458,76472,3.7165739710788443e-07,1.2324805339265409e-08
15 May 2026,HEL1OS,B-Class,76677,76696,76823,3.8275457579126963e-07,1.2324805339265409e-08
15 May 2026,HEL1OS,B-Class,76826,77031,77182,4.451056729699507e-07,1.2324805339265409e-08
15 May 2026,HEL1OS,B-Class,78909,79047,79072,4.0326928910909673e-07,9.97269693598913e-09
15 May 2026,HEL1OS,B-Class,79555,79667,79681,3.4818687430477065e-07,9.97269693598913e-09
15 May 2026,HEL1OS,B-Class,79936,79957,80114,3.494802305591947e-07,9.97269693598913e-09
15 May 2026,HEL1OS,B-Class,80446,80559,80648,4.471837395085289e-07,1.8180806957224555e-08
15 May 2026,HEL1OS,B-Class,80649,80932,80946,3.764920618869316e-07,1.8180806957224555e-08
15 May 2026,HEL1OS,B-Class,81154,81189,81343,4.1521690767517985e-07,1.8180806957224555e-08
15 May 2026,HEL1OS,B-Class,81495,81538,81619,3.279209222368172e-07,1.762362220649147e-08
15 May 2026,HEL1OS,B-Class,81746,82001,82026,4.662250985943812e-07,1.762362220649147e-08
15 May 2026,HEL1OS,B-Class,82142,82182,82332,4.841530994033602e-07,4.8326423298613106e-09
15 May 2026,HEL1OS,B-Class,82427,82467,82582,3.6839619779551726e-07,4.8326423298613106e-09
15 May 2026,HEL1OS,B-Class,82657,82762,82812,3.3302356153300464e-07,4.8326423298613106e-09
15 May 2026,HEL1OS,B-Class,83051,83225,83240,3.610051572454113e-07,4.8326423298613106e-09
15 May 2026,HEL1OS,B-Class,83321,83411,83469,3.962139751238609e-07,1.989382141773616e-08
15 May 2026,HEL1OS,B-Class,83470,83481,83652,3.634958034179261e-07,1.989382141773616e-08
15 May 2026,HEL1OS,B-Class,85672,85713,85796,3.160491455152077e-07,2.5503084235007697e-08
15 May 2026,HEL1OS,B-Class,85910,85966,86102,3.721458185862947e-07,-1.4786656891495586e-07
15 May 2026,HEL1OS,B-Class,86110,86140,86331,3.9317423399735675e-07,-1.4786656891495586e-07
16 February 2026,SoLEXS,M-Class,15045,15975,15976,1.2148639902922007e-05,2.508848215188504e-08
16 February 2026,HEL1OS,C-Class,15144,15743,15801,1.0404631408635486e-06,-4.1055718475071847e-10
16 January 2026,SoLEXS,C-Class,32129,32744,32762,3.229031246839808e-06,9.912225705328799e-08
16 January 2026,SoLEXS,C-Class,83011,83422,83557,2.5635615330163914e-06,1.7305996561835766e-07
16 January 2026,HEL1OS,B-Class,32131,32809,33071,5.365244210739014e-07,-1.2316715542521557e-09
16 January 2026,HEL1OS,C-Class,43183,43201,43353,3.1035271513802106e-06,-3.3378299120233416e-07
16 January 2026,HEL1OS,B-Class,44442,44466,44633,3.6456669026189417e-07,-4.413691980988822e-08
16 January 2026,HEL1OS,B-Class,44738,44874,44889,3.4037516432398424e-07,-4.799271918292883e-08
16 January 2026,HEL1OS,B-Class,45137,45148,45397,3.5759227424409685e-07,-4.799271918292883e-08
16 January 2026,HEL1OS,B-Class,45398,45444,45736,4.1122560420667964e-07,-4.799271918292883e-08
16 January 2026,HEL1OS,B-Class,48555,48572,48694,3.4821215491959524e-07,2.63494792193337e-08
16 January 2026,HEL1OS,B-Class,48695,48800,48945,5.279168773384379e-07,1.3305693194457997e-08
16 January 2026,HEL1OS,B-Class,48972,48993,49099,2.692425927798468e-07,-1.0078875518252282e-08
16 January 2026,HEL1OS,B-Class,49600,49706,49893,4.1663262210535473e-07,-1.0078875518252282e-08
16 January 2026,HEL1OS,B-Class,52855,52954,53088,3.910557184750594e-07,1.2041662453230417e-08
16 January 2026,HEL1OS,B-Class,53099,53244,53264,3.1835574881179975e-07,1.2041662453230417e-08
16 January 2026,HEL1OS,B-Class,53265,53321,53454,3.055030842349977e-07,1.2041662453230417e-08
16 January 2026,HEL1OS,B-Class,53756,53787,53882,3.067307108908779e-07,1.2041662453230417e-08
16 January 2026,HEL1OS,B-Class,53883,53914,54048,3.0720699767417244e-07,1.2041662453230417e-08
16 January 2026,HEL1OS,B-Class,61047,61238,61268,3.0641419759327456e-07,-1.4915562746485476e-08
16 January 2026,HEL1OS,B-Class,63397,63550,63627,3.2146728688440556e-07,-5.436343411871567e-09
16 January 2026,HEL1OS,B-Class,64052,64122,64362,3.4536758013953665e-07,-5.436343411871567e-09
16 January 2026,HEL1OS,B-Class,68071,68228,68380,3.1995853979167634e-07,2.7192840529880723e-08
16 January 2026,HEL1OS,B-Class,68381,68499,68576,3.008484174335012e-07,1.4612195368590865e-08
16 January 2026,HEL1OS,B-Class,68769,68943,68987,3.46083527151368e-07,1.4612195368590865e-08
16 January 2026,HEL1OS,C-Class,68988,69247,69308,1.191218525634501e-06,1.4612195368590865e-08
16 January 2026,HEL1OS,B-Class,69517,69571,70035,6.855384770957385e-07,3.972899180907937e-08
16 January 2026,HEL1OS,B-Class,70228,70360,70393,3.3355546566891313e-07,9.687531600768037e-10
16 January 2026,HEL1OS,B-Class,70402,70474,70526,3.1271210435836684e-07,9.687531600768037e-10
16 January 2026,HEL1OS,B-Class,70528,70539,70819,3.617261603802075e-07,9.687531600768037e-10
16 January 2026,HEL1OS,B-Class,73812,73842,73937,3.810739205177334e-07,3.122762665587916e-08
16 January 2026,HEL1OS,B-Class,78249,78369,78388,3.786661947618431e-07,9.239559106077162e-09
16 January 2026,HEL1OS,B-Class,78399,78413,78524,3.3028617655980214e-07,9.239559106077162e-09
16 January 2026,HEL1OS,B-Class,78525,78595,78802,3.475113762766587e-07,9.239559106077162e-09
16 January 2026,HEL1OS,B-Class,78931,78956,79150,4.507472949741977e-07,9.239559106077162e-09
16 January 2026,HEL1OS,C-Class,83262,83396,83919,2.564204671857528e-06,7.296794418039989e-08
16 January 2026,HEL1OS,B-Class,83921,83982,84044,3.5809788654058793e-07,-1.4238042269187539e-09
16 January 2026,HEL1OS,B-Class,84259,84493,84553,5.509060572352924e-07,-1.4238042269187539e-09
16 January 2026,HEL1OS,B-Class,85808,85976,86102,3.452007280816946e-07,1.0700146627566456e-08
16 January 2026,HEL1OS,B-Class,86107,86370,86389,3.5972494691069604e-07,1.0700146627566456e-08
16 May 2026,SoLEXS,C-Class,54687,54756,55180,1.6189129335624863e-06,4.3121650318534206e-08
16 May 2026,SoLEXS,M-Class,57519,58309,58473,1.0332052785923385e-05,4.705834765901338e-08
16 May 2026,SoLEXS,M-Class,63639,63705,63999,1.3835263424005979e-05,4.7394984326017114e-07
16 May 2026,SoLEXS,C-Class,72135,72235,72466,1.273256143189357e-06,1.549074729497366e-07
16 May 2026,SoLEXS,C-Class,84006,84615,84658,2.6306805541509832e-06,5.513499848316114e-08
16 May 2026,SoLEXS,C-Class,84744,84752,84994,2.4635504095458725e-06,4.768105976337175e-07
16 May 2026,HEL1OS,B-Class,3108,3356,3375,3.630943472545123e-07,4.366063302659367e-08
16 May 2026,HEL1OS,B-Class,3750,3979,4017,4.0323490747293534e-07,2.0651228637879744e-08
16 May 2026,HEL1OS,B-Class,4018,4117,4201,3.9620386287793106e-07,2.0651228637879744e-08
16 May 2026,HEL1OS,B-Class,6045,6098,6176,3.1947315198704494e-07,2.8933158054402857e-08
16 May 2026,HEL1OS,B-Class,6345,6422,6468,3.160339771463129e-07,1.860046516331211e-08
16 May 2026,HEL1OS,B-Class,6470,6489,6642,3.918333501870625e-07,1.860046516331211e-08
16 May 2026,HEL1OS,B-Class,6648,6699,6784,3.583274345231949e-07,1.860046516331211e-08
16 May 2026,HEL1OS,B-Class,6785,6849,6916,3.0808777429465987e-07,1.860046516331211e-08
16 May 2026,HEL1OS,B-Class,7097,7129,7225,3.21158863383546e-07,1.860046516331211e-08
16 May 2026,HEL1OS,B-Class,7294,7306,7506,4.951906158357595e-07,1.860046516331211e-08
16 May 2026,HEL1OS,B-Class,9060,9235,9266,3.6757204975223685e-07,2.74486803519052e-08
16 May 2026,HEL1OS,B-Class,9440,9517,9571,3.3532510870663175e-07,2.74486803519052e-08
16 May 2026,HEL1OS,B-Class,9681,9830,9843,3.8140762463341747e-07,2.5927798564059995e-09
16 May 2026,HEL1OS,B-Class,10102,10113,10534,3.722894124784982e-07,2.5927798564059995e-09
16 May 2026,HEL1OS,B-Class,10535,10606,10660,3.2776114875112595e-07,2.5927798564059995e-09
16 May 2026,HEL1OS,B-Class,11859,11878,12087,3.914207705531259e-07,-1.2273334007482624e-07
16 May 2026,HEL1OS,B-Class,12088,12152,12286,5.363585802406523e-07,-1.2273334007482624e-07
16 May 2026,HEL1OS,B-Class,12554,12703,12949,3.6687632723226525e-07,-1.2273334007482624e-07
16 May 2026,HEL1OS,B-Class,13245,13428,13668,3.735837799575152e-07,2.178784508039161e-08
16 May 2026,HEL1OS,B-Class,13669,13804,13826,3.322863788047207e-07,5.7427444635451646e-09
16 May 2026,HEL1OS,B-Class,14150,14263,14282,3.5759328546868987e-07,5.7427444635451646e-09
16 May 2026,HEL1OS,B-Class,14545,14683,14695,3.9619880675496615e-07,5.7427444635451646e-09
16 May 2026,HEL1OS,B-Class,14799,14809,15029,4.696228132268009e-07,3.714430174941724e-08
16 May 2026,HEL1OS,B-Class,15197,15287,15339,3.1334715340275954e-07,-2.5988472039638626e-10
16 May 2026,HEL1OS,B-Class,15450,15488,15576,3.789978764283412e-07,-2.5988472039638626e-10
16 May 2026,HEL1OS,B-Class,15778,15808,15938,4.961229649104889e-07,-2.5988472039638626e-10
16 May 2026,HEL1OS,B-Class,15946,15988,16291,4.352624127818633e-07,-2.5988472039638626e-10
16 May 2026,HEL1OS,B-Class,16493,16850,16899,4.0153503893213253e-07,1.2508848215188112e-09
16 May 2026,HEL1OS,B-Class,17355,17505,17526,3.1576600262917266e-07,-3.456770148649893e-08
16 May 2026,HEL1OS,B-Class,17574,17789,17864,3.689412478511346e-07,-3.456770148649893e-08
16 May 2026,HEL1OS,B-Class,18121,18359,18486,3.618930124380496e-07,-3.456770148649893e-08
16 May 2026,HEL1OS,B-Class,18758,18826,18994,4.659652138739848e-07,1.1807058347658626e-08
16 May 2026,HEL1OS,B-Class,19065,19145,19198,3.7719385175446124e-07,-2.0412579633935972e-08
16 May 2026,HEL1OS,B-Class,19199,19298,19355,3.435210840327514e-07,-2.0412579633935972e-08
16 May 2026,HEL1OS,B-Class,19746,19888,20064,4.347214076246179e-07,-2.0412579633935972e-08
16 May 2026,HEL1OS,B-Class,20068,20340,20353,5.369946405096381e-07,-2.0412579633935972e-08
16 May 2026,HEL1OS,B-Class,20641,20768,20782,3.263868945292633e-07,-1.2750530892910907e-08
16 May 2026,HEL1OS,B-Class,20988,21131,21173,3.8515522297500906e-07,1.9181919304276827e-08
16 May 2026,HEL1OS,B-Class,21199,21314,21331,3.958317322277137e-07,-2.611588633835482e-08
16 May 2026,HEL1OS,B-Class,21340,21505,21559,3.4701082010313255e-07,-2.611588633835482e-08
16 May 2026,HEL1OS,B-Class,21782,21882,21969,3.0247851147738834e-07,-4.258469005966072e-08
16 May 2026,HEL1OS,B-Class,22057,22069,22246,3.5937405197693127e-07,-4.258469005966072e-08
16 May 2026,HEL1OS,B-Class,22247,22473,22483,5.666457680250582e-07,-4.258469005966072e-08
16 May 2026,HEL1OS,B-Class,23058,23168,23204,3.9452523005358085e-07,9.599555061178788e-09
16 May 2026,HEL1OS,B-Class,23295,23468,23523,3.1540095055110614e-07,9.599555061178788e-09
16 May 2026,HEL1OS,B-Class,23586,23897,23909,4.5339468095862466e-07,-1.0326119931236356e-07
16 May 2026,HEL1OS,B-Class,24079,24090,24311,4.1769238547879993e-07,-1.0326119931236356e-07
16 May 2026,HEL1OS,B-Class,24317,24386,24483,4.165163312771618e-07,-1.0326119931236356e-07
16 May 2026,HEL1OS,B-Class,24552,24734,24784,3.720012134694983e-07,-1.0326119931236356e-07
16 May 2026,HEL1OS,B-Class,25015,25061,25181,3.783082212559274e-07,-1.893012438062431e-09
16 May 2026,HEL1OS,B-Class,25310,25322,25461,3.2544342198401104e-07,-1.893012438062431e-09
16 May 2026,HEL1OS,B-Class,25509,25558,25641,4.092982101324558e-07,-1.893012438062431e-09
16 May 2026,HEL1OS,B-Class,25960,26025,26084,3.7302457275759617e-07,5.5142077055312184e-09
16 May 2026,HEL1OS,B-Class,26194,26450,26625,3.8829103043784644e-07,5.5142077055312184e-09
16 May 2026,HEL1OS,B-Class,26635,26731,26759,3.7307816766102417e-07,2.0257862271209703e-08
16 May 2026,HEL1OS,B-Class,26816,26854,27063,4.6561634138940606e-07,-5.3833552431993255e-08
16 May 2026,HEL1OS,B-Class,27064,27321,27334,4.017160481342763e-07,-5.3833552431993255e-08
16 May 2026,HEL1OS,B-Class,27587,27661,27828,4.165911618970425e-07,-5.3833552431993255e-08
16 May 2026,HEL1OS,B-Class,27857,28157,28172,5.311103246030754e-07,-5.3833552431993255e-08
16 May 2026,HEL1OS,B-Class,28894,28990,29045,4.338204065122709e-07,-1.4280513702092733e-08
16 May 2026,HEL1OS,B-Class,29296,29338,29444,3.216209930225388e-07,8.079684497926719e-09
16 May 2026,HEL1OS,B-Class,29649,29804,29835,3.357326322176035e-07,-1.2185256345433537e-09
16 May 2026,HEL1OS,B-Class,30534,30701,30792,3.610931337850008e-07,-8.16766103751612e-09
16 May 2026,HEL1OS,B-Class,30911,31058,31071,3.4774901405600936e-07,-8.16766103751612e-09
16 May 2026,HEL1OS,B-Class,31268,31321,31449,4.240833249064466e-07,-8.16766103751612e-09
16 May 2026,HEL1OS,B-Class,31581,31675,31736,3.5215188593385334e-07,-8.16766103751612e-09
16 May 2026,HEL1OS,B-Class,31747,31895,32019,4.27894630397396e-07,1.3544342198401813e-08
16 May 2026,HEL1OS,B-Class,32165,32243,32311,3.193386591161783e-07,-3.114773991303357e-08
16 May 2026,HEL1OS,B-Class,32423,32435,32569,4.242956820709729e-07,-3.114773991303357e-08
16 May 2026,HEL1OS,B-Class,32966,33102,33123,3.355688138335404e-07,-3.114773991303357e-08
16 May 2026,HEL1OS,B-Class,34681,34737,34808,3.4652340984931516e-07,-2.9742137728788494e-08
16 May 2026,HEL1OS,B-Class,35204,35580,35740,3.4106684194558396e-07,-2.9742137728788494e-08
16 May 2026,HEL1OS,B-Class,35781,35910,35973,4.203620184042726e-07,-2.9742137728788494e-08
16 May 2026,HEL1OS,B-Class,36054,36064,36339,3.927343512994096e-07,2.603498837091626e-08
16 May 2026,HEL1OS,B-Class,36447,36520,36577,4.1755890383252627e-07,-3.780159773485556e-08
16 May 2026,HEL1OS,B-Class,36582,36598,36767,3.7256345434319634e-07,-3.780159773485556e-08
16 May 2026,HEL1OS,B-Class,37410,37441,37535,3.348821923349056e-07,2.3231873799169943e-08
16 May 2026,HEL1OS,B-Class,38508,38522,38647,3.788148447770115e-07,-6.547679239558872e-08
16 May 2026,HEL1OS,B-Class,38800,38925,38948,3.11235716452613e-07,-6.547679239558872e-08
16 May 2026,HEL1OS,B-Class,39033,39050,39160,3.5337243401758275e-07,-6.547679239558872e-08
16 May 2026,HEL1OS,B-Class,39450,39551,39656,3.741864698149325e-07,-4.699362928506254e-08
16 May 2026,HEL1OS,B-Class,40424,40436,40552,3.991293356254282e-07,-7.647790474264061e-08
16 May 2026,HEL1OS,B-Class,40691,40848,40883,3.450045505106561e-07,-7.647790474264061e-08
16 May 2026,HEL1OS,B-Class,41001,41046,41141,3.2354029730001877e-07,-7.647790474264061e-08
16 May 2026,HEL1OS,B-Class,41142,41453,41469,4.4499342704012973e-07,-7.647790474264061e-08
16 May 2026,HEL1OS,B-Class,41471,41598,41614,3.834836687228097e-07,-1.3210638082717693e-08
16 May 2026,HEL1OS,B-Class,54691,54728,54827,5.302214581858443e-07,-5.893416927899473e-09
16 May 2026,HEL1OS,C-Class,57742,58170,58389,1.7713782991201716e-06,-1.5047021943573135e-09
16 May 2026,HEL1OS,C-Class,63618,63681,63974,6.590979876630365e-06,-9.850338760238299e-09
16 May 2026,HEL1OS,B-Class,84273,84427,84701,5.712306603296388e-07,-4.358377995752702e-10
17 January 2026,SoLEXS,C-Class,3153,3228,3359,1.3996157346546167e-06,1.581949641015213e-07
17 January 2026,SoLEXS,B-Class,13863,14442,14459,4.045039943371279e-07,2.2495702295479016e-08
17 January 2026,HEL1OS,B-Class,681,983,1038,3.624390737182599e-07,3.923551420770408e-09
17 January 2026,HEL1OS,B-Class,1241,1364,1383,3.70496511275141e-07,3.923551420770408e-09
17 January 2026,HEL1OS,B-Class,2186,2199,2358,3.057215087470818e-07,2.8546870259883687e-08
17 January 2026,HEL1OS,B-Class,2870,2913,2999,3.327646880372012e-07,-8.174739609667013e-08
17 January 2026,HEL1OS,C-Class,3001,3175,3463,1.2579320457073068e-06,-8.174739609667013e-08
17 January 2026,HEL1OS,B-Class,3473,3494,3644,3.3800889877640625e-07,-1.3378501365152764e-09
17 January 2026,HEL1OS,B-Class,3669,3752,3814,4.363292547274594e-07,-3.3724340175952017e-09
17 January 2026,HEL1OS,B-Class,3947,4001,4176,4.675629487308964e-07,-3.3724340175952017e-09
17 January 2026,HEL1OS,B-Class,4377,4388,4534,3.932288401253778e-07,-1.0348164627363369e-07
17 January 2026,HEL1OS,B-Class,4552,4637,4724,3.61079987865292e-07,-1.0348164627363369e-07
17 January 2026,HEL1OS,B-Class,5211,5232,5425,3.8466376782281973e-07,-1.0348164627363369e-07
17 January 2026,HEL1OS,B-Class,5895,5969,6021,4.5679138436645143e-07,-7.59419557083601e-08
17 January 2026,HEL1OS,B-Class,6586,6607,6726,3.017443624228833e-07,-9.468196986550374e-08
17 January 2026,HEL1OS,B-Class,7162,7244,7302,3.877449691576361e-07,-9.468196986550374e-08
17 January 2026,HEL1OS,B-Class,7902,7990,8028,3.1444028718777316e-07,-2.854990393366264e-08
17 January 2026,HEL1OS,B-Class,8271,8384,8412,4.084143998381894e-07,-5.3433107493172324e-08
17 January 2026,HEL1OS,B-Class,8586,8634,8742,4.6140863585800755e-07,-5.3433107493172324e-08
17 January 2026,HEL1OS,C-Class,9099,9357,9894,1.1298564061077564e-06,-5.3433107493172324e-08
17 January 2026,HEL1OS,B-Class,10031,10156,10217,3.8161088077660687e-07,-5.654363434118516e-08
17 January 2026,HEL1OS,B-Class,10502,10667,10691,3.757498230356828e-07,-5.654363434118516e-08
17 January 2026,HEL1OS,B-Class,10877,10987,11025,3.5441500657294723e-07,-8.430276064313582e-08
17 January 2026,HEL1OS,B-Class,11027,11183,11198,3.802649408433477e-07,-8.430276064313582e-08
17 January 2026,HEL1OS,B-Class,12326,12346,12455,4.5469309333601374e-07,-9.383557488117777e-08
17 January 2026,HEL1OS,B-Class,14654,14878,16203,4.555040954595853e-07,-1.150733137829871e-07
17 January 2026,HEL1OS,B-Class,17302,17440,17466,1.1790676509252284e-07,-1.150733137829871e-07
17 January 2026,HEL1OS,B-Class,17517,17930,18823,2.472171099201044e-07,-1.150733137829871e-07
17 January 2026,HEL1OS,B-Class,21387,21715,22001,4.374567701486344e-07,-2.456052179188911e-07
17 January 2026,HEL1OS,B-Class,22195,23042,24196,3.813600970775473e-07,-2.456052179188911e-07
17 January 2026,HEL1OS,B-Class,24428,24441,24602,1.0328344625340918e-07,-2.456052179188911e-07
17 January 2026,HEL1OS,B-Class,25306,25520,25966,2.909808878551822e-07,-2.456052179188911e-07
17 January 2026,HEL1OS,B-Class,26378,26502,26619,1.374163211649258e-07,-2.456052179188911e-07
17 January 2026,HEL1OS,B-Class,27456,27548,27655,1.0324400849428287e-07,-2.456052179188911e-07
17 January 2026,HEL1OS,B-Class,30104,30210,30364,1.1705834765901088e-07,-2.456052179188911e-07
17 January 2026,HEL1OS,B-Class,32290,32719,32798,1.374163211649258e-07,-2.456052179188911e-07
17 January 2026,HEL1OS,B-Class,32938,33261,33502,2.603872990191028e-07,-2.456052179188911e-07
17 January 2026,HEL1OS,B-Class,34462,34608,34754,1.477085650722973e-07,-2.456052179188911e-07
17 January 2026,HEL1OS,B-Class,35337,35412,35493,1.0294165234098127e-07,-2.456052179188911e-07
17 January 2026,HEL1OS,B-Class,35646,35748,35813,1.4111133582768226e-07,-2.456052179188911e-07
17 January 2026,HEL1OS,B-Class,35920,36132,36526,4.306117908787388e-07,-2.456052179188911e-07
17 January 2026,HEL1OS,C-Class,37307,37654,37837,1.4244514106582562e-06,-2.456052179188911e-07
17 January 2026,HEL1OS,B-Class,37971,38079,38168,1.9807159470117608e-07,-2.456052179188911e-07
17 January 2026,HEL1OS,B-Class,38312,38523,38652,3.302699969663144e-07,-2.456052179188911e-07
17 January 2026,HEL1OS,B-Class,39111,39390,39734,4.620760440893757e-07,-2.456052179188911e-07
17 January 2026,HEL1OS,B-Class,41345,41582,42112,2.694145009606538e-07,-2.456052179188911e-07
17 January 2026,HEL1OS,B-Class,85260,85395,85427,1.0821215491960378e-07,-1.5650659824046896e-07
17 January 2026,HEL1OS,B-Class,85601,85842,86119,2.9334209727979535e-07,-1.5650659824046896e-07
17 May 2026,SoLEXS,C-Class,12833,13122,13605,9.3252543229848e-06,4.406006674082157e-08
17 May 2026,SoLEXS,B-Class,13861,13874,14456,2.430882799069586e-07,4.1893012438061e-08
17 May 2026,HEL1OS,B-Class,1564,1619,2016,4.085832743452175e-07,-9.23349175851923e-09
17 May 2026,HEL1OS,B-Class,2064,2181,2358,4.944018606532335e-07,-9.23349175851923e-09
17 May 2026,HEL1OS,B-Class,2463,2628,2642,4.2679239559104554e-07,-9.23349175851923e-09
17 May 2026,HEL1OS,B-Class,2829,2848,2954,4.5092425927796965e-07,2.166649812923372e-08
17 May 2026,HEL1OS,B-Class,3479,3595,3659,4.019718879563008e-07,-1.634947921933402e-08
17 May 2026,HEL1OS,B-Class,3897,4087,4497,4.515481848518395e-07,-1.634947921933402e-08
17 May 2026,HEL1OS,B-Class,10635,10668,10756,4.4748710688642356e-07,2.714935787238247e-08
17 May 2026,HEL1OS,C-Class,12868,13076,13654,5.289106077459615e-06,6.49074729497398e-08
17 May 2026,HEL1OS,B-Class,13761,14077,14388,4.1508645970268515e-07,-3.163009404388599e-08
17 May 2026,HEL1OS,B-Class,14452,14461,16334,4.7296389928201367e-07,-1.361027404186421e-07
17 May 2026,HEL1OS,B-Class,16364,16860,17367,4.101496612397467e-07,-1.361027404186421e-07
17 May 2026,HEL1OS,B-Class,17644,18712,19294,3.4314794215794104e-07,-1.361027404186421e-07
17 May 2026,HEL1OS,B-Class,19458,20089,20335,3.5771463241984767e-07,-1.361027404186421e-07
17 May 2026,HEL1OS,B-Class,20721,21083,21183,2.863454343209525e-07,-2.2046415208817095e-07
17 May 2026,HEL1OS,B-Class,21653,21992,22086,1.1869956517342079e-07,-2.2046415208817095e-07
17 May 2026,HEL1OS,B-Class,23466,23857,24136,4.857366771159702e-07,-2.2046415208817095e-07
17 May 2026,HEL1OS,B-Class,24138,24189,24280,1.8056830822124954e-07,-2.2046415208817095e-07
17 May 2026,HEL1OS,B-Class,24344,24639,24948,2.917099807867223e-07,-2.2046415208817095e-07
17 May 2026,HEL1OS,B-Class,25443,25627,27074,4.927131155829535e-07,-2.2046415208817095e-07
17 May 2026,HEL1OS,B-Class,27487,27672,27946,1.658752148852201e-07,-2.2046415208817095e-07
17 May 2026,HEL1OS,B-Class,28263,28588,29028,5.636474871068663e-07,-2.2046415208817095e-07
17 May 2026,HEL1OS,B-Class,29159,31724,31944,4.249661239761199e-07,-2.2046415208817095e-07
17 May 2026,HEL1OS,B-Class,32996,33161,33329,1.9864293659621097e-07,-2.2046415208817095e-07
17 May 2026,HEL1OS,B-Class,33342,33705,36378,5.700829204166041e-07,-2.2046415208817095e-07
17 May 2026,HEL1OS,B-Class,36394,37083,37940,3.1138638891696733e-07,-2.2046415208817095e-07
17 May 2026,HEL1OS,B-Class,38094,39360,41405,5.25326119931218e-07,-2.2046415208817095e-07
17 May 2026,HEL1OS,B-Class,41445,43022,44512,7.627687329355577e-07,-2.2046415208817095e-07
17 May 2026,HEL1OS,B-Class,44922,45374,46445,4.682081100212191e-07,-2.2046415208817095e-07
17 May 2026,HEL1OS,B-Class,46542,46546,47021,1.5312771766608818e-07,-2.2046415208817095e-07
17 May 2026,HEL1OS,B-Class,47632,49891,53044,7.557882495702027e-07,-2.2046415208817095e-07
17 May 2026,HEL1OS,B-Class,53180,54178,59247,6.73902315704294e-07,-2.2046415208817095e-07
17 May 2026,HEL1OS,B-Class,59702,60337,61114,3.900313479623685e-07,-2.2046415208817095e-07
17 May 2026,HEL1OS,B-Class,61649,62130,63430,3.4375771058750926e-07,-2.2046415208817095e-07
17 May 2026,HEL1OS,B-Class,63530,64119,64583,2.465759935281538e-07,-2.2046415208817095e-07
17 May 2026,HEL1OS,B-Class,64853,65260,65732,3.8350085954089036e-07,-2.2046415208817095e-07
17 May 2026,HEL1OS,B-Class,66174,66237,66344,1.4631712003235394e-07,-2.2046415208817095e-07
17 May 2026,HEL1OS,B-Class,66486,67763,68608,4.360056628577051e-07,-2.2046415208817095e-07
17 May 2026,HEL1OS,B-Class,69660,70439,72727,3.9423197492161607e-07,-2.2046415208817095e-07
17 May 2026,HEL1OS,B-Class,72961,72961,73120,1.1173627262614629e-07,-2.2046415208817095e-07
17 May 2026,HEL1OS,B-Class,73944,75090,76155,6.044938820911909e-07,-2.2046415208817095e-07
17 May 2026,HEL1OS,B-Class,76687,77000,78011,3.7885327131154474e-07,-2.2046415208817095e-07
17 May 2026,HEL1OS,B-Class,78410,80109,80982,6.090888866417014e-07,-2.2046415208817095e-07
17 May 2026,HEL1OS,B-Class,81056,81705,81963,2.440044493882004e-07,-2.2046415208817095e-07
17 May 2026,HEL1OS,B-Class,82122,82410,84230,3.557730812013222e-07,-2.2046415208817095e-07
17 May 2026,HEL1OS,B-Class,84245,84404,84569,1.914450399433646e-07,-2.2046415208817095e-07
17 May 2026,HEL1OS,B-Class,84579,84581,84990,1.5081201334815924e-07,-2.2046415208817095e-07
17 May 2026,HEL1OS,B-Class,85134,85218,85363,1.2028112043684475e-07,-2.2046415208817095e-07
17 May 2026,HEL1OS,B-Class,86091,86258,86258,1.4468475073313822e-07,-2.2046415208817095e-07
18 January 2026,SoLEXS,C-Class,22170,22756,22759,3.2776650824146876e-06,1.462756598240417e-07
18 January 2026,SoLEXS,M-Class,63851,64584,64584,9.195916371725833e-05,1.7754009505510538e-06
18 January 2026,HEL1OS,B-Class,9886,10006,10026,4.1432399635957667e-07,1.082313681868701e-08
18 January 2026,HEL1OS,B-Class,10211,10229,10358,4.1416422287388555e-07,1.082313681868701e-08
18 January 2026,HEL1OS,B-Class,10479,10575,10654,3.3265446455656613e-07,1.082313681868701e-08
18 January 2026,HEL1OS,B-Class,12018,12112,12167,3.025159267873287e-07,2.528061482455161e-08
18 January 2026,HEL1OS,B-Class,12450,12483,12574,4.1872484578823465e-07,2.071089088886568e-08
18 January 2026,HEL1OS,B-Class,13406,13517,13529,4.1108908888662706e-07,2.071089088886568e-08
18 January 2026,HEL1OS,B-Class,17017,17037,17212,5.493538274850648e-07,1.9746182627160792e-08
18 January 2026,HEL1OS,B-Class,17548,17596,17682,3.125664880169774e-07,1.9746182627160792e-08
18 January 2026,HEL1OS,B-Class,17836,17874,18019,2.857427444635352e-07,-9.10102133683858e-09
18 January 2026,HEL1OS,B-Class,18100,18145,18248,2.9341389422589714e-07,-9.10102133683858e-09
18 January 2026,HEL1OS,B-Class,18574,18664,18881,3.1086864192536054e-07,-9.10102133683858e-09
18 January 2026,HEL1OS,B-Class,19160,19264,19318,3.1405501061784706e-07,2.2368287996763214e-09
18 January 2026,HEL1OS,B-Class,21106,21118,21260,3.8942865810495116e-07,1.718475073313719e-08
18 January 2026,HEL1OS,C-Class,21953,22241,22593,1.5491455152188748e-06,1.8707654970168364e-09
18 January 2026,HEL1OS,B-Class,22788,22874,23296,9.079077763170876e-07,9.906461725148802e-08
18 January 2026,HEL1OS,B-Class,23409,23501,23572,4.327636768126046e-07,-8.556375771058449e-08
18 January 2026,HEL1OS,B-Class,23685,23842,23888,4.090474264333962e-07,-8.556375771058449e-08
18 January 2026,HEL1OS,B-Class,23898,24057,24078,3.9911922337949837e-07,-8.556375771058449e-08
18 January 2026,HEL1OS,B-Class,24171,24263,24300,3.88818889675383e-07,-3.650520780665272e-09
18 January 2026,HEL1OS,B-Class,24352,24403,24551,5.137738901809908e-07,-1.1240772575588621e-08
18 January 2026,HEL1OS,B-Class,24766,24779,24939,4.812953787035929e-07,-1.1240772575588621e-08
18 January 2026,HEL1OS,B-Class,25556,25799,25814,3.378754171301325e-07,-1.6541611892000638e-08
18 January 2026,HEL1OS,B-Class,26148,26324,26339,3.3939528769338454e-07,-3.775204772979942e-08
18 January 2026,HEL1OS,B-Class,28034,28089,28213,3.0237536656890424e-07,-3.43715239154604e-08
18 January 2026,HEL1OS,B-Class,28501,28562,28632,3.481201334816338e-07,-3.531600768530564e-08
18 January 2026,HEL1OS,B-Class,29358,29429,29518,3.3508544847809506e-07,-3.531600768530564e-08
18 January 2026,HEL1OS,B-Class,30002,30032,30137,2.9202851653351166e-07,1.8148447770249124e-08
18 January 2026,HEL1OS,B-Class,30416,30476,30551,4.043411871776577e-07,9.503488724845466e-09
18 January 2026,HEL1OS,B-Class,31584,31664,31759,2.8293659621800993e-07,2.3460410557185186e-10
18 January 2026,HEL1OS,B-Class,32017,32078,32151,3.7178683385578615e-07,2.3460410557185186e-10
18 January 2026,HEL1OS,B-Class,32270,32342,32454,3.206168470017077e-07,2.3460410557185186e-10
18 January 2026,HEL1OS,B-Class,33145,33277,33330,3.817908787541577e-07,1.2614015572858293e-08
18 January 2026,HEL1OS,B-Class,33451,33508,33629,3.2830114268377837e-07,-2.2186267570026704e-09
18 January 2026,HEL1OS,B-Class,33797,33814,33921,4.368763272322627e-07,-2.2186267570026704e-09
18 January 2026,HEL1OS,B-Class,34440,34616,34631,3.1448680351905036e-07,-2.2186267570026704e-09
18 January 2026,HEL1OS,B-Class,34753,34836,34909,2.963444230963591e-07,2.2382445141065034e-08
18 January 2026,HEL1OS,B-Class,35649,35670,35781,3.722914349276842e-07,-7.015269491353779e-08
18 January 2026,HEL1OS,B-Class,35791,35846,35973,3.113156031954586e-07,-7.015269491353779e-08
18 January 2026,HEL1OS,B-Class,36989,37000,37162,3.936940034381496e-07,-6.856507230255594e-08
18 January 2026,HEL1OS,B-Class,37779,37860,37915,3.184083324906348e-07,-1.911214480736069e-10
18 January 2026,HEL1OS,B-Class,38027,38107,38156,2.7580948528667234e-07,-5.583577712609772e-08
18 January 2026,HEL1OS,B-Class,38495,38610,38624,3.590373141874682e-07,-5.583577712609772e-08
18 January 2026,HEL1OS,B-Class,40783,40853,40929,3.1083324906460613e-07,-1.4606128021032931e-08
18 January 2026,HEL1OS,B-Class,41034,41189,41221,3.930104156132937e-07,-1.4606128021032931e-08
18 January 2026,HEL1OS,B-Class,42318,42381,42525,4.0900899989886295e-07,-6.701486500151445e-08
18 January 2026,HEL1OS,B-Class,42566,42719,42751,3.585741733238824e-07,-6.701486500151445e-08
18 January 2026,HEL1OS,B-Class,42970,43013,43111,3.4413894225906353e-07,-3.058913944787029e-07
18 January 2026,HEL1OS,B-Class,43269,43409,43447,3.389372029527637e-07,-3.058913944787029e-07
18 January 2026,HEL1OS,B-Class,48181,48246,48411,3.71510769541902e-07,8.083729396298676e-09
18 January 2026,HEL1OS,B-Class,48464,48620,48651,3.767640813024439e-07,-6.314086358580063e-09
18 January 2026,HEL1OS,B-Class,48934,49020,49323,3.570371119425497e-07,-6.314086358580063e-09
18 January 2026,HEL1OS,B-Class,51631,51877,51920,4.088411366164279e-07,2.186267570027226e-08
18 January 2026,HEL1OS,B-Class,52213,52231,52343,3.612650419658077e-07,1.4812417838001297e-08
18 January 2026,HEL1OS,B-Class,52388,52426,52529,3.111386388916868e-07,1.4812417838001297e-08
18 January 2026,HEL1OS,B-Class,52530,52729,52816,3.475558701587499e-07,1.4812417838001297e-08
18 January 2026,HEL1OS,B-Class,52985,53088,53129,3.4248963494790974e-07,2.2439073718272035e-08
18 January 2026,HEL1OS,B-Class,54676,54762,54928,3.6423500859539606e-07,-7.137223177267381e-09
18 January 2026,HEL1OS,B-Class,55328,55403,55572,4.839640004044725e-07,-1.7957326322175478e-08
18 January 2026,HEL1OS,B-Class,55905,56119,56238,3.702042673677692e-07,-1.9238547881483778e-08
18 January 2026,HEL1OS,B-Class,56312,56373,56490,3.3703508949336443e-07,-1.9238547881483778e-08
18 January 2026,HEL1OS,B-Class,56835,56906,56970,3.217757103852651e-07,-1.9238547881483778e-08
18 January 2026,HEL1OS,B-Class,56979,56993,57122,3.737769238547748e-07,-1.9238547881483778e-08
18 January 2026,HEL1OS,B-Class,57179,57249,57382,3.0107493174232917e-07,-3.97815754879144e-09
18 January 2026,HEL1OS,B-Class,58055,58191,58230,3.249489331580428e-07,9.242592779856274e-10
18 January 2026,HEL1OS,B-Class,58231,58319,58382,3.388886641723006e-07,9.242592779856274e-10
18 January 2026,HEL1OS,B-Class,58448,58563,58575,3.8920821114368114e-07,9.242592779856274e-10
18 January 2026,HEL1OS,B-Class,58817,58929,58964,4.393487713621039e-07,9.242592779856274e-10
18 January 2026,HEL1OS,B-Class,58991,59005,59213,3.570098088785391e-07,9.242592779856274e-10
18 January 2026,HEL1OS,B-Class,59723,59733,59912,5.647770249772273e-07,3.215795328142265e-08
18 January 2026,HEL1OS,B-Class,61103,61233,61324,3.852533117605283e-07,2.2471432905247462e-08
18 January 2026,HEL1OS,B-Class,61531,61593,61736,3.6991202346039734e-07,2.2471432905247462e-08
18 January 2026,HEL1OS,B-Class,61737,61793,61930,4.0305996561834945e-07,2.2471432905247462e-08
18 January 2026,HEL1OS,C-Class,62941,63051,63217,1.4774041864697623e-06,6.201435938921814e-08
18 January 2026,HEL1OS,M-Class,63614,64338,64449,6.69752624127795e-05,4.003498837091575e-07
18 January 2026,HEL1OS,B-Class,79880,80049,80278,4.4991000101120856e-07,6.5557690363027254e-09
18 January 2026,HEL1OS,B-Class,80390,80475,80525,4.359500455050911e-07,6.5557690363027254e-09
18 January 2026,HEL1OS,B-Class,80619,80630,80885,4.1578218222265686e-07,6.5557690363027254e-09
18 January 2026,HEL1OS,B-Class,81956,81970,82104,3.7393164121750105e-07,2.578723834563568e-08
18 January 2026,HEL1OS,B-Class,82121,82296,82399,3.956547679239418e-07,2.578723834563568e-08
18 January 2026,HEL1OS,B-Class,82747,82761,82887,3.6813934674889976e-07,2.578723834563568e-08
18 January 2026,HEL1OS,B-Class,84132,84152,84381,5.23351198301124e-07,1.0691677621599357e-08
18 January 2026,HEL1OS,B-Class,84520,84552,84657,3.828577206997538e-07,1.0691677621599357e-08
18 January 2026,HEL1OS,B-Class,84658,84759,84803,4.2206188694507544e-07,1.0691677621599357e-08
18 January 2026,HEL1OS,B-Class,84811,85005,85122,3.973950854484639e-07,-1.2377389018100395e-09
18 January 2026,HEL1OS,B-Class,85291,85385,85606,3.581888967539563e-07,-1.2377389018100395e-09
18 January 2026,HEL1OS,B-Class,85839,85931,86060,3.73199514612182e-07,-8.709677419354865e-08
18 January 2026,HEL1OS,B-Class,86077,86182,86269,3.585943978157421e-07,-8.709677419354865e-08
18 March 2026,SoLEXS,C-Class,4499,4957,5079,1.5426322176154776e-06,5.5594094448374996e-08
18 March 2026,SoLEXS,B-Class,24606,25007,25202,8.924835676003322e-07,3.6173526140154444e-08
18 March 2026,SoLEXS,M-Class,30774,31358,31469,1.5359251693800645e-05,1.3301648296086087e-07
18 March 2026,SoLEXS,C-Class,35767,36098,36171,1.12692789968648e-06,1.2444635453533783e-07
18 March 2026,SoLEXS,B-Class,46964,47261,47262,9.593932652441764e-07,1.1542521994134485e-07
18 March 2026,SoLEXS,B-Class,70144,70333,70477,2.1977955303872205e-07,2.2675700273029832e-08
18 March 2026,SoLEXS,B-Class,83679,83769,84040,2.021852563454271e-07,2.3946809586408286e-08
18 March 2026,HEL1OS,B-Class,4606,4721,4949,3.4485792294467373e-07,-1.7352614015572236e-09
18 March 2026,HEL1OS,C-Class,30699,31061,32279,4.797813732429802e-06,-8.211143695014369e-10
18 jan 2026,SoLEXS,C-Class,22170,22756,22759,3.2776650824146876e-06,1.462756598240417e-07
18 jan 2026,SoLEXS,M-Class,63851,64584,64584,9.195916371725833e-05,1.7754009505510538e-06
18 jan 2026,HEL1OS,B-Class,9886,10006,10026,4.1432399635957667e-07,1.082313681868701e-08
18 jan 2026,HEL1OS,B-Class,10211,10229,10358,4.1416422287388555e-07,1.082313681868701e-08
18 jan 2026,HEL1OS,B-Class,10479,10575,10654,3.3265446455656613e-07,1.082313681868701e-08
18 jan 2026,HEL1OS,B-Class,12018,12112,12167,3.025159267873287e-07,2.528061482455161e-08
18 jan 2026,HEL1OS,B-Class,12450,12483,12574,4.1872484578823465e-07,2.071089088886568e-08
18 jan 2026,HEL1OS,B-Class,13406,13517,13529,4.1108908888662706e-07,2.071089088886568e-08
18 jan 2026,HEL1OS,B-Class,17017,17037,17212,5.493538274850648e-07,1.9746182627160792e-08
18 jan 2026,HEL1OS,B-Class,17548,17596,17682,3.125664880169774e-07,1.9746182627160792e-08
18 jan 2026,HEL1OS,B-Class,17836,17874,18019,2.857427444635352e-07,-9.10102133683858e-09
18 jan 2026,HEL1OS,B-Class,18100,18145,18248,2.9341389422589714e-07,-9.10102133683858e-09
18 jan 2026,HEL1OS,B-Class,18574,18664,18881,3.1086864192536054e-07,-9.10102133683858e-09
18 jan 2026,HEL1OS,B-Class,19160,19264,19318,3.1405501061784706e-07,2.2368287996763214e-09
18 jan 2026,HEL1OS,B-Class,21106,21118,21260,3.8942865810495116e-07,1.718475073313719e-08
18 jan 2026,HEL1OS,C-Class,21953,22241,22593,1.5491455152188748e-06,1.8707654970168364e-09
18 jan 2026,HEL1OS,B-Class,22788,22874,23296,9.079077763170876e-07,9.906461725148802e-08
18 jan 2026,HEL1OS,B-Class,23409,23501,23572,4.327636768126046e-07,-8.556375771058449e-08
18 jan 2026,HEL1OS,B-Class,23685,23842,23888,4.090474264333962e-07,-8.556375771058449e-08
18 jan 2026,HEL1OS,B-Class,23898,24057,24078,3.9911922337949837e-07,-8.556375771058449e-08
18 jan 2026,HEL1OS,B-Class,24171,24263,24300,3.88818889675383e-07,-3.650520780665272e-09
18 jan 2026,HEL1OS,B-Class,24352,24403,24551,5.137738901809908e-07,-1.1240772575588621e-08
18 jan 2026,HEL1OS,B-Class,24766,24779,24939,4.812953787035929e-07,-1.1240772575588621e-08
18 jan 2026,HEL1OS,B-Class,25556,25799,25814,3.378754171301325e-07,-1.6541611892000638e-08
18 jan 2026,HEL1OS,B-Class,26148,26324,26339,3.3939528769338454e-07,-3.775204772979942e-08
18 jan 2026,HEL1OS,B-Class,28034,28089,28213,3.0237536656890424e-07,-3.43715239154604e-08
18 jan 2026,HEL1OS,B-Class,28501,28562,28632,3.481201334816338e-07,-3.531600768530564e-08
18 jan 2026,HEL1OS,B-Class,29358,29429,29518,3.3508544847809506e-07,-3.531600768530564e-08
18 jan 2026,HEL1OS,B-Class,30002,30032,30137,2.9202851653351166e-07,1.8148447770249124e-08
18 jan 2026,HEL1OS,B-Class,30416,30476,30551,4.043411871776577e-07,9.503488724845466e-09
18 jan 2026,HEL1OS,B-Class,31584,31664,31759,2.8293659621800993e-07,2.3460410557185186e-10
18 jan 2026,HEL1OS,B-Class,32017,32078,32151,3.7178683385578615e-07,2.3460410557185186e-10
18 jan 2026,HEL1OS,B-Class,32270,32342,32454,3.206168470017077e-07,2.3460410557185186e-10
18 jan 2026,HEL1OS,B-Class,33145,33277,33330,3.817908787541577e-07,1.2614015572858293e-08
18 jan 2026,HEL1OS,B-Class,33451,33508,33629,3.2830114268377837e-07,-2.2186267570026704e-09
18 jan 2026,HEL1OS,B-Class,33797,33814,33921,4.368763272322627e-07,-2.2186267570026704e-09
18 jan 2026,HEL1OS,B-Class,34440,34616,34631,3.1448680351905036e-07,-2.2186267570026704e-09
18 jan 2026,HEL1OS,B-Class,34753,34836,34909,2.963444230963591e-07,2.2382445141065034e-08
18 jan 2026,HEL1OS,B-Class,35649,35670,35781,3.722914349276842e-07,-7.015269491353779e-08
18 jan 2026,HEL1OS,B-Class,35791,35846,35973,3.113156031954586e-07,-7.015269491353779e-08
18 jan 2026,HEL1OS,B-Class,36989,37000,37162,3.936940034381496e-07,-6.856507230255594e-08
18 jan 2026,HEL1OS,B-Class,37779,37860,37915,3.184083324906348e-07,-1.911214480736069e-10
18 jan 2026,HEL1OS,B-Class,38027,38107,38156,2.7580948528667234e-07,-5.583577712609772e-08
18 jan 2026,HEL1OS,B-Class,38495,38610,38624,3.590373141874682e-07,-5.583577712609772e-08
18 jan 2026,HEL1OS,B-Class,40783,40853,40929,3.1083324906460613e-07,-1.4606128021032931e-08
18 jan 2026,HEL1OS,B-Class,41034,41189,41221,3.930104156132937e-07,-1.4606128021032931e-08
18 jan 2026,HEL1OS,B-Class,42318,42381,42525,4.0900899989886295e-07,-6.701486500151445e-08
18 jan 2026,HEL1OS,B-Class,42566,42719,42751,3.585741733238824e-07,-6.701486500151445e-08
18 jan 2026,HEL1OS,B-Class,42970,43013,43111,3.4413894225906353e-07,-3.058913944787029e-07
18 jan 2026,HEL1OS,B-Class,43269,43409,43447,3.389372029527637e-07,-3.058913944787029e-07
18 jan 2026,HEL1OS,B-Class,48181,48246,48411,3.71510769541902e-07,8.083729396298676e-09
18 jan 2026,HEL1OS,B-Class,48464,48620,48651,3.767640813024439e-07,-6.314086358580063e-09
18 jan 2026,HEL1OS,B-Class,48934,49020,49323,3.570371119425497e-07,-6.314086358580063e-09
18 jan 2026,HEL1OS,B-Class,51631,51877,51920,4.088411366164279e-07,2.186267570027226e-08
18 jan 2026,HEL1OS,B-Class,52213,52231,52343,3.612650419658077e-07,1.4812417838001297e-08
18 jan 2026,HEL1OS,B-Class,52388,52426,52529,3.111386388916868e-07,1.4812417838001297e-08
18 jan 2026,HEL1OS,B-Class,52530,52729,52816,3.475558701587499e-07,1.4812417838001297e-08
18 jan 2026,HEL1OS,B-Class,52985,53088,53129,3.4248963494790974e-07,2.2439073718272035e-08
18 jan 2026,HEL1OS,B-Class,54676,54762,54928,3.6423500859539606e-07,-7.137223177267381e-09
18 jan 2026,HEL1OS,B-Class,55328,55403,55572,4.839640004044725e-07,-1.7957326322175478e-08
18 jan 2026,HEL1OS,B-Class,55905,56119,56238,3.702042673677692e-07,-1.9238547881483778e-08
18 jan 2026,HEL1OS,B-Class,56312,56373,56490,3.3703508949336443e-07,-1.9238547881483778e-08
18 jan 2026,HEL1OS,B-Class,56835,56906,56970,3.217757103852651e-07,-1.9238547881483778e-08
18 jan 2026,HEL1OS,B-Class,56979,56993,57122,3.737769238547748e-07,-1.9238547881483778e-08
18 jan 2026,HEL1OS,B-Class,57179,57249,57382,3.0107493174232917e-07,-3.97815754879144e-09
18 jan 2026,HEL1OS,B-Class,58055,58191,58230,3.249489331580428e-07,9.242592779856274e-10
18 jan 2026,HEL1OS,B-Class,58231,58319,58382,3.388886641723006e-07,9.242592779856274e-10
18 jan 2026,HEL1OS,B-Class,58448,58563,58575,3.8920821114368114e-07,9.242592779856274e-10
18 jan 2026,HEL1OS,B-Class,58817,58929,58964,4.393487713621039e-07,9.242592779856274e-10
18 jan 2026,HEL1OS,B-Class,58991,59005,59213,3.570098088785391e-07,9.242592779856274e-10
18 jan 2026,HEL1OS,B-Class,59723,59733,59912,5.647770249772273e-07,3.215795328142265e-08
18 jan 2026,HEL1OS,B-Class,61103,61233,61324,3.852533117605283e-07,2.2471432905247462e-08
18 jan 2026,HEL1OS,B-Class,61531,61593,61736,3.6991202346039734e-07,2.2471432905247462e-08
18 jan 2026,HEL1OS,B-Class,61737,61793,61930,4.0305996561834945e-07,2.2471432905247462e-08
18 jan 2026,HEL1OS,C-Class,62941,63051,63217,1.4774041864697623e-06,6.201435938921814e-08
18 jan 2026,HEL1OS,M-Class,63614,64338,64449,6.69752624127795e-05,4.003498837091575e-07
18 jan 2026,HEL1OS,B-Class,79880,80049,80278,4.4991000101120856e-07,6.5557690363027254e-09
18 jan 2026,HEL1OS,B-Class,80390,80475,80525,4.359500455050911e-07,6.5557690363027254e-09
18 jan 2026,HEL1OS,B-Class,80619,80630,80885,4.1578218222265686e-07,6.5557690363027254e-09
18 jan 2026,HEL1OS,B-Class,81956,81970,82104,3.7393164121750105e-07,2.578723834563568e-08
18 jan 2026,HEL1OS,B-Class,82121,82296,82399,3.956547679239418e-07,2.578723834563568e-08
18 jan 2026,HEL1OS,B-Class,82747,82761,82887,3.6813934674889976e-07,2.578723834563568e-08
18 jan 2026,HEL1OS,B-Class,84132,84152,84381,5.23351198301124e-07,1.0691677621599357e-08
18 jan 2026,HEL1OS,B-Class,84520,84552,84657,3.828577206997538e-07,1.0691677621599357e-08
18 jan 2026,HEL1OS,B-Class,84658,84759,84803,4.2206188694507544e-07,1.0691677621599357e-08
18 jan 2026,HEL1OS,B-Class,84811,85005,85122,3.973950854484639e-07,-1.2377389018100395e-09
18 jan 2026,HEL1OS,B-Class,85291,85385,85606,3.581888967539563e-07,-1.2377389018100395e-09
18 jan 2026,HEL1OS,B-Class,85839,85931,86060,3.73199514612182e-07,-8.709677419354865e-08
18 jan 2026,HEL1OS,B-Class,86077,86182,86269,3.585943978157421e-07,-8.709677419354865e-08
19 February 2026,SoLEXS,B-Class,25130,25622,25634,3.4718980685609034e-07,2.156739811912149e-08
19 February 2026,SoLEXS,B-Class,36681,36930,37079,3.115936899585286e-07,3.5281626049144254e-08
19 February 2026,SoLEXS,B-Class,69163,69514,69730,4.982151885933688e-07,1.877136211952608e-08
1 April 2026,SoLEXS,C-Class,49398,49633,49965,2.508950348872395e-06,9.715643644453088e-08
1 April 2026,SoLEXS,C-Class,71614,71857,72223,4.274957022954646e-06,9.010820103144586e-08
1 April 2026,SoLEXS,C-Class,72597,72614,72819,1.7999635959145884e-06,3.505197694407803e-07
1 April 2026,SoLEXS,C-Class,78276,78625,78725,2.075309940337675e-06,1.3286884417028548e-07
1 April 2026,HEL1OS,B-Class,1667,1687,1807,3.6312670644148767e-07,-3.195469713823322e-09
1 April 2026,HEL1OS,B-Class,1917,2069,2087,5.088815856001436e-07,-3.195469713823322e-09
1 April 2026,HEL1OS,B-Class,2353,2498,2548,3.4948124178378773e-07,-3.195469713823322e-09
1 April 2026,HEL1OS,B-Class,2653,2813,2835,3.5994741632115205e-07,-3.195469713823322e-09
1 April 2026,HEL1OS,B-Class,5912,6200,6305,4.735746789361748e-07,1.4354333097380421e-08
1 April 2026,HEL1OS,B-Class,6354,6491,6505,3.615259379107971e-07,-1.3550409545959414e-09
1 April 2026,HEL1OS,B-Class,6645,6740,6794,3.0539184952976966e-07,-1.3550409545959414e-09
1 April 2026,HEL1OS,B-Class,7213,7385,7679,3.8988876529475807e-07,1.5017696430376678e-08
1 April 2026,HEL1OS,B-Class,7750,7781,7891,3.055273536252293e-07,2.1876832844574e-08
1 April 2026,HEL1OS,B-Class,7948,8074,8223,3.639842248963365e-07,2.1876832844574e-08
1 April 2026,HEL1OS,B-Class,8225,8295,8351,2.7556072403679876e-07,2.1876832844574e-08
1 April 2026,HEL1OS,B-Class,9732,9795,9870,6.031853574678721e-07,-6.3949843260185545e-09
1 April 2026,HEL1OS,B-Class,9871,10014,10079,4.0832541207400705e-07,-6.3949843260185545e-09
1 April 2026,HEL1OS,B-Class,10178,10245,10333,3.867822833451171e-07,-6.3949843260185545e-09
1 April 2026,HEL1OS,B-Class,10337,10466,10550,3.4327030033369186e-07,-6.3949843260185545e-09
1 April 2026,HEL1OS,B-Class,10611,10686,10779,4.3726261502678185e-07,-6.3949843260185545e-09
1 April 2026,HEL1OS,B-Class,13732,13969,14043,3.5796844979268616e-07,3.364748710688525e-08
1 April 2026,HEL1OS,B-Class,14215,14337,14379,3.26403074122751e-07,-4.229042370310294e-08
1 April 2026,HEL1OS,B-Class,14443,14536,14688,3.874436242289274e-07,-4.229042370310294e-08
1 April 2026,HEL1OS,B-Class,14746,14884,14980,3.4098998887651726e-07,-4.229042370310294e-08
1 April 2026,HEL1OS,B-Class,15881,15953,16023,3.6267974517138964e-07,-2.53675801395481e-08
1 April 2026,HEL1OS,B-Class,16050,16162,16245,3.3162807159468934e-07,-2.53675801395481e-08
1 April 2026,HEL1OS,B-Class,16246,16297,16436,4.663161088077496e-07,-2.53675801395481e-08
1 April 2026,HEL1OS,B-Class,16718,16967,17082,3.807381939528633e-07,-2.53675801395481e-08
1 April 2026,HEL1OS,B-Class,19457,19553,19748,3.778764283547241e-07,1.0783699059560769e-08
1 April 2026,HEL1OS,B-Class,19752,19882,19944,3.837435534432061e-07,1.0783699059560769e-08
1 April 2026,HEL1OS,B-Class,19945,20037,20332,3.5177672160985706e-07,1.0783699059560769e-08
1 April 2026,HEL1OS,B-Class,20333,20546,20564,4.3843968045301297e-07,-4.728283951865541e-08
1 April 2026,HEL1OS,B-Class,20723,21029,21224,4.235038932146679e-07,-4.728283951865541e-08
1 April 2026,HEL1OS,B-Class,21526,21606,21709,3.3298311254928527e-07,8.904843765800065e-09
1 April 2026,HEL1OS,B-Class,21894,22246,22415,3.835868136312938e-07,8.904843765800065e-09
1 April 2026,HEL1OS,B-Class,22863,23037,23050,4.051987056325065e-07,-2.0905046010718218e-08
1 April 2026,HEL1OS,B-Class,23238,23316,23411,3.28492264131852e-07,-2.0905046010718218e-08
1 April 2026,HEL1OS,B-Class,23556,23567,23715,3.32606937000696e-07,-2.0905046010718218e-08
1 April 2026,HEL1OS,B-Class,26907,26944,27029,3.757922944685881e-07,-1.3637374860956156e-08
1 April 2026,HEL1OS,B-Class,27162,27174,27526,4.0033673778944875e-07,-1.3637374860956156e-08
1 April 2026,HEL1OS,B-Class,27565,27652,27762,3.491728182829282e-07,-1.3637374860956156e-08
1 April 2026,HEL1OS,B-Class,28848,28865,28974,3.2480028314287446e-07,6.669026190716688e-09
1 April 2026,HEL1OS,B-Class,28983,28997,29125,3.5278289007987416e-07,2.0204267367781205e-09
1 April 2026,HEL1OS,B-Class,29126,29226,29345,4.0308221255939513e-07,2.0204267367781205e-09
1 April 2026,HEL1OS,B-Class,29875,29887,30020,3.277389018100803e-07,2.0204267367781205e-09
1 April 2026,HEL1OS,B-Class,32833,33020,33030,3.9594802305590653e-07,2.4078268783495926e-08
1 April 2026,HEL1OS,B-Class,33060,33119,33338,3.677126099706613e-07,2.4078268783495926e-08
1 April 2026,HEL1OS,B-Class,33478,33515,33633,3.3569723935684917e-07,2.4078268783495926e-08
1 April 2026,HEL1OS,B-Class,37947,37961,38146,3.2651633127716503e-07,-1.4436242289411983e-08
1 April 2026,HEL1OS,B-Class,38184,38201,38374,4.7046718576194093e-07,-1.4436242289411983e-08
1 April 2026,HEL1OS,B-Class,38375,38507,38625,3.29899888765283e-07,-1.4436242289411983e-08
1 April 2026,HEL1OS,B-Class,38626,38770,38784,3.712185256345302e-07,-1.4436242289411983e-08
1 April 2026,HEL1OS,B-Class,41783,41801,42271,4.193295580948379e-07,6.330265952067732e-09
1 April 2026,HEL1OS,B-Class,42396,42460,42593,3.588623723328824e-07,6.330265952067732e-09
1 April 2026,HEL1OS,B-Class,42729,42747,42990,3.828769339670204e-07,-2.0291030437859525e-07
1 April 2026,HEL1OS,B-Class,43035,43075,43180,3.2447972494689915e-07,-2.0291030437859525e-07
1 April 2026,HEL1OS,B-Class,49410,49555,49762,5.214258266760862e-07,-1.3267266659924695e-09
1 April 2026,HEL1OS,C-Class,71645,71808,72536,1.4571614925674473e-06,-1.6776215997572452e-09
1 April 2026,HEL1OS,B-Class,78318,78451,78660,4.356578015977193e-07,-1.2316715542521557e-09
1 April 2026,HEL1OS,B-Class,82416,82536,82762,3.433420972797936e-07,-5.207806653857632e-10
1 March 2026,SoLEXS,C-Class,5401,5494,5708,1.999983820406441e-06,1.9451006168469323e-07
1 March 2026,SoLEXS,C-Class,7259,7563,7783,2.6313206593183406e-06,1.8883810294265684e-07
1 March 2026,SoLEXS,C-Class,22396,22535,22733,2.3742916371725316e-06,2.7636565881281245e-07
1 March 2026,SoLEXS,C-Class,27504,27992,27999,2.6702912326826836e-06,2.265658812822247e-07
1 March 2026,SoLEXS,C-Class,65434,65632,65809,1.2981009202143333e-06,1.9590150672463654e-07
1 March 2026,HEL1OS,B-Class,5364,5419,5535,4.541409647082455e-07,-1.5269491354029184e-09
1 March 2026,HEL1OS,B-Class,7199,7420,7714,4.4889473151985456e-07,-8.211143695014369e-10
1 March 2026,HEL1OS,B-Class,22332,22401,22689,6.067762159975515e-07,-2.0598644959044672e-09
1 March 2026,HEL1OS,B-Class,27438,27610,28136,8.249024168267478e-07,-2.7394074223884148e-09
1 March 2026,HEL1OS,C-Class,43184,43827,43909,3.176385883304568e-06,-2.2373040752350305e-07
1 March 2026,HEL1OS,B-Class,43951,44039,44114,3.691616948124046e-07,-2.2373040752350305e-07
1 March 2026,HEL1OS,B-Class,44126,44139,44268,2.735767013853679e-07,-2.2373040752350305e-07
1 March 2026,HEL1OS,B-Class,44409,44521,44530,2.5730306401050755e-07,-1.7376883405803807e-08
1 March 2026,HEL1OS,B-Class,44676,44738,44839,3.281140661340767e-07,2.121549196076376e-08
1 March 2026,HEL1OS,B-Class,44961,45004,45218,7.590039437758854e-07,-1.8814844777024288e-08
1 March 2026,HEL1OS,B-Class,45411,45601,45617,3.84708261704911e-07,-1.8814844777024288e-08
1 March 2026,HEL1OS,B-Class,45667,45832,45846,3.0721104257254443e-07,-1.8814844777024288e-08
1 March 2026,HEL1OS,B-Class,47078,47238,47286,3.86340378197984e-07,-8.969562139751443e-10
1 March 2026,HEL1OS,B-Class,47299,47336,47448,3.1527252502779744e-07,-8.969562139751443e-10
1 March 2026,HEL1OS,B-Class,47450,47505,47599,3.534472646374634e-07,-8.969562139751443e-10
1 March 2026,HEL1OS,B-Class,47639,47775,47884,3.67787440590542e-07,-8.969562139751443e-10
1 March 2026,HEL1OS,B-Class,47888,48013,48116,3.7111942562441795e-07,-8.969562139751443e-10
1 March 2026,HEL1OS,B-Class,49335,49444,49546,3.872969966629451e-07,-2.1694812417837253e-08
1 March 2026,HEL1OS,B-Class,49548,49616,49678,3.8878653048840755e-07,-2.1694812417837253e-08
1 March 2026,HEL1OS,B-Class,49713,49849,49870,3.455445444433086e-07,-2.1694812417837253e-08
1 March 2026,HEL1OS,B-Class,49936,49948,50196,4.699423601981833e-07,-2.1694812417837253e-08
1 March 2026,HEL1OS,B-Class,50370,50381,50550,3.953918495297664e-07,-2.1694812417837253e-08
1 March 2026,HEL1OS,B-Class,51229,51297,51499,3.806229143492634e-07,1.202346041055676e-08
1 March 2026,HEL1OS,B-Class,51755,51802,51926,4.821822226716382e-07,1.202346041055676e-08
1 March 2026,HEL1OS,B-Class,51927,51981,52069,3.6185458590351626e-07,1.202346041055676e-08
1 March 2026,HEL1OS,B-Class,53985,54003,54126,4.639043381534873e-07,-3.1681666498128256e-09
1 March 2026,HEL1OS,B-Class,54191,54208,54312,4.410041460208155e-07,-3.1681666498128256e-09
1 March 2026,HEL1OS,B-Class,54314,54332,54922,4.6521387400139913e-07,-3.1681666498128256e-09
1 March 2026,HEL1OS,B-Class,54932,55105,55136,4.044443320861419e-07,1.3192436040044048e-08
1 March 2026,HEL1OS,B-Class,55167,55201,55419,3.756851046617319e-07,1.3192436040044048e-08
1 March 2026,HEL1OS,B-Class,56582,56642,56724,3.35763980179986e-07,5.12690868641907e-09
1 March 2026,HEL1OS,B-Class,56841,56865,56991,2.864232986146121e-07,-5.259176863181126e-08
1 March 2026,HEL1OS,B-Class,57001,57017,57122,2.9150065729597505e-07,-5.259176863181126e-08
1 March 2026,HEL1OS,B-Class,57131,57174,57360,3.20257862271199e-07,-5.259176863181126e-08
1 March 2026,HEL1OS,B-Class,57466,57483,57592,3.9523915461622614e-07,-5.259176863181126e-08
1 March 2026,HEL1OS,B-Class,58504,58566,58633,3.4837192840528636e-07,-4.8363838608553207e-08
1 March 2026,HEL1OS,B-Class,58824,58958,59177,3.9119122257051897e-07,-4.8363838608553207e-08
1 March 2026,HEL1OS,B-Class,60953,61339,61550,5.992021437961157e-07,2.590049550004964e-08
1 March 2026,HEL1OS,B-Class,61796,61923,62198,4.7232480533924903e-07,4.546465770047379e-09
1 March 2026,HEL1OS,B-Class,63140,63269,63292,3.144584892304469e-07,2.6343411871775787e-08
1 March 2026,HEL1OS,B-Class,63897,64050,64112,4.0912023460409093e-07,1.595409040347809e-08
1 March 2026,HEL1OS,B-Class,64680,64781,65122,3.781858630801766e-07,-7.901708969561874e-09
1 March 2026,HEL1OS,C-Class,65273,65463,65969,1.3084730508645503e-06,-7.901708969561874e-09
1 March 2026,HEL1OS,B-Class,66039,66089,66256,5.481565375669741e-07,2.9256749924157135e-08
1 March 2026,HEL1OS,B-Class,66321,66526,66708,4.036019820001878e-07,6.268581251895836e-09
1 March 2026,HEL1OS,B-Class,66710,66925,67082,4.0582161998178357e-07,6.268581251895836e-09
1 March 2026,HEL1OS,B-Class,67107,67227,67348,4.5354029730001414e-07,6.268581251895836e-09
1 March 2026,HEL1OS,B-Class,67349,67380,67688,5.054960056628397e-07,1.0223480635048677e-08
1 March 2026,HEL1OS,B-Class,68085,68172,68227,3.553372434017469e-07,4.342198402265016e-09
1 March 2026,HEL1OS,B-Class,68663,68752,68843,3.6700070785720196e-07,-3.42420871675587e-08
1 March 2026,HEL1OS,B-Class,68927,69107,69139,3.8433410860550756e-07,-3.42420871675587e-08
1 March 2026,HEL1OS,B-Class,69243,69358,69378,3.512347052280186e-07,-3.42420871675587e-08
1 March 2026,HEL1OS,B-Class,69379,69475,69503,4.0683891192232346e-07,-3.42420871675587e-08
1 March 2026,HEL1OS,B-Class,69560,69609,69683,3.62377389018088e-07,3.2288401253917703e-09
1 March 2026,HEL1OS,B-Class,69686,69803,69882,3.287531600768414e-07,3.2288401253917703e-09
1 March 2026,HEL1OS,C-Class,70160,70209,70434,1.395610274041815e-06,3.2288401253917703e-09
1 March 2026,HEL1OS,B-Class,70435,70552,70760,3.9461421781776326e-07,3.2288401253917703e-09
1 March 2026,HEL1OS,B-Class,70831,70855,71048,4.30095055111725e-07,2.2834462534128018e-08
1 March 2026,HEL1OS,B-Class,71720,71797,71994,6.440722014359159e-07,2.2834462534128018e-08
1 March 2026,HEL1OS,B-Class,72235,72384,72439,4.986227121043406e-07,4.8313277378904085e-08
1 March 2026,HEL1OS,B-Class,72557,72570,72841,3.6364040853472257e-07,-3.872990191121273e-09
1 March 2026,HEL1OS,B-Class,73445,73516,73572,3.506441500657171e-07,1.6769137425421587e-08
1 March 2026,HEL1OS,B-Class,73613,73716,73931,3.727313176256314e-07,1.6769137425421587e-08
1 March 2026,HEL1OS,B-Class,73934,73964,74083,3.694084336130923e-07,-2.6414197593284495e-08
1 March 2026,HEL1OS,B-Class,74084,74200,74223,3.995813530184911e-07,-2.6414197593284495e-08
1 March 2026,HEL1OS,B-Class,74352,74773,74851,4.785721508746922e-07,-2.6414197593284495e-08
1 March 2026,HEL1OS,B-Class,74996,75093,75184,4.2344726463746093e-07,2.7315198705631577e-08
1 March 2026,HEL1OS,B-Class,75343,75362,75512,4.059692587723589e-07,2.7315198705631577e-08
1 March 2026,HEL1OS,B-Class,80709,80764,80837,2.8569825058144394e-07,2.5371625037920037e-08
1 March 2026,HEL1OS,B-Class,81745,81902,81981,3.883658610577271e-07,-4.4617251491554665e-08
1 March 2026,HEL1OS,B-Class,82307,82327,82562,4.807756092628001e-07,-4.4617251491554665e-08
1 March 2026,HEL1OS,B-Class,83532,83562,83715,3.4256042066941846e-07,6.073414905450292e-09
1 March 2026,HEL1OS,B-Class,84110,84242,84258,3.91137627667091e-07,6.073414905450292e-09
1 March 2026,HEL1OS,B-Class,84491,84533,84640,3.6836080493476285e-07,-5.5293760744259364e-09
1 March 2026,HEL1OS,B-Class,85071,85185,85253,3.976630599656042e-07,-3.9124279502476124e-08
1 March 2026,HEL1OS,B-Class,85308,85481,85536,3.604894327029905e-07,-3.9124279502476124e-08
1 March 2026,HEL1OS,B-Class,85539,85557,85686,5.432703003336848e-07,-3.9124279502476124e-08
1 March 2026,HEL1OS,B-Class,85829,85941,86011,3.511598746081379e-07,-1.1472140762463353e-07
1 March 2026,HEL1OS,B-Class,86032,86055,86154,3.7240368085750517e-07,-1.1472140762463353e-07
1 May 2026,SoLEXS,C-Class,55656,55755,56062,3.438691475376558e-06,8.203357265648409e-08
1 May 2026,SoLEXS,B-Class,84440,84561,84751,8.246334310850146e-07,9.552836484982973e-08
1 May 2026,HEL1OS,B-Class,601,616,724,3.2407321266052034e-07,6.803519061583294e-09
1 May 2026,HEL1OS,B-Class,867,883,1079,4.045960157750892e-07,6.803519061583294e-09
1 May 2026,HEL1OS,B-Class,1159,1340,1680,4.017544746688096e-07,6.803519061583294e-09
1 May 2026,HEL1OS,B-Class,1773,1790,1974,3.766477904742509e-07,6.803519061583294e-09
1 May 2026,HEL1OS,B-Class,1977,2089,2130,6.722914349276735e-07,6.803519061583294e-09
1 May 2026,HEL1OS,B-Class,2141,2155,2373,3.198220244716237e-07,6.803519061583294e-09
1 May 2026,HEL1OS,B-Class,2757,2973,2986,3.954515117807524e-07,2.219233491758439e-08
1 May 2026,HEL1OS,B-Class,2987,3010,3123,3.922954798260554e-07,2.219233491758439e-08
1 May 2026,HEL1OS,B-Class,3126,3144,3337,5.529234502982915e-07,2.219233491758439e-08
1 May 2026,HEL1OS,B-Class,3501,3636,3675,3.586065325108579e-07,2.219233491758439e-08
1 May 2026,HEL1OS,B-Class,5088,5199,5218,4.167721710991862e-07,1.823237941146664e-08
1 May 2026,HEL1OS,B-Class,5322,5375,5560,3.4399737081604594e-07,1.823237941146664e-08
1 May 2026,HEL1OS,B-Class,5702,6027,6049,4.262867832945545e-07,1.823237941146664e-08
1 May 2026,HEL1OS,B-Class,6109,6173,6249,5.478460916169286e-07,1.823237941146664e-08
1 May 2026,HEL1OS,B-Class,7176,7403,7430,3.6249367984628096e-07,1.779148548892644e-08
1 May 2026,HEL1OS,B-Class,7620,7709,7783,3.281757508342486e-07,1.779148548892644e-08
1 May 2026,HEL1OS,B-Class,7897,7953,8031,4.059662250985799e-07,1.779148548892644e-08
1 May 2026,HEL1OS,B-Class,11561,11887,11996,3.8174132874910157e-07,-3.391343917483955e-08
1 May 2026,HEL1OS,B-Class,12503,12580,12665,4.027606431388268e-07,-3.391343917483955e-08
1 May 2026,HEL1OS,B-Class,12707,12965,12983,3.934593993325777e-07,2.0991000101121737e-08
1 May 2026,HEL1OS,B-Class,17516,17573,17699,3.6954393770855195e-07,2.831833350186976e-08
1 May 2026,HEL1OS,B-Class,21903,21960,22038,3.6064819496408867e-07,1.5898473050864034e-08
1 May 2026,HEL1OS,B-Class,22039,22105,22203,4.046769137425278e-07,1.5898473050864034e-08
1 May 2026,HEL1OS,B-Class,22299,22395,22469,4.031944584892161e-07,1.5898473050864034e-08
1 May 2026,HEL1OS,B-Class,22495,22532,22659,3.4897158458892476e-07,1.5898473050864034e-08
1 May 2026,HEL1OS,B-Class,22692,23039,23091,4.768985741733069e-07,1.5898473050864034e-08
1 May 2026,HEL1OS,B-Class,23155,23331,23343,4.073465466680004e-07,3.951258974618123e-08
1 May 2026,HEL1OS,B-Class,23350,23536,23548,3.239892810193028e-07,-3.102234806350377e-08
1 May 2026,HEL1OS,B-Class,23620,23634,23760,3.623480635048915e-07,-3.102234806350377e-08
1 May 2026,HEL1OS,B-Class,23959,24014,24230,3.802629183941618e-07,-3.102234806350377e-08
1 May 2026,HEL1OS,B-Class,24231,24636,24654,3.6842653453330666e-07,-3.102234806350377e-08
1 May 2026,HEL1OS,B-Class,24759,25118,25255,6.40801901102212e-07,9.345737688340274e-09
1 May 2026,HEL1OS,B-Class,27565,27747,27761,6.010729092931325e-07,1.0870664374557669e-09
1 May 2026,HEL1OS,B-Class,27762,27855,28119,4.4567398119120666e-07,1.0870664374557669e-09
1 May 2026,HEL1OS,B-Class,28261,28275,28496,3.879310344827448e-07,1.0870664374557669e-09
1 May 2026,HEL1OS,B-Class,28506,28660,28710,4.0649105066233766e-07,1.0870664374557669e-09
1 May 2026,HEL1OS,B-Class,31498,31532,31619,3.5307007786428107e-07,1.832338962483505e-08
1 May 2026,HEL1OS,B-Class,31690,31749,31964,4.1966326221052195e-07,1.832338962483505e-08
1 May 2026,HEL1OS,B-Class,32282,32618,32708,3.857821822226579e-07,1.832338962483505e-08
1 May 2026,HEL1OS,B-Class,32814,32818,32978,3.4865608251591435e-07,2.2295479826068583e-08
1 May 2026,HEL1OS,B-Class,33140,33266,33384,3.7901001112345695e-07,2.2295479826068583e-08
1 May 2026,HEL1OS,B-Class,36024,36147,36245,4.3784103549396754e-07,1.65011629082814e-08
1 May 2026,HEL1OS,B-Class,36246,36404,36419,3.5412579633935433e-07,1.65011629082814e-08
1 May 2026,HEL1OS,B-Class,36563,36674,36747,6.791819193042532e-07,1.65011629082814e-08
1 May 2026,HEL1OS,B-Class,36934,37162,37166,4.0289210233591445e-07,1.65011629082814e-08
1 May 2026,HEL1OS,B-Class,38997,39196,39209,3.7004853878044996e-07,-9.266761047628348e-08
1 May 2026,HEL1OS,B-Class,39210,39255,39335,3.5131560319545723e-07,-9.266761047628348e-08
1 May 2026,HEL1OS,B-Class,39563,39718,39929,3.9864495904538976e-07,-9.266761047628348e-08
1 May 2026,HEL1OS,B-Class,39960,40094,40116,3.4796541611890766e-07,-9.266761047628348e-08
1 May 2026,HEL1OS,B-Class,42638,42930,43068,4.292071999190867e-07,-2.7261502679744205e-07
1 May 2026,HEL1OS,C-Class,43179,43826,43907,3.1447739913033565e-06,-2.7261502679744205e-07
1 May 2026,HEL1OS,B-Class,44001,44178,44317,4.0531398523610643e-07,-2.7261502679744205e-07
1 May 2026,HEL1OS,B-Class,44323,44431,44444,4.46213975123859e-07,-2.7261502679744205e-07
1 May 2026,HEL1OS,B-Class,46373,46430,46507,3.6799575285669633e-07,-5.5866113863887174e-08
1 May 2026,HEL1OS,B-Class,46509,46520,46634,3.4664172312669404e-07,-5.5866113863887174e-08
1 May 2026,HEL1OS,B-Class,46635,46721,46793,3.994438264738457e-07,-5.5866113863887174e-08
1 May 2026,HEL1OS,B-Class,46794,46934,46970,4.0311356052177755e-07,-5.5866113863887174e-08
1 May 2026,HEL1OS,B-Class,46974,46991,47097,4.294832642329708e-07,-5.5866113863887174e-08
1 May 2026,HEL1OS,B-Class,47201,47248,47395,3.342380422691761e-07,-5.5866113863887174e-08
1 May 2026,HEL1OS,B-Class,47911,47934,48161,5.364253210637891e-07,-3.036505207806541e-08
1 May 2026,HEL1OS,B-Class,48166,48356,48433,4.7565679037312486e-07,-3.036505207806541e-08
1 May 2026,HEL1OS,B-Class,48513,48529,48667,3.786763070077729e-07,-3.036505207806541e-08
1 May 2026,HEL1OS,B-Class,48669,48715,48857,3.5826473859842996e-07,-3.036505207806541e-08
1 May 2026,HEL1OS,B-Class,48891,49094,49112,3.921164930730976e-07,-3.036505207806541e-08
1 May 2026,HEL1OS,C-Class,55597,55674,55920,3.2783001314590806e-06,6.56193750631992e-08
1 May 2026,HEL1OS,B-Class,56658,56709,56848,4.3676205885325573e-07,2.3989281019313513e-08
1 May 2026,HEL1OS,B-Class,56849,56990,57012,3.3867125088480943e-07,1.0388310243704746e-08
1 May 2026,HEL1OS,B-Class,57421,57505,57564,3.499059561128402e-07,7.95530387298991e-09
1 May 2026,HEL1OS,B-Class,57567,57742,57761,4.2190009101019833e-07,7.95530387298991e-09
1 May 2026,HEL1OS,B-Class,57912,58204,58340,3.8778541814135536e-07,7.95530387298991e-09
1 May 2026,HEL1OS,B-Class,58590,58802,58853,4.385337243401603e-07,8.673273334007179e-09
1 May 2026,HEL1OS,B-Class,58854,59020,59081,3.3769440792798876e-07,8.673273334007179e-09
1 May 2026,HEL1OS,B-Class,59190,59422,59480,3.8972494691069496e-07,-1.855192638284897e-08
1 May 2026,HEL1OS,B-Class,59619,59744,59755,3.784508039235379e-07,-1.855192638284897e-08
1 May 2026,HEL1OS,B-Class,59850,59863,60032,3.522439073718147e-07,-1.855192638284897e-08
1 May 2026,HEL1OS,B-Class,60081,60098,60236,4.615997573060812e-07,-1.855192638284897e-08
1 May 2026,HEL1OS,B-Class,60237,60348,60358,3.998816867226068e-07,-1.855192638284897e-08
1 May 2026,HEL1OS,B-Class,66371,66462,66718,3.814167256547543e-07,-2.713115582970902e-09
1 May 2026,HEL1OS,B-Class,66748,66765,66898,3.6846496106784e-07,-2.713115582970902e-09
1 May 2026,HEL1OS,B-Class,66973,66990,67358,5.475619375063007e-07,-2.713115582970902e-09
1 May 2026,HEL1OS,B-Class,67359,67498,67517,3.8669228435634174e-07,-2.713115582970902e-09
1 May 2026,HEL1OS,B-Class,73293,73405,73432,3.902396602285229e-07,9.506522398624392e-09
1 May 2026,HEL1OS,B-Class,73433,73626,73643,3.29675396905641e-07,9.506522398624392e-09
1 May 2026,HEL1OS,B-Class,73646,73780,73793,5.057083628273658e-07,9.506522398624392e-09
1 May 2026,HEL1OS,B-Class,73794,74024,74175,5.44270401456144e-07,9.506522398624392e-09
1 May 2026,HEL1OS,B-Class,76191,76225,76315,3.933653554454304e-07,3.1862675700271914e-08
1 May 2026,HEL1OS,B-Class,77004,77017,77191,4.100060673475433e-07,-1.5880271008190396e-08
1 May 2026,HEL1OS,B-Class,77193,77328,77477,4.5162301547172016e-07,-1.5880271008190396e-08
1 May 2026,HEL1OS,B-Class,77508,77628,77715,3.5178784508037985e-07,-1.5880271008190396e-08
1 May 2026,HEL1OS,B-Class,77716,77734,78025,3.7205278592374045e-07,-1.5880271008190396e-08
1 May 2026,HEL1OS,B-Class,78120,78400,78447,4.064516129032113e-07,3.1145717463843274e-10
1 May 2026,HEL1OS,B-Class,78676,78854,78875,4.249550005055971e-07,-3.1560319546970935e-09
1 May 2026,HEL1OS,B-Class,79023,79035,79480,4.692122560420502e-07,-3.1560319546970935e-09
1 May 2026,HEL1OS,B-Class,81985,82269,82283,4.366831833350031e-07,2.6682172110424763e-08
1 May 2026,HEL1OS,B-Class,82292,82411,82473,3.494761856608228e-07,7.230255839822173e-10
1 May 2026,HEL1OS,B-Class,82631,82664,82880,4.229730003033523e-07,7.230255839822173e-10
1 May 2026,HEL1OS,B-Class,82958,83132,83276,5.141500657295802e-07,7.230255839822173e-10
1 May 2026,HEL1OS,B-Class,83300,83371,83553,3.444514106582949e-07,2.5295783193446295e-08
1 May 2026,HEL1OS,B-Class,83841,83963,84013,3.936768126200689e-07,2.5295783193446295e-08
1 May 2026,HEL1OS,B-Class,85791,86186,86386,4.052078066538434e-07,1.8946556780260938e-08
1 feb 2026,SoLEXS,M-Class,7305,7534,7678,1.0795077358680979e-05,1.0636151279198731e-06
1 feb 2026,SoLEXS,M-Class,35975,36117,36482,5.41555142077036e-05,1.5256456669025645e-06
1 feb 2026,SoLEXS,M-Class,39566,39569,40157,1.0248667205986084e-05,1.9036323187379237e-06
1 feb 2026,SoLEXS,X-Class,85980,86163,86399,0.0002723950874709176,6.225840833248842e-06
1 feb 2026,HEL1OS,B-Class,768,798,1144,3.7444938820910795e-07,1.148460410557202e-08
1 feb 2026,HEL1OS,B-Class,2820,2962,3024,3.904024673879929e-07,2.1447062392556632e-08
1 feb 2026,HEL1OS,B-Class,3432,3558,3629,3.4432500758417216e-07,2.1447062392556632e-08
1 feb 2026,HEL1OS,B-Class,4130,4136,4256,3.4913944787135975e-07,2.412377389018016e-08
1 feb 2026,HEL1OS,B-Class,4684,4819,4841,2.9820103144907425e-07,1.541207402163969e-08
1 feb 2026,HEL1OS,B-Class,5040,5093,5277,3.1981696834865885e-07,1.541207402163969e-08
1 feb 2026,HEL1OS,B-Class,5334,5412,5485,2.9816361613913385e-07,1.541207402163969e-08
1 feb 2026,HEL1OS,C-Class,7134,7457,7696,8.278714733542024e-06,7.87511376276643e-08
1 feb 2026,HEL1OS,B-Class,10581,10724,10736,4.7189705733641756e-07,4.8456871271107576e-08
1 feb 2026,HEL1OS,C-Class,13051,13271,13353,2.4715845889371147e-06,1.8968854282535473e-07
1 feb 2026,HEL1OS,C-Class,13402,13517,13747,1.83116493073105e-06,2.031408635857952e-07
1 feb 2026,HEL1OS,C-Class,15073,15260,15745,6.3617099807865055e-06,7.161492567498992e-08
1 feb 2026,HEL1OS,B-Class,21330,21415,21486,3.3380422691878676e-07,-1.2529072707047798e-08
1 feb 2026,HEL1OS,B-Class,21487,21600,21612,3.4762261098188666e-07,-1.2529072707047798e-08
1 feb 2026,HEL1OS,B-Class,21702,21817,21865,3.24769946405085e-07,-1.2529072707047798e-08
1 feb 2026,HEL1OS,B-Class,21970,22082,22133,4.191718070583328e-07,-1.2529072707047798e-08
1 feb 2026,HEL1OS,B-Class,22137,22268,22290,3.6412175144098203e-07,-1.2529072707047798e-08
1 feb 2026,HEL1OS,B-Class,22836,22908,23003,2.96634644554545e-07,1.190211345939893e-08
1 feb 2026,HEL1OS,B-Class,23059,23114,23351,2.802881990089899e-07,1.190211345939893e-08
1 feb 2026,HEL1OS,B-Class,25460,25547,25807,9.371402568510132e-07,5.098998887652767e-08
1 feb 2026,HEL1OS,B-Class,27952,28025,28188,6.05443421984001e-07,4.979371018302987e-08
1 feb 2026,HEL1OS,B-Class,29583,29773,29796,4.058145414096326e-07,-2.4289614723429205e-08
1 feb 2026,HEL1OS,B-Class,30054,30310,30339,3.4400444938819684e-07,-5.591970876731522e-08
1 feb 2026,HEL1OS,B-Class,30343,30521,30873,6.476721609869321e-07,-5.591970876731522e-08
1 feb 2026,HEL1OS,X-Class,35828,36061,36428,0.00011571527859237124,1.4291738295074818e-07
1 feb 2026,HEL1OS,M-Class,36627,36767,37005,2.1681484477701725e-05,8.220093032662262e-07
1 feb 2026,HEL1OS,M-Class,37848,38153,38495,1.3085554656688782e-05,7.911072909292873e-07
1 feb 2026,HEL1OS,C-Class,39557,39882,40168,2.2242430983920734e-06,2.9322985134997445e-07
1 feb 2026,HEL1OS,C-Class,83688,84191,84577,6.279635959146302e-06,-2.9032258064515046e-09
1 feb 2026,HEL1OS,X-Class,85795,86233,86399,0.0009889207978561688,4.2252705025784726e-07
1 jan 2026,SoLEXS,C-Class,8434,8701,9025,5.223709171806872e-06,1.3881383355242704e-07
1 jan 2026,SoLEXS,C-Class,24435,24473,24591,2.6175457579127388e-06,3.762068965517107e-07
1 jan 2026,HEL1OS,C-Class,8377,8571,9086,5.201917281828109e-06,-1.6159368995853399e-09
1 jan 2026,HEL1OS,B-Class,22626,22890,23083,6.524168267772039e-07,5.480837293962796e-10
1 jan 2026,HEL1OS,C-Class,24300,24455,24597,2.153679846293785e-06,-5.4626352512891165e-09
1 jan 2026,HEL1OS,B-Class,64213,64455,64478,2.6461219536858195e-07,1.3347153402770277e-08
20 January 2026,SoLEXS,C-Class,27115,27184,27314,1.5865952067953726e-06,2.5043684902415935e-07
20 January 2026,SoLEXS,C-Class,29692,29762,29871,1.3894569723935192e-06,1.93057943169171e-07
20 January 2026,HEL1OS,B-Class,27045,27116,27229,6.582809181919069e-07,-1.0850439882697561e-09
20 January 2026,HEL1OS,B-Class,29631,29714,29774,3.3953281423803014e-07,-1.6422287390028739e-09
20 January 2026,HEL1OS,B-Class,43963,44017,44198,3.2459500455049906e-07,-4.0920214379612255e-08
20 January 2026,HEL1OS,B-Class,44262,44278,44466,3.6362928506419984e-07,-3.5738699565172126e-08
20 January 2026,HEL1OS,B-Class,51702,51866,51919,3.586115886338228e-07,1.3649509556071874e-08
20 January 2026,HEL1OS,B-Class,51920,52106,52262,3.814379613712069e-07,1.3649509556071874e-08
20 January 2026,HEL1OS,B-Class,52325,52395,52616,3.6219840226513023e-07,1.3649509556071874e-08
20 January 2026,HEL1OS,B-Class,52722,52801,52864,4.4106279704720847e-07,1.3649509556071874e-08
20 January 2026,HEL1OS,B-Class,67695,67872,67912,3.583203559510439e-07,4.085347355647546e-08
20 January 2026,HEL1OS,B-Class,67913,67988,68305,3.8560521791888605e-07,1.3209626858124742e-08
20 January 2026,HEL1OS,B-Class,68355,68376,68625,4.677955303872823e-07,1.3209626858124742e-08
20 January 2026,HEL1OS,B-Class,68627,68795,68827,5.225634543431909e-07,1.3209626858124742e-08
20 January 2026,HEL1OS,B-Class,69043,69181,69206,3.680260895944858e-07,1.873394680958575e-08
20 January 2026,HEL1OS,B-Class,69365,69399,69555,3.3881686722619885e-07,1.873394680958575e-08
20 January 2026,HEL1OS,B-Class,69622,69716,69781,3.035584993426932e-07,1.873394680958575e-08
20 January 2026,HEL1OS,B-Class,74834,74982,74998,3.878582263120501e-07,1.7772272221659843e-08
20 January 2026,HEL1OS,B-Class,74999,75200,75219,3.924127818788413e-07,1.7772272221659843e-08
20 January 2026,HEL1OS,B-Class,75220,75388,75403,4.323440186065171e-07,1.7772272221659843e-08
20 January 2026,HEL1OS,B-Class,75438,75561,75658,4.014298715744623e-07,1.7772272221659843e-08
20 January 2026,HEL1OS,B-Class,75659,75925,75950,3.919668318333362e-07,1.7772272221659843e-08
20 January 2026,HEL1OS,B-Class,77572,77719,77730,3.387470927292831e-07,2.6366670037414353e-08
20 January 2026,HEL1OS,B-Class,78252,78321,78393,4.0126403074121327e-07,2.8403276367680288e-08
20 January 2026,HEL1OS,B-Class,82784,82824,83059,3.4632723227827666e-07,2.7700475275557704e-08
20 January 2026,HEL1OS,B-Class,85925,86027,86145,3.212984123773776e-07,-8.864369501466287e-08
20 January 2026,HEL1OS,B-Class,86147,86345,86379,3.7425523308725534e-07,-8.864369501466287e-08
21 April 2026,SoLEXS,B-Class,4189,4491,4655,3.3045302861764417e-07,2.3262210536959432e-08
21 April 2026,SoLEXS,C-Class,21642,21723,22240,2.415867125088396e-06,2.4582869855394007e-08
21 April 2026,SoLEXS,B-Class,41307,41400,41843,7.766032965921453e-07,7.153807260592323e-08
21 April 2026,SoLEXS,C-Class,42520,42592,42746,1.8597360703811652e-06,2.689998988775311e-07
21 April 2026,SoLEXS,B-Class,59870,60082,60103,2.896228132268073e-07,3.3244008494285394e-08
21 April 2026,SoLEXS,B-Class,66448,66606,66648,3.422388512488502e-07,4.155526342400499e-08
21 April 2026,SoLEXS,B-Class,77046,77139,77564,5.316513297603208e-07,4.0239660228535325e-08
21 April 2026,SoLEXS,B-Class,83878,84042,84252,2.592648397208928e-07,2.4068156537566136e-08
21 April 2026,HEL1OS,B-Class,678,891,1009,3.201284255232974e-07,-4.8973607038123e-08
21 April 2026,HEL1OS,B-Class,4103,4505,4546,4.4342097279804264e-07,-9.27798564061042e-09
21 April 2026,HEL1OS,B-Class,4764,4838,5147,3.8324299726967983e-07,-9.27798564061042e-09
21 April 2026,HEL1OS,B-Class,19605,19618,19736,3.268095864091298e-07,2.052785923753611e-09
21 April 2026,HEL1OS,B-Class,19794,19956,20078,4.034856911719949e-07,2.052785923753611e-09
21 April 2026,HEL1OS,B-Class,20640,20754,20818,4.271837395085296e-07,2.052785923753611e-09
21 April 2026,HEL1OS,C-Class,21634,21664,21788,4.049840226514164e-06,6.476792395590829e-08
21 April 2026,HEL1OS,B-Class,23845,23955,24116,3.81099201132558e-07,2.1357063403781176e-09
21 April 2026,HEL1OS,B-Class,24194,24329,24352,2.844524218828901e-07,2.1357063403781176e-09
21 April 2026,HEL1OS,B-Class,24353,24372,24486,3.076013752654355e-07,2.1357063403781176e-09
21 April 2026,HEL1OS,B-Class,24487,24536,24609,3.7025887349579027e-07,2.1357063403781176e-09
21 April 2026,HEL1OS,B-Class,24610,24827,24953,5.20815047021925e-07,2.1357063403781176e-09
21 April 2026,HEL1OS,B-Class,26997,27047,27265,3.8854080291231294e-07,-3.057639801799869e-08
21 April 2026,HEL1OS,B-Class,27266,27562,27596,3.8718171705934507e-07,-3.057639801799869e-08
21 April 2026,HEL1OS,B-Class,27597,27615,27801,4.108484174334973e-07,-3.057639801799869e-08
21 April 2026,HEL1OS,B-Class,27865,28047,28066,4.007523510971644e-07,-3.057639801799869e-08
21 April 2026,HEL1OS,B-Class,28107,28331,28371,3.4911416725653527e-07,-3.057639801799869e-08
21 April 2026,HEL1OS,B-Class,28373,28405,28517,3.775356456668892e-07,-2.3793103448275005e-08
21 April 2026,HEL1OS,B-Class,28519,28669,28688,4.006461725149013e-07,-2.3793103448275005e-08
21 April 2026,HEL1OS,B-Class,28926,29032,29066,3.8286378804731167e-07,2.7620588532712097e-08
21 April 2026,HEL1OS,B-Class,29099,29185,29264,3.535534432197265e-07,2.7620588532712097e-08
21 April 2026,HEL1OS,B-Class,29639,29763,29771,3.47265648700564e-07,2.7620588532712097e-08
21 April 2026,HEL1OS,B-Class,33528,33681,33756,3.879300232581518e-07,1.146930933360256e-08
21 April 2026,HEL1OS,B-Class,33767,34001,34013,4.613914450399269e-07,1.146930933360256e-08
21 April 2026,HEL1OS,B-Class,34070,34214,34290,4.1214278491251434e-07,1.146930933360256e-08
21 April 2026,HEL1OS,B-Class,34291,34377,34640,3.484437253513881e-07,1.146930933360256e-08
21 April 2026,HEL1OS,B-Class,39145,39354,39516,3.8978764283545985e-07,5.154919607644674e-08
21 April 2026,HEL1OS,B-Class,39520,39580,39743,3.5709576296894266e-07,-4.948933158054227e-08
21 April 2026,HEL1OS,B-Class,40003,40014,40317,4.859480230559034e-07,-4.948933158054227e-08
21 April 2026,HEL1OS,B-Class,42498,42556,43094,6.964677924966887e-07,-3.710587521488389e-08
21 April 2026,HEL1OS,C-Class,43184,43826,43984,3.694380624936667e-06,-3.1126504196580954e-07
21 April 2026,HEL1OS,B-Class,44619,44631,45047,4.5118212154917996e-07,-5.8064516129030225e-09
21 April 2026,HEL1OS,B-Class,45202,45312,45391,3.605632520982782e-07,-5.8064516129030225e-09
21 April 2026,HEL1OS,B-Class,45392,45559,45564,3.468601476387782e-07,-5.8064516129030225e-09
21 April 2026,HEL1OS,B-Class,45884,45901,46081,3.570441905147006e-07,1.1966831833349791e-08
21 April 2026,HEL1OS,B-Class,46122,46170,46463,4.611254929719726e-07,1.1966831833349791e-08
21 April 2026,HEL1OS,B-Class,46750,47030,47105,3.891161897057197e-07,1.1966831833349791e-08
21 April 2026,HEL1OS,B-Class,47803,47920,47953,3.8285468702597477e-07,7.939124279502207e-09
21 April 2026,HEL1OS,B-Class,47960,48072,48207,5.797633734452214e-07,7.939124279502207e-09
21 April 2026,HEL1OS,B-Class,48529,48648,48679,3.184791182121436e-07,-1.6513297603397118e-08
21 April 2026,HEL1OS,B-Class,48862,48892,49026,3.1487915866112736e-07,-1.6513297603397118e-08
21 April 2026,HEL1OS,B-Class,49050,49147,49289,4.5024168267770667e-07,-1.6513297603397118e-08
21 April 2026,HEL1OS,B-Class,49290,49370,49445,3.893356254423969e-07,-1.6513297603397118e-08
21 April 2026,HEL1OS,B-Class,49692,49981,50023,4.78020022246924e-07,1.3085246233187939e-08
21 April 2026,HEL1OS,B-Class,50514,50592,50776,3.983567600363899e-07,2.162706037010745e-08
21 April 2026,HEL1OS,B-Class,50777,50794,50908,3.894862979067512e-07,-7.620588532712825e-09
21 April 2026,HEL1OS,B-Class,50910,50921,51076,4.960339771463065e-07,-7.620588532712825e-09
21 April 2026,HEL1OS,B-Class,51077,51154,51201,4.1760845383758243e-07,-7.620588532712825e-09
21 April 2026,HEL1OS,B-Class,51498,51634,51670,4.4045302861764025e-07,-7.620588532712825e-09
21 April 2026,HEL1OS,B-Class,52914,52968,53102,4.2469410456060773e-07,-2.8542825361511776e-08
21 April 2026,HEL1OS,B-Class,53223,53260,53395,3.6554555566790084e-07,-2.8542825361511776e-08
21 April 2026,HEL1OS,B-Class,54238,54250,54372,4.2946202851651824e-07,-4.1601779755281885e-09
21 April 2026,HEL1OS,B-Class,54530,54640,54821,4.7420972798056756e-07,1.2254019617756654e-08
21 April 2026,HEL1OS,B-Class,55249,55359,55382,3.523571645262287e-07,1.2870866619475746e-08
21 April 2026,HEL1OS,B-Class,55383,55523,55558,4.112185256345287e-07,1.2870866619475746e-08
21 April 2026,HEL1OS,B-Class,55958,56157,56172,3.571786833855672e-07,1.2870866619475746e-08
21 April 2026,HEL1OS,B-Class,56173,56225,56336,4.256729699666144e-07,1.2870866619475746e-08
21 April 2026,HEL1OS,B-Class,56361,56510,56598,3.0579735059155544e-07,2.0040448983718598e-08
21 April 2026,HEL1OS,B-Class,57548,57595,57713,4.5569117200928696e-07,2.378197997775223e-08
21 April 2026,HEL1OS,B-Class,58337,58354,58485,4.131904135908438e-07,-5.550712913337848e-08
21 April 2026,HEL1OS,B-Class,58670,58688,58794,4.874486803518888e-07,-5.550712913337848e-08
21 April 2026,HEL1OS,B-Class,59163,59229,59319,3.5944989382140495e-07,-5.550712913337848e-08
21 April 2026,HEL1OS,B-Class,59456,59575,59689,3.6467489129334324e-07,-7.943169177874098e-09
21 April 2026,HEL1OS,B-Class,59861,60101,60123,4.0361816159367556e-07,2.5641622004246247e-08
21 April 2026,HEL1OS,B-Class,60239,60308,60478,3.244079280007974e-07,2.5641622004246247e-08
21 April 2026,HEL1OS,B-Class,60708,60795,60842,3.3737182728282755e-07,-5.73010415613287e-08
21 April 2026,HEL1OS,B-Class,61227,61523,61580,4.3072100313478086e-07,-5.73010415613287e-08
21 April 2026,HEL1OS,B-Class,62028,62121,62246,3.9287895641620603e-07,2.9846293861865704e-08
21 April 2026,HEL1OS,B-Class,62974,62988,63099,3.8576802507835613e-07,-5.473758721811873e-09
21 April 2026,HEL1OS,B-Class,64196,64296,64394,3.527586206896426e-07,1.2248963494791746e-08
21 April 2026,HEL1OS,B-Class,64977,65078,65126,3.5921427849124015e-07,-4.151582566487866e-08
21 April 2026,HEL1OS,B-Class,65222,65233,65452,3.6246233188389843e-07,-4.151582566487866e-08
21 April 2026,HEL1OS,B-Class,65913,66070,66108,3.5696531499644797e-07,-4.151582566487866e-08
21 April 2026,HEL1OS,B-Class,66150,66237,66299,3.623986247345406e-07,-2.5437354636463817e-08
21 April 2026,HEL1OS,B-Class,66473,66480,66709,3.8952371321669155e-07,1.1529982809181519e-08
21 April 2026,HEL1OS,B-Class,66759,66779,66897,5.055728587319063e-07,1.1529982809181519e-08
21 April 2026,HEL1OS,B-Class,67921,67970,68289,3.917949236525293e-07,7.240368085751752e-10
21 April 2026,HEL1OS,B-Class,69000,69014,69356,3.364121751440875e-07,1.2931540095054684e-08
21 April 2026,HEL1OS,B-Class,70015,70088,70337,3.932925472747357e-07,-6.160481342906038e-08
21 April 2026,HEL1OS,B-Class,70338,70482,70496,3.842430983921392e-07,-6.160481342906038e-08
21 April 2026,HEL1OS,B-Class,70606,70618,70801,4.343411871776566e-07,-6.160481342906038e-08
21 April 2026,HEL1OS,B-Class,70998,71079,71199,4.191809080796695e-07,-6.160481342906038e-08
21 April 2026,HEL1OS,B-Class,71489,71625,71656,3.735008595408907e-07,-1.634947921933398e-08
21 April 2026,HEL1OS,B-Class,71823,71861,71964,3.571968854282409e-07,-1.634947921933398e-08
21 April 2026,HEL1OS,B-Class,71965,72052,72201,3.913924562645224e-07,-1.634947921933398e-08
21 April 2026,HEL1OS,B-Class,72406,72441,72547,3.665314996460583e-07,1.8098897765192994e-08
21 April 2026,HEL1OS,B-Class,72670,72752,72855,3.483082212559285e-07,1.8098897765192994e-08
21 April 2026,HEL1OS,B-Class,73069,73235,73315,3.3999494387702294e-07,6.856102740418397e-09
21 April 2026,HEL1OS,B-Class,73467,73585,73619,3.646374759834029e-07,6.856102740418397e-09
21 April 2026,HEL1OS,B-Class,73770,73801,73920,3.4042066943066847e-07,6.856102740418397e-09
21 April 2026,HEL1OS,B-Class,74870,74911,75005,3.3408635858022876e-07,3.541308524623194e-08
21 April 2026,HEL1OS,B-Class,75532,75843,75901,3.921336838911783e-07,6.767114976236005e-09
21 April 2026,HEL1OS,B-Class,75960,75984,76138,4.4216098695518694e-07,6.767114976236005e-09
21 April 2026,HEL1OS,B-Class,76421,76442,76739,3.7851754474667486e-07,1.158256648801657e-08
21 April 2026,HEL1OS,B-Class,78513,78661,78670,3.9182121549194677e-07,3.153503893214569e-08
21 April 2026,HEL1OS,B-Class,78920,79075,79095,3.430862574577692e-07,2.009101021336768e-08
21 April 2026,HEL1OS,B-Class,79519,79538,79673,4.2252907270703315e-07,7.547780362018141e-09
21 April 2026,HEL1OS,B-Class,79800,79817,79953,4.6804631408634186e-07,7.547780362018141e-09
21 April 2026,HEL1OS,B-Class,80078,80104,80201,3.29164728486185e-07,7.547780362018141e-09
21 April 2026,HEL1OS,B-Class,80203,80221,80422,4.6224188492262486e-07,7.547780362018141e-09
21 April 2026,HEL1OS,B-Class,80890,80975,81026,4.846779249671179e-07,5.4939832136716055e-09
21 April 2026,HEL1OS,B-Class,81115,81145,81659,4.4625341288298537e-07,5.4939832136716055e-09
21 April 2026,HEL1OS,B-Class,82121,82249,82432,3.499544948933033e-07,1.1850541005156863e-08
21 April 2026,HEL1OS,B-Class,82727,82761,82929,3.278187885529259e-07,2.3412883001313746e-08
21 April 2026,HEL1OS,B-Class,82930,82964,83066,3.2605622408735817e-07,2.3412883001313746e-08
21 April 2026,HEL1OS,B-Class,83414,83516,83587,3.2392961876831696e-07,2.3412883001313746e-08
21 April 2026,HEL1OS,B-Class,83791,84058,84241,3.9475477803618777e-07,-5.5334209727978736e-09
21 April 2026,HEL1OS,B-Class,84438,84544,84674,3.8614824552531743e-07,-5.5334209727978736e-09
21 April 2026,HEL1OS,B-Class,85925,85937,86115,3.80307412276253e-07,-1.088159824046922e-07
21 January 2026,SoLEXS,C-Class,5028,5567,5572,4.992614015572681e-06,3.039548993831422e-07
21 January 2026,SoLEXS,C-Class,18569,18794,19068,2.2906360602689042e-06,1.6532409748204485e-07
21 January 2026,SoLEXS,M-Class,25385,25908,26187,2.3254842754574962e-05,1.692122560420609e-07
21 January 2026,SoLEXS,C-Class,66035,66603,66615,3.3738386085548397e-06,2.236849024168188e-07
21 January 2026,SoLEXS,C-Class,70397,70643,70890,3.860715947011694e-06,2.7353018505409075e-07
21 January 2026,HEL1OS,B-Class,3282,3332,3674,3.435918697542602e-07,4.2156942056829306e-08
21 January 2026,HEL1OS,B-Class,3675,3823,3893,3.127222166042967e-07,2.1104257255535766e-09
21 January 2026,HEL1OS,B-Class,4132,4258,4277,3.6299726969358605e-07,2.1104257255535766e-09
21 January 2026,HEL1OS,B-Class,4318,4395,4473,2.7560926281726184e-07,2.1104257255535766e-09
21 January 2026,HEL1OS,C-Class,4826,5111,5444,1.8494468601475728e-06,2.5401961775709513e-08
21 January 2026,HEL1OS,B-Class,7586,7651,8013,3.4451410658305987e-07,1.014258266761012e-08
21 January 2026,HEL1OS,B-Class,8044,8186,8290,3.611881888967411e-07,1.014258266761012e-08
21 January 2026,HEL1OS,B-Class,8291,8493,8639,3.066447568004745e-07,1.014258266761012e-08
21 January 2026,HEL1OS,B-Class,13196,13250,13369,3.438659116189583e-07,-6.054201638183604e-09
21 January 2026,HEL1OS,B-Class,13370,13467,13556,3.5922439073716986e-07,-6.054201638183604e-09
21 January 2026,HEL1OS,B-Class,13633,13668,13789,2.6448478106986616e-07,-6.054201638183604e-09
21 January 2026,HEL1OS,B-Class,13865,14093,14116,3.2089291131559175e-07,-6.054201638183604e-09
21 January 2026,HEL1OS,C-Class,18393,18593,18611,1.1740034381635742e-06,2.5088482151885045e-08
21 January 2026,HEL1OS,B-Class,20334,20391,20502,2.601810092021345e-07,-1.4204671857619031e-08
21 January 2026,HEL1OS,B-Class,20503,20611,20666,3.478632824350164e-07,-1.4204671857619031e-08
21 January 2026,HEL1OS,B-Class,20746,20898,20933,3.8013449287085304e-07,-1.4204671857619031e-08
21 January 2026,HEL1OS,B-Class,21038,21142,21210,3.159621802002112e-07,-1.4204671857619031e-08
21 January 2026,HEL1OS,B-Class,21384,21403,21534,3.320942461320541e-07,-1.4204671857619031e-08
21 January 2026,HEL1OS,B-Class,22756,22861,22918,3.4881990089997746e-07,-2.1280210334714595e-08
21 January 2026,HEL1OS,B-Class,22993,23101,23181,3.578511477399003e-07,-2.1280210334714595e-08
21 January 2026,HEL1OS,B-Class,23357,23484,23496,3.341450096066217e-07,-2.1280210334714595e-08
21 January 2026,HEL1OS,B-Class,23666,23708,23795,2.9827990696732684e-07,-2.1280210334714595e-08
21 January 2026,HEL1OS,B-Class,24653,24751,24793,3.7673576701384033e-07,-1.0026392961876474e-07
21 January 2026,HEL1OS,B-Class,24794,24930,24966,3.117736879360795e-07,-1.0026392961876474e-07
21 January 2026,HEL1OS,B-Class,25016,25125,25184,3.2701587622609813e-07,-1.0026392961876474e-07
21 January 2026,HEL1OS,M-Class,25296,25815,26449,1.1846435433309316e-05,-1.0026392961876474e-07
21 January 2026,HEL1OS,C-Class,26483,26537,26621,1.2496076448578784e-06,1.4831529982808655e-07
21 January 2026,HEL1OS,B-Class,26801,26831,27400,7.467701486499886e-07,-1.9258772373343398e-08
21 January 2026,HEL1OS,B-Class,27401,27569,27787,5.739933259176658e-07,-1.9258772373343398e-08
21 January 2026,HEL1OS,B-Class,27788,27799,28031,4.3319041359084306e-07,-1.9258772373343398e-08
21 January 2026,HEL1OS,B-Class,28032,28049,28184,5.128799676407947e-07,1.6473859844270816e-08
21 January 2026,HEL1OS,B-Class,28186,28204,28320,4.004277480028171e-07,1.6473859844270816e-08
21 January 2026,HEL1OS,B-Class,28391,28430,28525,3.017929012033465e-07,1.6473859844270816e-08
21 January 2026,HEL1OS,B-Class,28567,28581,28715,2.8653251087065417e-07,1.6473859844270816e-08
21 January 2026,HEL1OS,B-Class,28789,28869,28959,3.5903529173828226e-07,1.53605015673976e-08
21 January 2026,HEL1OS,B-Class,29275,29505,29518,3.694397815754747e-07,-2.2246941045604967e-09
21 January 2026,HEL1OS,B-Class,29519,29655,29668,5.036798462938439e-07,-2.2246941045604967e-09
21 January 2026,HEL1OS,B-Class,29831,30030,30075,3.176367681261895e-07,-2.2246941045604967e-09
21 January 2026,HEL1OS,B-Class,30870,30887,30997,2.927485084437149e-07,2.007280817069404e-09
21 January 2026,HEL1OS,B-Class,31161,31286,31429,3.1814035797349464e-07,2.007280817069404e-09
21 January 2026,HEL1OS,B-Class,31578,31617,31741,3.2564971180097936e-07,2.007280817069404e-09
21 January 2026,HEL1OS,B-Class,31744,31936,31987,3.8415208817877076e-07,2.007280817069404e-09
21 January 2026,HEL1OS,B-Class,32121,32202,32242,3.7950247750023925e-07,1.7278794620284556e-08
21 January 2026,HEL1OS,B-Class,32244,32255,32400,2.8097583173221767e-07,1.7278794620284556e-08
21 January 2026,HEL1OS,B-Class,36584,36741,36812,3.342714126807445e-07,-1.4157144301748928e-09
21 January 2026,HEL1OS,B-Class,36814,36924,36998,2.9985236120941393e-07,-1.4157144301748928e-09
21 January 2026,HEL1OS,B-Class,37245,37346,37367,3.28151481444017e-07,-1.4157144301748928e-09
21 January 2026,HEL1OS,B-Class,37529,37627,37664,2.6870866619475226e-07,-1.4157144301748928e-09
21 January 2026,HEL1OS,B-Class,40397,40509,40531,4.289928203053745e-07,-4.868641925371453e-08
21 January 2026,HEL1OS,B-Class,40727,40739,40885,4.5456365658811206e-07,-4.868641925371453e-08
21 January 2026,HEL1OS,B-Class,41254,41363,41402,3.367185761957611e-07,-4.868641925371453e-08
21 January 2026,HEL1OS,B-Class,41451,41558,41598,3.8262210536958894e-07,1.2022449185963782e-08
21 January 2026,HEL1OS,B-Class,41626,41640,41849,2.79436747901699e-07,1.2022449185963782e-08
21 January 2026,HEL1OS,B-Class,42578,42855,42950,3.3899484275456367e-07,-4.9491354029728226e-08
21 January 2026,HEL1OS,B-Class,42952,43043,43109,3.278066538578101e-07,-2.783233896248258e-07
21 January 2026,HEL1OS,B-Class,43221,43238,43382,2.808352715137932e-07,-2.783233896248258e-07
21 January 2026,HEL1OS,C-Class,43768,43838,44108,1.4050733137829413e-06,-2.783233896248258e-07
21 January 2026,HEL1OS,B-Class,44757,44808,44999,4.4317018909898307e-07,2.3996359591464417e-08
21 January 2026,HEL1OS,B-Class,45232,45305,45381,3.420689655172292e-07,1.3463444230963215e-08
21 January 2026,HEL1OS,B-Class,45399,45453,45524,2.8479219334613203e-07,1.3463444230963215e-08
21 January 2026,HEL1OS,B-Class,45573,45725,45795,3.633785013651402e-07,1.3463444230963215e-08
21 January 2026,HEL1OS,B-Class,45942,46036,46099,3.287369804833536e-07,1.3463444230963215e-08
21 January 2026,HEL1OS,B-Class,47544,47553,47671,2.8649105066234193e-07,-4.70512690868625e-08
21 January 2026,HEL1OS,B-Class,48042,48061,48166,4.3352310648193414e-07,-4.70512690868625e-08
21 January 2026,HEL1OS,B-Class,48346,48467,48497,3.616290828192813e-07,-4.70512690868625e-08
21 January 2026,HEL1OS,B-Class,48775,48840,48915,3.402669632925351e-07,-2.36070381231663e-08
21 January 2026,HEL1OS,B-Class,49763,49832,49886,2.6975326119930274e-07,-1.7804631408635214e-08
21 January 2026,HEL1OS,B-Class,50016,50029,50138,3.152260086965203e-07,-1.7804631408635214e-08
21 January 2026,HEL1OS,B-Class,50560,50702,50730,2.7098392152896196e-07,-1.7804631408635214e-08
21 January 2026,HEL1OS,B-Class,50840,50907,50994,3.3677014865000316e-07,-1.1143695014662223e-09
21 January 2026,HEL1OS,B-Class,51196,51259,51369,2.87841035493973e-07,-2.2267165537465063e-08
21 January 2026,HEL1OS,B-Class,51830,51955,51970,2.996673071088982e-07,-8.17231267064386e-08
21 January 2026,HEL1OS,B-Class,52030,52054,52193,2.8877540701788837e-07,-8.17231267064386e-08
21 January 2026,HEL1OS,B-Class,52690,52741,52875,3.3966528465971083e-07,-8.17231267064386e-08
21 January 2026,HEL1OS,B-Class,52970,53033,53159,2.692648397208924e-07,-6.785923753665446e-08
21 January 2026,HEL1OS,B-Class,54048,54181,54252,2.93251087066427e-07,-3.304681969865388e-08
21 January 2026,HEL1OS,B-Class,56202,56229,56355,2.957073516027805e-07,-8.9594498938211e-08
21 January 2026,HEL1OS,B-Class,59331,59481,59495,4.135595105672823e-07,-8.720598644958735e-08
21 January 2026,HEL1OS,B-Class,61821,61840,61949,2.739468095863994e-07,-7.14612195368566e-08
21 January 2026,HEL1OS,C-Class,65918,66085,67018,3.3094721407623453e-06,-7.595307917888292e-08
21 January 2026,HEL1OS,B-Class,67174,67193,67310,4.255637577105723e-07,-5.313277378905668e-08
21 January 2026,HEL1OS,C-Class,70186,70443,70776,4.255266457680098e-06,-7.111942562442865e-08
21 January 2026,HEL1OS,C-Class,71270,71399,71652,1.46079077763166e-06,-7.252705025785965e-08
21 January 2026,HEL1OS,B-Class,71653,71731,71835,5.802487612498528e-07,-7.252705025785965e-08
21 May 2026,SoLEXS,C-Class,47826,48053,48402,2.8533764789158655e-06,4.259985842855546e-08
21 May 2026,SoLEXS,C-Class,65490,65685,66120,4.449914045909437e-06,8.594701183132466e-08
21 May 2026,SoLEXS,C-Class,66465,66465,67031,4.496624532308465e-06,8.953594903427731e-07
21 May 2026,HEL1OS,B-Class,43040,43135,43174,3.5277581150772326e-07,-7.020527859237285e-08
21 May 2026,HEL1OS,C-Class,47925,48004,48148,1.4360127414298204e-06,-2.701992112448077e-09
21 May 2026,HEL1OS,C-Class,65495,65638,66089,2.0967691374253475e-06,-8.211143695014369e-10
21 May 2026,HEL1OS,B-Class,66120,66294,66711,6.79981797957302e-07,8.564263322883707e-08
22 February 2026,SoLEXS,B-Class,1941,2233,2755,4.3610981899078236e-07,1.1956719587419942e-08
22 February 2026,SoLEXS,B-Class,4109,4224,4399,2.0184851855596405e-07,2.071089088886568e-08
22 February 2026,SoLEXS,B-Class,23213,23630,23883,8.804186469814633e-07,3.032965921731108e-08
22 February 2026,HEL1OS,B-Class,44176,44333,44469,3.383456365658692e-07,-1.2739710789765955e-07
22 February 2026,HEL1OS,B-Class,44564,44690,44753,3.0857619577307023e-07,-4.451410658307055e-09
22 February 2026,HEL1OS,B-Class,44962,44992,45123,3.4363636363635136e-07,-4.451410658307055e-09
22 February 2026,HEL1OS,B-Class,48060,48304,48446,3.408797653958823e-07,-8.919000910101831e-10
22 February 2026,HEL1OS,B-Class,50470,50505,50600,3.189847305086346e-07,4.646577004752612e-09
22 February 2026,HEL1OS,B-Class,50602,50778,50795,3.275983415916558e-07,4.646577004752612e-09
22 February 2026,HEL1OS,B-Class,51116,51131,51321,3.499373040752227e-07,4.646577004752612e-09
22 February 2026,HEL1OS,B-Class,52185,52293,52317,2.602214581858538e-07,-3.775912630195019e-09
22 February 2026,HEL1OS,B-Class,52377,52485,52524,2.5222570532914463e-07,-3.775912630195019e-09
22 February 2026,HEL1OS,B-Class,52936,53047,53064,2.8206694306804535e-07,-3.775912630195019e-09
22 February 2026,HEL1OS,B-Class,53094,53159,53278,3.2301344928707513e-07,-3.775912630195019e-09
22 February 2026,HEL1OS,B-Class,54149,54193,54352,3.4812923450297066e-07,-9.272929517645498e-09
22 February 2026,HEL1OS,B-Class,55010,55065,55143,3.8783092324803953e-07,-3.5864091414701926e-08
22 February 2026,HEL1OS,B-Class,55391,55573,55755,3.021276165436236e-07,-3.5864091414701926e-08
22 February 2026,HEL1OS,B-Class,58967,59103,59130,4.587299019111981e-07,-5.39852361209405e-08
22 February 2026,HEL1OS,B-Class,59334,59347,59539,4.279441804024521e-07,-5.39852361209405e-08
22 February 2026,HEL1OS,B-Class,59683,59856,59873,3.0490140560217335e-07,-5.39852361209405e-08
22 February 2026,HEL1OS,B-Class,60113,60178,60264,3.008463949843153e-07,-2.032864799271847e-08
22 February 2026,HEL1OS,B-Class,60316,60457,60498,3.167964404894214e-07,-2.032864799271847e-08
22 February 2026,HEL1OS,B-Class,60544,60621,60815,3.0640711902112366e-07,-2.032864799271847e-08
22 February 2026,HEL1OS,B-Class,60938,61040,61376,3.754939832136583e-07,-2.032864799271847e-08
22 February 2026,HEL1OS,B-Class,68080,68166,68221,2.838193952876833e-07,2.363939731014175e-08
22 February 2026,HEL1OS,B-Class,68739,68871,68887,3.7022954798259374e-07,2.363939731014175e-08
22 February 2026,HEL1OS,B-Class,70070,70086,70205,3.1720497522498614e-07,5.2674689048435485e-09
22 February 2026,HEL1OS,B-Class,70328,70358,70494,3.7892102335927465e-07,-4.238042269187846e-09
22 February 2026,HEL1OS,B-Class,70894,70914,71041,3.17495196683172e-07,-4.238042269187846e-09
22 February 2026,HEL1OS,B-Class,71825,71843,71973,3.843179290120198e-07,-3.809384164222737e-08
22 February 2026,HEL1OS,B-Class,71974,72094,72117,3.416088583274223e-07,-3.809384164222737e-08
22 February 2026,HEL1OS,B-Class,72878,72998,73134,3.1365153200524716e-07,-1.0807968449792272e-08
22 February 2026,HEL1OS,B-Class,73529,73544,73732,3.795944989382007e-07,-1.0807968449792272e-08
22 February 2026,HEL1OS,B-Class,74567,74613,74860,3.4734351299422363e-07,-1.614045909596464e-07
22 February 2026,HEL1OS,B-Class,77297,77337,77434,3.001698857316103e-07,2.313176256446477e-08
22 February 2026,HEL1OS,B-Class,79722,79760,79855,2.9562240873696996e-07,-1.2144807361714563e-09
22 February 2026,HEL1OS,B-Class,83834,83865,84069,4.021154818485042e-07,-2.2530083931640435e-09
22 February 2026,HEL1OS,B-Class,84848,85031,85062,3.47719688542813e-07,-2.2530083931640435e-09
22 February 2026,HEL1OS,B-Class,85231,85359,85378,3.7547274749720567e-07,1.3074122762665112e-08
22 February 2026,HEL1OS,B-Class,85943,86021,86084,3.348670239660109e-07,1.3074122762665112e-08
22 January 2026,SoLEXS,C-Class,38515,38922,39046,3.730912124582737e-06,2.3277581150772756e-07
22 January 2026,SoLEXS,C-Class,61495,61608,61936,1.8325857012841899e-06,2.0141065830720284e-07
22 January 2026,SoLEXS,C-Class,71401,71626,71765,5.490462129638797e-06,4.045282637273595e-07
22 January 2026,HEL1OS,B-Class,38439,38872,39069,5.646000606734554e-07,-2.0366063302658795e-09
22 January 2026,HEL1OS,B-Class,39071,39116,39295,3.6040448983718e-07,3.967944180402327e-08
22 January 2026,HEL1OS,C-Class,43179,43825,43909,4.034525230053451e-06,-4.062230761451974e-07
22 January 2026,HEL1OS,B-Class,44349,44363,44513,3.0338861361107224e-07,-4.062230761451974e-07
22 January 2026,HEL1OS,B-Class,44942,44982,45065,2.787005763980081e-07,-3.58570128425511e-08
22 January 2026,HEL1OS,B-Class,45074,45174,45246,3.350470219435617e-07,-3.58570128425511e-08
22 January 2026,HEL1OS,B-Class,45458,45558,45593,3.706522398624602e-07,-3.58570128425511e-08
22 January 2026,HEL1OS,B-Class,47724,47820,47970,2.7801496612396624e-07,1.7403175245221332e-08
22 January 2026,HEL1OS,B-Class,48422,48542,48579,2.896076448579126e-07,1.7403175245221332e-08
22 January 2026,HEL1OS,B-Class,52849,52896,52985,2.553958944281434e-07,1.6987561937505677e-08
22 January 2026,HEL1OS,B-Class,59381,59394,59617,4.107877439579184e-07,2.0561229649104328e-08
22 January 2026,HEL1OS,B-Class,60251,60264,60376,3.166781272120425e-07,-5.976337344524039e-10
22 January 2026,HEL1OS,B-Class,60516,60621,60639,4.7255536454644897e-07,-5.976337344524039e-10
22 January 2026,HEL1OS,B-Class,61026,61171,61208,3.300050561229531e-07,-5.976337344524039e-10
22 January 2026,HEL1OS,B-Class,61209,61459,61587,6.041915259378893e-07,-5.976337344524039e-10
22 January 2026,HEL1OS,B-Class,61805,61852,62011,3.7741429871573126e-07,1.3855799373040232e-08
22 January 2026,HEL1OS,B-Class,65618,65703,65790,2.708838102942567e-07,1.4118717767215572e-08
22 January 2026,HEL1OS,B-Class,66361,66422,66493,3.806754980280985e-07,1.8810799878652377e-08
22 January 2026,HEL1OS,B-Class,66696,66749,66924,3.077267671149653e-07,1.8810799878652377e-08
22 January 2026,HEL1OS,B-Class,71070,71191,71210,2.9358580240670413e-07,-7.240368085751884e-10
22 January 2026,HEL1OS,B-Class,71342,71447,71753,7.13817372838482e-07,-7.240368085751884e-10
22 January 2026,HEL1OS,B-Class,71822,71892,71980,4.034027707553704e-07,-3.236828799676293e-08
22 January 2026,HEL1OS,B-Class,79752,79837,79910,2.9867832945696173e-07,-2.979067650925154e-09
22 January 2026,HEL1OS,B-Class,80075,80107,80225,3.528880574375443e-07,-2.979067650925154e-09
22 January 2026,HEL1OS,B-Class,80370,80388,80537,2.6236727677216175e-07,-2.979067650925154e-09
22 January 2026,HEL1OS,B-Class,80546,80619,80669,3.611780766508112e-07,-2.979067650925154e-09
22 January 2026,HEL1OS,B-Class,85632,85748,85871,8.479684497926688e-07,2.3229851349984027e-08
22 January 2026,HEL1OS,B-Class,86224,86255,86373,2.7453534229951494e-07,-7.492302052785931e-08
22 March 2026,SoLEXS,B-Class,4689,4970,5108,1.8800586510263258e-07,1.6293861866720017e-08
23 January 2026,HEL1OS,B-Class,600,615,740,3.189948427545644e-07,-3.6575993528161356e-09
23 January 2026,HEL1OS,B-Class,837,875,1074,3.3027201941550034e-07,-3.6575993528161356e-09
23 January 2026,HEL1OS,C-Class,1168,1378,1718,1.0330812013347796e-06,-3.6575993528161356e-09
23 January 2026,HEL1OS,B-Class,3556,3627,3736,3.348872484578705e-07,1.8208110021235105e-08
23 January 2026,HEL1OS,B-Class,3997,4028,4140,3.1970472241883785e-07,1.8208110021235105e-08
23 January 2026,HEL1OS,B-Class,4429,4729,4767,8.267590251794628e-07,1.8208110021235105e-08
23 January 2026,HEL1OS,B-Class,5076,5107,5211,7.792951764586637e-07,2.973607038123063e-08
23 January 2026,HEL1OS,B-Class,5554,5702,6034,7.518202042673408e-07,2.973607038123063e-08
23 January 2026,HEL1OS,B-Class,6524,6608,6654,3.940469208211003e-07,2.576296895540409e-08
23 January 2026,HEL1OS,B-Class,6682,6875,7140,4.862706037010646e-07,5.531398523612276e-10
23 January 2026,HEL1OS,B-Class,7141,7173,7577,4.817625644655506e-07,5.531398523612276e-10
23 January 2026,HEL1OS,B-Class,7578,7600,7764,3.7673071089087547e-07,5.531398523612276e-10
23 January 2026,HEL1OS,B-Class,8082,8166,8217,3.855829709778404e-07,2.9365962180199173e-08
23 January 2026,HEL1OS,B-Class,9097,9193,9248,3.1187885529374964e-07,2.2759631914247346e-08
23 January 2026,HEL1OS,B-Class,10270,10307,10410,3.259813934674775e-07,2.286378804732453e-08
23 January 2026,HEL1OS,B-Class,11873,11887,12013,3.33561533016471e-07,2.2423905349377293e-08
23 January 2026,HEL1OS,B-Class,13350,13532,13545,3.6466781272119233e-07,3.6444534331073664e-09
23 January 2026,HEL1OS,B-Class,14095,14171,14306,2.8439073718271813e-07,3.6444534331073664e-09
23 January 2026,HEL1OS,B-Class,14859,14872,14993,3.3151380321568234e-07,-6.46981494589924e-09
23 January 2026,HEL1OS,B-Class,16131,16239,16430,3.7321872787944873e-07,-4.0031347962381045e-08
23 January 2026,HEL1OS,B-Class,16441,16478,16574,3.0454444332085076e-07,-4.0031347962381045e-08
23 January 2026,HEL1OS,B-Class,16644,16790,16821,3.591465264435103e-07,9.228435635554335e-09
23 January 2026,HEL1OS,B-Class,16824,16874,17030,3.5380220446960005e-07,9.228435635554335e-09
23 January 2026,HEL1OS,B-Class,18752,18766,18885,2.889048437657901e-07,5.060167863282272e-09
23 January 2026,HEL1OS,B-Class,19496,19574,19631,2.5255940944482873e-07,-6.556173526139922e-08
23 January 2026,HEL1OS,B-Class,19906,19962,20036,3.64575791283231e-07,-6.556173526139922e-08
23 January 2026,HEL1OS,B-Class,20293,20386,20434,3.391556274648479e-07,-6.556173526139922e-08
23 January 2026,HEL1OS,B-Class,20476,20489,20624,3.3702699969662056e-07,-6.556173526139922e-08
23 January 2026,HEL1OS,B-Class,20680,20700,20817,4.2888967539689037e-07,-2.1672565476791612e-08
23 January 2026,HEL1OS,B-Class,21594,21635,21738,3.5086763070076613e-07,-2.1672565476791612e-08
23 January 2026,HEL1OS,B-Class,21866,22002,22050,3.0560319546970294e-07,2.8273839619778485e-09
23 January 2026,HEL1OS,B-Class,22966,23000,23371,4.044807361714893e-07,-1.2618060471230209e-08
23 January 2026,HEL1OS,B-Class,23659,23676,23830,4.0740216402061437e-07,-6.3542319749214e-08
23 January 2026,HEL1OS,B-Class,23851,24032,24046,2.6064111639194137e-07,-6.3542319749214e-08
23 January 2026,HEL1OS,B-Class,25501,25627,25641,3.572616038021917e-07,-8.399231469309032e-09
23 January 2026,HEL1OS,B-Class,25653,25683,25778,3.1669228435634426e-07,-8.399231469309032e-09
23 January 2026,HEL1OS,B-Class,26039,26053,26262,2.760370108200933e-07,-8.399231469309032e-09
23 January 2026,HEL1OS,B-Class,30154,30238,30287,3.0892102335927707e-07,-5.452523005359301e-09
23 January 2026,HEL1OS,B-Class,30659,30761,30784,2.951643239963491e-07,-4.678936191728016e-08
23 January 2026,HEL1OS,B-Class,31093,31181,31276,3.3074325007583003e-07,-6.388613611082795e-08
23 January 2026,HEL1OS,B-Class,31291,31303,31464,5.836707452725041e-07,-6.388613611082795e-08
23 January 2026,HEL1OS,B-Class,32350,32454,32475,2.671068864394687e-07,-3.6642734351298114e-08
23 January 2026,HEL1OS,B-Class,33060,33140,33189,3.380493477601255e-07,-4.178380018201894e-08
23 January 2026,HEL1OS,B-Class,34912,34990,35055,2.984224896349373e-07,-9.050965719485977e-08
23 January 2026,HEL1OS,B-Class,36643,36657,36829,3.093619172818173e-07,-7.59540904034759e-08
23 January 2026,HEL1OS,B-Class,37117,37197,37302,2.6985337243400793e-07,-7.59540904034759e-08
23 January 2026,HEL1OS,B-Class,37313,37401,37491,3.4755384770956394e-07,-7.59540904034759e-08
23 January 2026,HEL1OS,B-Class,39217,39282,39367,2.6894124785113814e-07,-5.627060370108e-08
23 January 2026,HEL1OS,B-Class,50269,50287,50512,4.4530690666395414e-07,3.035291738294967e-08
23 January 2026,HEL1OS,B-Class,50516,50530,50641,2.9978460916168413e-07,-4.742643341085868e-09
23 January 2026,HEL1OS,B-Class,50653,50801,50847,3.508008898776293e-07,-4.742643341085868e-09
23 January 2026,HEL1OS,B-Class,51088,51128,51217,2.884811406613306e-07,-4.742643341085868e-09
23 January 2026,HEL1OS,B-Class,51520,51640,51660,3.504449388208996e-07,2.363737486095579e-08
23 January 2026,HEL1OS,B-Class,52416,52503,52541,3.247507331378183e-07,-1.3585802406714063e-08
23 January 2026,HEL1OS,B-Class,52688,52783,52821,2.884265345333096e-07,-1.3585802406714063e-08
23 January 2026,HEL1OS,B-Class,57896,57930,58038,3.6803114571745074e-07,1.1401557285872752e-08
23 January 2026,HEL1OS,B-Class,62700,62778,62849,3.507776317119907e-07,-7.841743351198023e-08
23 January 2026,HEL1OS,B-Class,66743,66845,66876,3.2520376175547436e-07,-2.651329760339679e-08
23 January 2026,HEL1OS,B-Class,67146,67200,67273,2.848923045808372e-07,-2.651329760339679e-08
23 January 2026,HEL1OS,B-Class,67274,67352,67542,3.31083021539072e-07,-2.651329760339679e-08
23 January 2026,HEL1OS,B-Class,67707,67735,67838,3.506572959854259e-07,1.8148447770249124e-08
23 January 2026,HEL1OS,B-Class,69471,69485,69597,2.49722924461514e-07,-3.664981292344905e-08
23 January 2026,HEL1OS,B-Class,69602,69718,69731,4.5591869754270805e-07,-3.664981292344905e-08
23 January 2026,HEL1OS,B-Class,70039,70135,70182,3.511113358276748e-07,-2.486601274142911e-09
23 January 2026,HEL1OS,B-Class,70281,70375,70448,2.489149560117213e-07,-2.486601274142911e-09
23 January 2026,HEL1OS,B-Class,70513,70610,70636,3.459581353018382e-07,2.2436040044493088e-08
23 January 2026,HEL1OS,B-Class,70984,71044,71179,3.470654262311535e-07,2.2436040044493088e-08
23 January 2026,HEL1OS,B-Class,77687,77872,77883,3.537405197694281e-07,-7.583173222772512e-09
23 January 2026,HEL1OS,B-Class,78547,78693,78738,3.2509657194861816e-07,-7.583173222772512e-09
23 January 2026,HEL1OS,B-Class,79143,79161,79291,4.1797350591564895e-07,-3.539286075441037e-11
23 January 2026,HEL1OS,B-Class,81486,81588,81635,2.922560420669327e-07,2.1749418545858266e-08
23 January 2026,HEL1OS,B-Class,83924,84070,84082,3.1560420669429555e-07,-1.7682273232884413e-08
23 January 2026,HEL1OS,B-Class,85788,85969,86032,2.8400647183738495e-07,2.6057892607948408e-08
23 March 2026,HEL1OS,B-Class,3085,3219,3584,4.274810395388663e-07,-3.625240165840665e-09
23 March 2026,HEL1OS,B-Class,3920,3944,4049,3.0638082718170615e-07,-3.625240165840665e-09
23 March 2026,HEL1OS,B-Class,4050,4071,4665,3.600889877641696e-07,-3.625240165840665e-09
23 March 2026,HEL1OS,B-Class,4782,4933,5011,3.7586611386387575e-07,-1.5773081201334273e-08
23 March 2026,HEL1OS,B-Class,5012,5046,5288,3.5628374962077806e-07,-1.5773081201334273e-08
23 March 2026,HEL1OS,B-Class,6191,6268,6330,3.628617655981264e-07,4.302356153301495e-08
23 March 2026,HEL1OS,B-Class,6391,6408,6617,3.849135402972863e-07,9.80685610274013e-09
23 March 2026,HEL1OS,B-Class,6792,7024,7097,6.250510668419233e-07,9.80685610274013e-09
23 March 2026,HEL1OS,B-Class,7098,7154,7248,2.933501870765393e-07,9.80685610274013e-09
23 March 2026,HEL1OS,B-Class,9478,9590,9643,4.014379613712062e-07,-1.9625846900595913e-08
23 March 2026,HEL1OS,B-Class,9707,9725,9840,3.2983921528970407e-07,-1.9625846900595913e-08
23 March 2026,HEL1OS,B-Class,10093,10133,10241,4.645616341389257e-07,-1.9625846900595913e-08
23 March 2026,HEL1OS,B-Class,10814,10875,10941,3.275275558701471e-07,-2.7175649711800016e-08
23 March 2026,HEL1OS,B-Class,11385,11459,11534,3.568894731519743e-07,-2.7175649711800016e-08
23 March 2026,HEL1OS,B-Class,11554,11663,11908,3.6952371321669227e-07,-2.7175649711800016e-08
23 March 2026,HEL1OS,B-Class,12238,12391,12651,3.536454646576879e-07,6.83486702396578e-09
23 March 2026,HEL1OS,B-Class,12663,12812,12833,3.7916776215996223e-07,1.829810901001051e-08
23 March 2026,HEL1OS,B-Class,15585,15623,15726,3.39935281626037e-07,1.8003842653452702e-08
23 March 2026,HEL1OS,B-Class,15880,16158,16212,3.5510971786832586e-07,1.8003842653452702e-08
23 March 2026,HEL1OS,B-Class,16215,16333,16364,3.198179795732518e-07,1.8003842653452702e-08
23 March 2026,HEL1OS,B-Class,16861,16905,17151,3.405804429163596e-07,-1.4244109616745418e-08
23 March 2026,HEL1OS,B-Class,17234,17353,17388,5.034310850439702e-07,-1.4244109616745418e-08
23 March 2026,HEL1OS,B-Class,17514,17665,17832,3.446880372130527e-07,-1.4244109616745418e-08
23 March 2026,HEL1OS,B-Class,17833,17875,17965,4.313833552431841e-07,-1.4244109616745418e-08
23 March 2026,HEL1OS,B-Class,17966,18356,18450,3.5969663262209253e-07,-2.8054403883101463e-08
23 March 2026,HEL1OS,B-Class,18586,18805,18890,4.030498533724197e-07,-2.8054403883101463e-08
23 March 2026,HEL1OS,B-Class,19062,19107,19185,3.3510263929617573e-07,-2.8054403883101463e-08
23 March 2026,HEL1OS,B-Class,21073,21199,21307,4.121013247042021e-07,4.1024370512689405e-08
23 March 2026,HEL1OS,B-Class,21417,21534,21604,3.769946405096437e-07,-2.319850338760154e-08
23 March 2026,HEL1OS,B-Class,21676,21734,21902,3.605035898472922e-07,-2.319850338760154e-08
23 March 2026,HEL1OS,B-Class,21904,21915,22147,3.595601173020399e-07,-2.319850338760154e-08
23 March 2026,HEL1OS,B-Class,22150,22382,22503,3.513924562645238e-07,-2.319850338760154e-08
23 March 2026,HEL1OS,B-Class,24510,24608,24694,3.8903124683990924e-07,1.9436747901708268e-08
23 March 2026,HEL1OS,B-Class,24801,24823,25069,3.5356254424106337e-07,1.9436747901708268e-08
23 March 2026,HEL1OS,B-Class,25244,25262,25435,3.68807766204861e-07,1.9436747901708268e-08
23 March 2026,HEL1OS,B-Class,25436,25555,25575,4.1017898675294316e-07,1.9436747901708268e-08
23 March 2026,HEL1OS,B-Class,29399,29581,29682,3.693902315704186e-07,-4.8190919203153264e-08
23 March 2026,HEL1OS,B-Class,29967,30053,30134,3.66157346546655e-07,-4.8190919203153264e-08
23 March 2026,HEL1OS,B-Class,30253,30283,30404,3.787046212963764e-07,-4.8190919203153264e-08
23 March 2026,HEL1OS,B-Class,30467,30484,30602,3.594337142279172e-07,1.6404085347355073e-08
23 March 2026,HEL1OS,B-Class,30656,30669,30900,3.650905046010589e-07,1.6404085347355073e-08
23 March 2026,HEL1OS,B-Class,31289,31306,31507,3.69087875417117e-07,-9.383152998280574e-09
23 March 2026,HEL1OS,B-Class,35306,35378,35483,9.606128021033128e-07,3.490140560218299e-08
23 March 2026,HEL1OS,B-Class,36857,37071,37213,3.799565173424882e-07,1.291333805238098e-08
23 March 2026,HEL1OS,B-Class,37292,37312,37548,3.694468601476256e-07,-3.6201840428757567e-09
23 March 2026,HEL1OS,B-Class,37676,37694,37808,3.9650116290826783e-07,-3.6201840428757567e-09
23 March 2026,HEL1OS,B-Class,37812,37921,38264,3.848093841642092e-07,-3.6201840428757567e-09
23 March 2026,HEL1OS,B-Class,42739,42872,42897,3.729841237738769e-07,-2.812144807361615e-07
23 March 2026,HEL1OS,B-Class,42898,42976,43170,3.9278592375365163e-07,-2.812144807361615e-07
23 May 2026,SoLEXS,C-Class,20611,20874,21108,1.4894357366770628e-06,5.929517645868936e-08
23 May 2026,SoLEXS,B-Class,33165,33200,33313,5.924926686216799e-07,8.323692992213274e-08
23 May 2026,SoLEXS,C-Class,42143,42265,42431,1.1448346647790067e-06,6.928708666194514e-08
23 May 2026,SoLEXS,B-Class,51018,51084,51196,8.13833552431966e-07,9.852664576802157e-08
23 May 2026,SoLEXS,C-Class,79423,79464,79575,2.493416927899597e-06,3.378400242693782e-07
23 May 2026,SoLEXS,C-Class,86073,86374,86397,2.10416927899679e-06,2.539053493780878e-07
23 May 2026,HEL1OS,B-Class,20666,20766,20837,2.845848923045707e-07,-9.272929517645533e-10
23 May 2026,HEL1OS,B-Class,79388,79436,79520,6.522439073718041e-07,-1.0294266356557419e-09
23 May 2026,HEL1OS,B-Class,86044,86228,86366,2.68835069268875e-07,-6.468108504398833e-08
24 February 2026,HEL1OS,B-Class,43217,43274,43376,3.2777631712002067e-07,-2.788684396804431e-07
24 February 2026,HEL1OS,B-Class,43377,43409,43504,2.982768732935478e-07,-2.788684396804431e-07
24 February 2026,HEL1OS,B-Class,43591,43703,43726,3.8401860653249715e-07,-2.788684396804431e-07
24 February 2026,HEL1OS,B-Class,49981,50327,50345,4.179684497926841e-07,-8.262716149256445e-09
24 February 2026,HEL1OS,B-Class,50511,50605,50644,3.438487208008776e-07,-7.205076347456511e-08
24 February 2026,HEL1OS,B-Class,50645,50701,50779,3.3466579027200747e-07,-7.205076347456511e-08
24 February 2026,HEL1OS,B-Class,51480,51600,51633,2.990201233693897e-07,-7.205076347456511e-08
24 February 2026,HEL1OS,B-Class,51827,51908,51950,3.471503690969641e-07,-1.294367479017043e-09
24 February 2026,HEL1OS,B-Class,52177,52207,52310,3.2297805642632083e-07,-1.294367479017043e-09
24 February 2026,HEL1OS,B-Class,52623,52751,53050,3.9850541005155827e-07,-1.294367479017043e-09
24 February 2026,HEL1OS,B-Class,53106,53124,53284,3.809141470320422e-07,8.6328243502879e-09
24 February 2026,HEL1OS,B-Class,53465,53497,53586,3.5597330367073256e-07,8.6328243502879e-09
24 February 2026,HEL1OS,B-Class,57014,57144,57201,3.6793912427948937e-07,2.6819698655070335e-08
24 February 2026,HEL1OS,B-Class,59836,59897,60435,5.167003741530809e-07,1.5269491354029395e-09
24 February 2026,HEL1OS,B-Class,60545,60630,60725,3.416189705733522e-07,1.5269491354029395e-09
24 February 2026,HEL1OS,B-Class,60756,60863,61041,3.9596218020020833e-07,1.5269491354029395e-09
24 February 2026,HEL1OS,B-Class,62446,62648,62885,3.671038527656861e-07,1.576195773081146e-08
24 February 2026,HEL1OS,B-Class,63046,63104,63502,4.814430174941683e-07,1.576195773081146e-08
24 February 2026,HEL1OS,B-Class,63503,63517,63646,3.76188694509037e-07,1.576195773081146e-08
24 February 2026,HEL1OS,B-Class,64486,64549,64607,3.261350996056108e-07,1.9678430579430997e-08
24 February 2026,HEL1OS,B-Class,64608,64654,64735,2.647699464050871e-07,1.9678430579430997e-08
24 February 2026,HEL1OS,B-Class,64769,64886,65052,3.2189301243805103e-07,1.9678430579430997e-08
24 February 2026,HEL1OS,B-Class,65133,65267,65298,3.549469107088558e-07,1.9678430579430997e-08
24 February 2026,HEL1OS,B-Class,65401,65521,65569,2.913459399332488e-07,1.9678430579430997e-08
24 February 2026,HEL1OS,B-Class,65571,65624,65697,3.5297097785416884e-07,1.9678430579430997e-08
24 February 2026,HEL1OS,B-Class,65715,65832,65958,3.4485691172008076e-07,-2.744059055516131e-08
24 February 2026,HEL1OS,B-Class,65999,66015,66175,2.7067954292647433e-07,-5.1772676711495724e-08
24 February 2026,HEL1OS,B-Class,66176,66251,66314,2.6617352614014625e-07,-5.1772676711495724e-08
24 February 2026,HEL1OS,B-Class,66670,66943,67027,3.8621094145008227e-07,-5.1772676711495724e-08
24 February 2026,HEL1OS,B-Class,67028,67200,67531,5.5650723025582e-07,3.1986045100615706e-08
24 February 2026,HEL1OS,B-Class,67532,67746,67854,3.8266053190412226e-07,-4.0529881686721055e-09
24 February 2026,HEL1OS,B-Class,67859,67896,68073,3.4670138537768e-07,-4.0529881686721055e-09
24 February 2026,HEL1OS,B-Class,68138,68271,68318,3.031661442006161e-07,-4.0529881686721055e-09
24 February 2026,HEL1OS,B-Class,68319,68455,68458,3.0674183436140073e-07,-4.0529881686721055e-09
24 February 2026,HEL1OS,B-Class,68567,68588,68756,3.4939023157041933e-07,1.7715643644452782e-08
24 February 2026,HEL1OS,B-Class,68757,68829,68997,3.2168874507026865e-07,1.7715643644452782e-08
24 February 2026,HEL1OS,B-Class,68998,69063,69138,3.2512286378803567e-07,1.7715643644452782e-08
24 February 2026,HEL1OS,B-Class,69139,69393,69736,3.955131964809243e-07,1.7715643644452782e-08
24 February 2026,HEL1OS,B-Class,72345,72542,72557,3.5959449893820134e-07,1.2854687025987984e-08
24 February 2026,HEL1OS,B-Class,72609,72846,72922,3.302578622711987e-07,1.2854687025987984e-08
24 February 2026,HEL1OS,B-Class,73112,73184,73255,3.5777631712001964e-07,1.2854687025987984e-08
24 February 2026,HEL1OS,B-Class,76473,76662,76753,4.873667711598572e-07,1.6085549600565717e-08
24 February 2026,HEL1OS,B-Class,76873,77059,77072,4.3815047021942007e-07,1.6085549600565717e-08
24 February 2026,HEL1OS,B-Class,77329,77556,77673,3.82113459399319e-07,1.6085549600565717e-08
24 February 2026,HEL1OS,B-Class,81714,81727,81864,3.3983618161592474e-07,-1.1126504196581675e-08
24 February 2026,HEL1OS,B-Class,81895,81983,82016,2.6191121448072683e-07,-1.1126504196581675e-08
24 February 2026,HEL1OS,B-Class,82272,82550,82628,3.085579937303965e-07,-1.1126504196581675e-08
24 February 2026,HEL1OS,B-Class,83965,84239,84367,6.30366063302637e-07,2.9569218323388578e-08
24 February 2026,HEL1OS,B-Class,84738,84756,84998,3.4067145312972794e-07,1.6723632318737413e-08
24 February 2026,HEL1OS,B-Class,85039,85071,85214,3.2066841945594974e-07,1.6723632318737413e-08
24 February 2026,HEL1OS,B-Class,85694,85716,85961,3.48957427444623e-07,1.6723632318737413e-08
24 February 2026,HEL1OS,B-Class,86220,86241,86376,3.34804328041246e-07,-8.868401759530795e-08
24 March 2026,SoLEXS,B-Class,78784,79032,79135,7.233077156436187e-07,1.0744564667812338e-07
24 March 2026,HEL1OS,B-Class,63169,63288,63299,2.3025280614823733e-07,8.873495803417623e-09
24 March 2026,HEL1OS,B-Class,63300,63568,63615,4.7444534331073246e-07,2.627262615026704e-08
24 May 2026,HEL1OS,B-Class,5051,5093,5223,4.275710385276418e-07,2.8125189604610178e-08
24 May 2026,HEL1OS,B-Class,5266,5370,5430,3.4951764586913506e-07,2.8125189604610178e-08
24 May 2026,HEL1OS,B-Class,6059,6367,6428,4.85744766912714e-07,2.1489533825461866e-08
24 May 2026,HEL1OS,B-Class,6635,6652,6865,5.007088684396626e-07,2.1489533825461866e-08
24 May 2026,HEL1OS,B-Class,6899,7063,7352,4.995368591363964e-07,2.1489533825461866e-08
24 May 2026,HEL1OS,B-Class,7355,7373,7485,4.473799170795674e-07,-1.6354535342298915e-08
24 May 2026,HEL1OS,B-Class,7495,7576,7730,5.108827990696551e-07,-1.6354535342298915e-08
24 May 2026,HEL1OS,B-Class,7731,8171,8195,5.671716048134088e-07,-1.6354535342298915e-08
24 May 2026,HEL1OS,B-Class,9324,9399,9451,6.136818687430259e-07,5.219435736676931e-08
24 May 2026,HEL1OS,B-Class,14488,14495,14724,3.987228233390494e-07,2.6673071089087904e-08
24 May 2026,HEL1OS,B-Class,15076,15187,15254,3.913135807462698e-07,2.6673071089087904e-08
24 May 2026,HEL1OS,B-Class,15261,15278,15480,5.679219334614014e-07,2.6673071089087904e-08
24 May 2026,HEL1OS,B-Class,16408,16456,16534,3.610486399029096e-07,1.9505511174031067e-08
24 May 2026,HEL1OS,B-Class,16535,16546,16914,4.822752553341926e-07,-1.647588229345678e-08
24 May 2026,HEL1OS,B-Class,17180,17528,17542,4.995176458691297e-07,-1.647588229345678e-08
24 May 2026,HEL1OS,B-Class,17770,17883,17894,3.871372231772538e-07,3.146324198604402e-08
24 May 2026,HEL1OS,B-Class,17903,18028,18073,5.835514207705324e-07,3.146324198604402e-08
24 May 2026,HEL1OS,B-Class,19684,19794,20093,4.763606026898404e-07,3.419961573465345e-08
24 May 2026,HEL1OS,B-Class,20542,20574,20687,4.080483365355299e-07,9.294165234098152e-09
24 May 2026,HEL1OS,B-Class,20697,20872,21040,4.6034988370915543e-07,9.294165234098152e-09
24 May 2026,HEL1OS,B-Class,21141,21246,21372,4.0498634846798037e-07,1.2721205379714416e-08
24 May 2026,HEL1OS,B-Class,21551,21664,22069,4.4752957831932876e-07,1.2721205379714416e-08
24 May 2026,HEL1OS,B-Class,22247,22260,22375,3.75347355647676e-07,1.0869653149964235e-08
24 May 2026,HEL1OS,B-Class,22430,22509,22665,4.638871473354067e-07,1.0869653149964235e-08
24 May 2026,HEL1OS,B-Class,22751,22848,22930,3.640438871473224e-07,1.0869653149964235e-08
24 May 2026,HEL1OS,B-Class,23134,23248,23266,4.0680351906156905e-07,2.4582869855394e-08
24 May 2026,HEL1OS,B-Class,23639,23674,23841,3.5551825260389067e-07,6.545656790372896e-09
24 May 2026,HEL1OS,B-Class,23842,23951,24031,3.128364849833036e-07,-4.5936899585396296e-08
24 May 2026,HEL1OS,B-Class,24242,24333,24547,3.4957933056930693e-07,-4.5936899585396296e-08
24 May 2026,HEL1OS,B-Class,24578,24792,24833,4.11600768530676e-07,-4.5936899585396296e-08
24 May 2026,HEL1OS,B-Class,25301,25379,25664,4.6300333704114027e-07,2.993831529982704e-08
24 May 2026,HEL1OS,B-Class,25665,25920,25939,5.487309131357879e-07,-1.3096369703710766e-08
24 May 2026,HEL1OS,B-Class,25940,25957,26068,4.1646475882291973e-07,-1.3096369703710766e-08
24 May 2026,HEL1OS,B-Class,26070,26088,26222,5.893548387096564e-07,-1.3096369703710766e-08
24 May 2026,HEL1OS,B-Class,26300,26347,26433,5.449772474466385e-07,-1.3096369703710766e-08
24 May 2026,HEL1OS,B-Class,26528,26545,26672,3.9404793204569327e-07,-1.3096369703710766e-08
24 May 2026,HEL1OS,B-Class,27223,27388,27525,4.463484679947257e-07,6.613408838102731e-09
24 May 2026,HEL1OS,B-Class,27528,27545,27657,4.5013247042166463e-07,-1.6329254727474387e-08
24 May 2026,HEL1OS,B-Class,27829,27867,27987,5.006097684295503e-07,-1.6329254727474387e-08
24 May 2026,HEL1OS,B-Class,28020,28065,28176,3.5275255334208466e-07,-1.6329254727474387e-08
24 May 2026,HEL1OS,B-Class,28183,28282,28459,3.794215795328007e-07,-1.6329254727474387e-08
24 May 2026,HEL1OS,B-Class,28606,28622,28786,6.801830316513055e-07,-1.5190615835776567e-08
24 May 2026,HEL1OS,B-Class,30879,30962,31156,4.083678835069123e-07,4.1583577712608485e-08
24 May 2026,HEL1OS,B-Class,31322,31393,31478,3.2550611790877594e-07,-4.558195975325956e-08
24 May 2026,HEL1OS,B-Class,31517,31598,31819,4.3430579431690225e-07,-4.558195975325956e-08
24 May 2026,HEL1OS,B-Class,31823,31839,32105,6.014035797350377e-07,-4.558195975325956e-08
24 May 2026,HEL1OS,B-Class,32130,32265,32320,5.009525735665712e-07,1.9528769339669594e-08
24 May 2026,HEL1OS,B-Class,33710,33733,33955,3.8275154211749066e-07,2.5769036302961906e-08
24 May 2026,HEL1OS,B-Class,34403,34570,34583,4.049610678531557e-07,2.5769036302961906e-08
24 May 2026,HEL1OS,B-Class,34660,34697,34800,3.656790373141744e-07,2.5769036302961906e-08
24 May 2026,HEL1OS,B-Class,36015,36274,36317,4.517362726261342e-07,2.3689958539790833e-08
24 May 2026,HEL1OS,B-Class,36418,36435,36574,4.1863585802405225e-07,2.3689958539790833e-08
24 May 2026,HEL1OS,B-Class,36586,36720,36928,3.7916270603699727e-07,3.306704419051342e-09
24 May 2026,HEL1OS,B-Class,37096,37233,37250,3.718940236626422e-07,3.306704419051342e-09
24 May 2026,HEL1OS,B-Class,37253,37598,37685,4.976620487410076e-07,3.306704419051342e-09
24 May 2026,HEL1OS,B-Class,37717,37729,37842,3.859136414197455e-07,-5.1623015471734446e-08
24 May 2026,HEL1OS,B-Class,37843,37978,38076,4.835281626048973e-07,-5.1623015471734446e-08
24 May 2026,HEL1OS,B-Class,38085,38361,38517,4.6120537971481815e-07,-5.1623015471734446e-08
24 May 2026,HEL1OS,B-Class,38536,38881,38976,4.006219031246697e-07,-5.1623015471734446e-08
24 May 2026,HEL1OS,B-Class,39029,39162,39210,4.908868439680277e-07,6.737789463039474e-09
24 May 2026,HEL1OS,B-Class,39212,39386,39411,4.2683486702395075e-07,6.737789463039474e-09
24 May 2026,HEL1OS,B-Class,39412,39559,39577,5.172696935989299e-07,6.737789463039474e-09
24 May 2026,HEL1OS,B-Class,42642,42895,42927,4.7582768732933887e-07,-1.346081504702146e-07
24 May 2026,HEL1OS,B-Class,42962,42976,43172,5.206815653756514e-07,-1.346081504702146e-07
24 May 2026,HEL1OS,B-Class,43255,43704,43825,4.736747901708801e-07,-1.346081504702146e-07
24 May 2026,HEL1OS,B-Class,45964,46159,46282,4.3729901911212924e-07,3.2045707351601805e-09
24 May 2026,HEL1OS,B-Class,46284,46296,46562,4.830528870461958e-07,3.2045707351601805e-09
24 May 2026,HEL1OS,B-Class,46564,46716,47045,4.0208312266152877e-07,3.2045707351601805e-09
24 May 2026,HEL1OS,B-Class,47470,47486,47638,4.587228233390472e-07,3.9326524421072505e-08
24 May 2026,HEL1OS,B-Class,47695,47919,48094,5.969511578521377e-07,-1.5451511780765892e-08
24 May 2026,HEL1OS,B-Class,48182,48281,48514,3.798958438669093e-07,-1.5451511780765892e-08
24 May 2026,HEL1OS,B-Class,48705,48817,48836,4.5621802002223065e-07,1.3554454444331616e-08
24 May 2026,HEL1OS,B-Class,48941,49149,49160,4.5337951258973004e-07,1.3554454444331616e-08
24 May 2026,HEL1OS,B-Class,49568,49634,49708,4.63868945292733e-07,1.0457073516027519e-08
24 May 2026,HEL1OS,B-Class,49755,49888,49900,4.54843765800368e-07,1.0457073516027519e-08
24 May 2026,HEL1OS,B-Class,50131,50322,50339,5.009768429568028e-07,1.0457073516027519e-08
24 May 2026,HEL1OS,B-Class,50340,50357,50556,4.579108099908826e-07,1.0457073516027519e-08
24 May 2026,HEL1OS,B-Class,52766,52861,52901,4.261017291940388e-07,3.529679441803897e-08
24 May 2026,HEL1OS,B-Class,63817,64160,64173,4.3636768126199273e-07,9.183941753463132e-09
24 May 2026,HEL1OS,B-Class,64174,64383,64416,3.952351097178542e-07,9.183941753463132e-09
24 May 2026,HEL1OS,B-Class,64418,64431,64598,4.335493983213517e-07,9.183941753463132e-09
24 May 2026,HEL1OS,B-Class,64636,64683,65136,5.22734351299405e-07,9.183941753463132e-09
24 May 2026,HEL1OS,B-Class,65346,65410,65547,4.373556476893362e-07,1.3667711598745592e-08
24 May 2026,HEL1OS,B-Class,65601,65613,65737,3.771887956314963e-07,1.3667711598745592e-08
24 May 2026,HEL1OS,B-Class,71255,71267,71406,4.345019718879408e-07,-1.678632824350265e-09
24 May 2026,HEL1OS,B-Class,71525,71616,71748,4.990110223480457e-07,-1.678632824350265e-09
24 May 2026,HEL1OS,B-Class,71828,71986,72011,4.112812215592937e-07,-1.678632824350265e-09
24 May 2026,HEL1OS,B-Class,72091,72159,72317,3.260006067347442e-07,-1.678632824350265e-09
24 May 2026,HEL1OS,B-Class,73524,73853,74145,4.453008393163962e-07,4.374658711699712e-08
24 May 2026,HEL1OS,B-Class,74146,74304,74529,4.935736677115811e-07,1.9106077459803167e-08
24 May 2026,HEL1OS,B-Class,74560,74658,74747,4.3508949337646334e-07,1.9106077459803167e-08
24 May 2026,HEL1OS,B-Class,74918,75053,75069,4.822873900293083e-07,2.669936292850543e-08
24 May 2026,HEL1OS,B-Class,79388,79391,79734,3.481565375669812e-07,5.001112347052101e-08
24 May 2026,HEL1OS,B-Class,79735,79775,79942,3.8149357872382096e-07,-5.446657902719998e-08
24 May 2026,HEL1OS,B-Class,79992,80010,80282,4.67251491556258e-07,-5.446657902719998e-08
24 May 2026,HEL1OS,B-Class,80368,80494,80756,5.038851248862192e-07,-5.446657902719998e-08
24 May 2026,HEL1OS,B-Class,80827,81213,81231,3.91358074628361e-07,-2.3848720800888995e-08
24 May 2026,HEL1OS,B-Class,81348,81801,81815,5.35083426028902e-07,-2.3848720800888995e-08
24 May 2026,HEL1OS,B-Class,81816,81827,81947,3.5474668823944534e-07,-2.3848720800888995e-08
24 May 2026,HEL1OS,B-Class,83908,84133,84458,5.076398017999617e-07,8.356760036403745e-09
24 May 2026,HEL1OS,B-Class,84459,84531,85034,4.556244311861502e-07,8.356760036403745e-09
24 May 2026,HEL1OS,B-Class,85236,85344,85367,3.523460410557059e-07,2.4807361715036035e-08
24 May 2026,HEL1OS,B-Class,85393,85558,85632,4.7672059864494205e-07,2.4807361715036035e-08
24 May 2026,HEL1OS,B-Class,85772,86054,86171,3.73148953382533e-07,3.814339164728351e-08
24 May 2026,HEL1OS,B-Class,86240,86280,86361,4.3736272626148705e-07,-1.3885997067448719e-07
24 april 2026,SoLEXS,X-Class,3652,4042,4406,0.00014689272626149742,1.0763070077863909e-07
24 april 2026,SoLEXS,C-Class,14386,14463,14781,3.577030033370284e-06,2.2113965011628297e-07
24 april 2026,SoLEXS,X-Class,29370,29629,29999,0.00014783757204974696,9.592264131863344e-07
24 april 2026,SoLEXS,M-Class,32749,32845,32936,1.1287807665082011e-05,1.6838173728384474e-06
24 april 2026,SoLEXS,M-Class,64941,65624,65647,4.4506030943470954e-05,6.009869552027291e-07
24 april 2026,HEL1OS,B-Class,1689,1829,1878,3.384123773890061e-07,-4.0521791889977286e-08
24 april 2026,HEL1OS,B-Class,1880,1921,2070,3.643634341187048e-07,-4.0521791889977286e-08
24 april 2026,HEL1OS,B-Class,2866,2953,3059,4.4278187885527795e-07,-4.0521791889977286e-08
24 april 2026,HEL1OS,B-Class,3139,3150,3296,3.5033471534026456e-07,-9.503488724845426e-09
24 april 2026,HEL1OS,B-Class,3297,3308,3494,4.182414804327892e-07,-9.503488724845426e-09
24 april 2026,HEL1OS,X-Class,3527,3939,4692,0.00013703501971887468,-9.503488724845426e-09
24 april 2026,HEL1OS,B-Class,4781,4804,5082,6.298493275356232e-07,8.649812923449987e-08
24 april 2026,HEL1OS,B-Class,7485,7541,7898,3.541692789968526e-07,1.6197795530386708e-08
24 april 2026,HEL1OS,B-Class,7899,8001,8064,3.25449489331569e-07,1.6197795530386708e-08
24 april 2026,HEL1OS,B-Class,8065,8137,8439,3.554858934169152e-07,1.6197795530386708e-08
24 april 2026,HEL1OS,B-Class,8598,8911,8918,3.543037718677192e-07,6.991606835877987e-09
24 april 2026,HEL1OS,B-Class,8919,8938,9156,4.1377287895640146e-07,6.991606835877987e-09
24 april 2026,HEL1OS,B-Class,9205,9290,9328,3.996703407826736e-07,6.991606835877987e-09
24 april 2026,HEL1OS,B-Class,9403,9616,9751,3.6311558297096493e-07,6.991606835877987e-09
24 april 2026,HEL1OS,B-Class,10555,10567,10782,4.532136717564809e-07,-1.4145009606633064e-08
24 april 2026,HEL1OS,B-Class,10885,11046,11075,4.3388714733540774e-07,-1.7228233390635447e-08
24 april 2026,HEL1OS,B-Class,11208,11304,11497,3.215825664880056e-07,-1.7228233390635447e-08
24 april 2026,HEL1OS,B-Class,11508,11612,11808,4.0724643543329524e-07,-1.7228233390635447e-08
24 april 2026,HEL1OS,B-Class,13397,13452,13649,3.1103953888157456e-07,4.6044089392252385e-08
24 april 2026,HEL1OS,B-Class,13742,13833,13951,4.2204874102536666e-07,2.2267165537465036e-08
24 april 2026,HEL1OS,C-Class,14185,14397,14603,1.5034320962685275e-06,2.2267165537465036e-08
24 april 2026,HEL1OS,B-Class,14702,14713,14840,3.4946000606733507e-07,2.5073313782990268e-08
24 april 2026,HEL1OS,B-Class,15341,15551,15753,4.3258266761046084e-07,-8.189907978561708e-09
24 april 2026,HEL1OS,B-Class,15754,15849,15970,3.998098897765051e-07,-8.189907978561708e-09
24 april 2026,HEL1OS,B-Class,16003,16147,16361,4.108019011022201e-07,-8.189907978561708e-09
24 april 2026,HEL1OS,B-Class,26356,26539,26551,3.7464354333096046e-07,3.204166245322967e-08
24 april 2026,HEL1OS,B-Class,26839,26947,26962,3.839468095863954e-07,2.6555769036302018e-08
24 april 2026,HEL1OS,B-Class,27308,27326,27480,3.308160582465248e-07,2.1935483870966944e-08
24 april 2026,HEL1OS,B-Class,27490,27678,27693,3.0976741834360305e-07,2.1935483870966944e-08
24 april 2026,HEL1OS,B-Class,28071,28136,28322,3.4813226817674963e-07,-2.4241075942966078e-08
24 april 2026,HEL1OS,B-Class,28590,28653,28712,3.6154919607643567e-07,-2.4241075942966078e-08
24 april 2026,HEL1OS,B-Class,28848,28902,28980,3.658115077358551e-07,-2.4241075942966078e-08
24 april 2026,HEL1OS,X-Class,29278,29585,30068,0.00014211223177267165,3.370007078572029e-08
24 april 2026,HEL1OS,B-Class,30766,30844,30922,3.383820406512166e-07,-1.8545859035290547e-09
24 april 2026,HEL1OS,B-Class,30923,31157,31294,4.935554656689075e-07,-1.8545859035290547e-09
24 april 2026,HEL1OS,B-Class,31301,31312,31650,4.922570532915185e-07,-1.8545859035290547e-09
24 april 2026,HEL1OS,B-Class,31746,31889,31901,4.06467792496699e-07,-1.8545859035290547e-09
24 april 2026,HEL1OS,C-Class,32578,32655,32961,2.9953776923853717e-06,3.410961674587808e-08
24 april 2026,HEL1OS,B-Class,33250,33361,33491,4.2235817575081924e-07,-3.0351906158356696e-08
24 april 2026,HEL1OS,B-Class,33867,33900,34178,3.398938214177247e-07,-3.0351906158356696e-08
24 april 2026,HEL1OS,B-Class,41054,41057,41231,3.4982910304377353e-07,1.7261603802203863e-08
24 april 2026,HEL1OS,B-Class,41427,41504,41653,3.3099100010111064e-07,1.7261603802203863e-08
24 april 2026,HEL1OS,B-Class,41654,41673,41852,4.2524319951459705e-07,1.7261603802203863e-08
24 april 2026,HEL1OS,B-Class,41922,41957,42142,3.8177874405904187e-07,1.7261603802203863e-08
24 april 2026,HEL1OS,B-Class,42575,42764,42950,4.1531803013447806e-07,1.4133886136110316e-08
24 april 2026,HEL1OS,B-Class,43214,43432,43596,5.941895034887036e-07,-1.8728385074324342e-07
24 april 2026,HEL1OS,C-Class,43597,43726,43794,3.902199413489597e-06,-1.8728385074324342e-07
24 april 2026,HEL1OS,C-Class,45439,45565,45872,1.4126483972089697e-06,5.457275760946309e-08
24 april 2026,HEL1OS,C-Class,46188,46458,46724,4.712314693093168e-06,2.091445039943297e-07
24 april 2026,HEL1OS,C-Class,46957,47458,47579,4.819593487713449e-06,5.86842956820689e-07
24 april 2026,HEL1OS,B-Class,49731,49742,50232,4.683658610577242e-07,-2.339366973404711e-08
24 april 2026,HEL1OS,B-Class,50235,50253,50645,4.50333704115668e-07,-2.339366973404711e-08
24 april 2026,HEL1OS,B-Class,50686,50782,50915,4.479067650925111e-07,-2.339366973404711e-08
24 april 2026,HEL1OS,B-Class,50916,50972,51102,3.959520679542785e-07,1.239154616240222e-08
24 april 2026,HEL1OS,B-Class,51296,51376,51886,5.452533117605225e-07,1.239154616240222e-08
24 april 2026,HEL1OS,C-Class,52484,52595,53207,1.4907665082414273e-06,6.502275255333976e-08
24 april 2026,HEL1OS,B-Class,53208,53365,53530,4.343664677924812e-07,1.2381433916472396e-08
24 april 2026,HEL1OS,B-Class,53561,53626,53808,3.8629183941752086e-07,1.2381433916472396e-08
24 april 2026,HEL1OS,B-Class,53961,54212,54231,4.535160279097826e-07,3.3320861563352054e-08
24 april 2026,HEL1OS,B-Class,54232,54508,54595,3.8981696834865633e-07,-2.2495702295479022e-08
24 april 2026,HEL1OS,B-Class,54803,55142,55447,5.332713115582781e-07,-2.2495702295479022e-08
24 april 2026,HEL1OS,B-Class,55493,55510,55679,5.295985438365672e-07,1.8555971281220906e-08
24 april 2026,HEL1OS,B-Class,55682,55771,55910,3.8598746081503324e-07,1.8555971281220906e-08
24 april 2026,HEL1OS,B-Class,55911,55966,56048,3.232925472747382e-07,1.8555971281220906e-08
24 april 2026,HEL1OS,C-Class,57510,57635,57913,1.053201537061344e-06,2.8963494792192326e-08
24 april 2026,HEL1OS,B-Class,57914,57978,58321,8.948336535544225e-07,2.8963494792192326e-08
24 april 2026,HEL1OS,B-Class,58369,58421,58492,4.365395894427997e-07,9.6288805743752e-09
24 april 2026,HEL1OS,B-Class,58493,58625,58640,4.848457882495529e-07,9.6288805743752e-09
24 april 2026,HEL1OS,B-Class,58641,58719,58969,3.9744463545352004e-07,9.6288805743752e-09
24 april 2026,HEL1OS,B-Class,59048,59154,59401,4.7472039640002344e-07,-1.6473859844270836e-08
24 april 2026,HEL1OS,B-Class,59402,59506,59757,4.897734856911545e-07,-1.6473859844270836e-08
24 april 2026,HEL1OS,B-Class,59791,59805,60002,3.3669026190715754e-07,-1.6473859844270836e-08
24 april 2026,HEL1OS,B-Class,60088,60171,60332,9.60942461320625e-07,4.5166346445543916e-08
24 april 2026,HEL1OS,C-Class,61694,61927,62128,1.7606674082313055e-06,4.31064819496395e-08
24 april 2026,HEL1OS,C-Class,62334,62445,62552,1.0854039842248575e-06,7.721812114470346e-08
24 april 2026,HEL1OS,M-Class,64783,65316,65556,4.471666902618912e-05,7.72272221660403e-08
24 april 2026,HEL1OS,M-Class,65861,65862,65985,1.9752743452320055e-05,3.7671230660328318e-06
24 april 2026,HEL1OS,C-Class,66895,66916,67025,1.7690282131660812e-06,1.9998887652947014e-07
24 april 2026,HEL1OS,B-Class,77735,77962,78248,5.414915562746293e-07,8.075639599554775e-09
24 april 2026,HEL1OS,B-Class,78469,78511,78828,4.750834260289041e-07,8.075639599554775e-09
24 april 2026,HEL1OS,B-Class,81889,81965,82015,3.7406613408836774e-07,-8.388107998786232e-08
24 april 2026,HEL1OS,B-Class,82556,82677,82712,4.3444938820910573e-07,-8.388107998786232e-08
24 april 2026,HEL1OS,B-Class,82753,82779,82891,3.7378197997773975e-07,-8.388107998786232e-08
24 april 2026,HEL1OS,B-Class,85684,85855,85966,4.104489837192694e-07,1.7491151784810806e-08
25 April 2026,SoLEXS,C-Class,5046,5562,5582,1.6162493679845717e-06,1.33910405501057e-07
25 April 2026,SoLEXS,B-Class,27858,27955,28174,8.058812822327551e-07,6.050257862270994e-08
25 April 2026,SoLEXS,C-Class,28659,28783,29256,6.979547982606687e-06,1.3217312165031382e-07
25 April 2026,SoLEXS,C-Class,47793,48030,48254,1.401922337951209e-06,1.2034685003538858e-07
25 April 2026,SoLEXS,C-Class,52163,52246,52510,5.7582455253309706e-06,1.2473050864596582e-07
25 April 2026,SoLEXS,B-Class,57578,57729,57782,5.433997370815865e-07,8.83072100313448e-08
25 April 2026,SoLEXS,C-Class,70469,70657,71024,1.2867044190514254e-06,6.552937607442379e-08
25 April 2026,HEL1OS,B-Class,5003,5031,5132,2.372737384973118e-07,-2.1943573667710814e-09
25 April 2026,HEL1OS,B-Class,5379,5528,5666,3.183506926888348e-07,4.2572555364544955e-10
25 April 2026,HEL1OS,C-Class,28641,28721,29011,3.0302133683890113e-06,-2.994236019819892e-09
25 April 2026,HEL1OS,B-Class,29051,29171,29395,8.614329052482251e-07,-2.994236019819892e-09
25 April 2026,HEL1OS,C-Class,43187,43830,43911,2.6445838810798933e-06,-2.155040954595939e-07
25 April 2026,HEL1OS,B-Class,43912,43918,44037,3.730761452118382e-07,-2.155040954595939e-07
25 April 2026,HEL1OS,B-Class,44096,44113,44240,3.9874709272928095e-07,-2.155040954595939e-07
25 April 2026,HEL1OS,B-Class,44241,44279,44512,3.585539488320228e-07,-2.155040954595939e-07
25 April 2026,HEL1OS,B-Class,46765,46919,46938,3.6086055212861487e-07,2.888563049853272e-08
25 April 2026,HEL1OS,B-Class,51049,51100,51345,3.3889270907067253e-07,-9.201132571543799e-09
25 April 2026,HEL1OS,B-Class,51378,51630,51644,4.213843664677775e-07,-9.201132571543799e-09
25 April 2026,HEL1OS,B-Class,51679,51993,52070,3.4514713317826657e-07,-9.201132571543799e-09
25 April 2026,HEL1OS,C-Class,52071,52181,52314,3.112205480837183e-06,-9.201132571543799e-09
25 April 2026,HEL1OS,B-Class,60949,61077,61239,4.522691879866356e-07,2.1070886843967244e-08
25 April 2026,HEL1OS,B-Class,61242,61292,61414,3.520062695924639e-07,2.1070886843967244e-08
25 April 2026,HEL1OS,B-Class,61415,61527,61548,3.581181110324475e-07,2.1070886843967244e-08
25 April 2026,HEL1OS,B-Class,61691,61843,61919,3.5598139346747644e-07,2.1070886843967244e-08
25 April 2026,HEL1OS,B-Class,62076,62191,62233,3.216796440489318e-07,-8.426534533319529e-09
25 April 2026,HEL1OS,B-Class,62236,62339,62419,5.523430073819198e-07,-8.426534533319529e-09
25 April 2026,HEL1OS,B-Class,62420,62571,62590,4.5548488219231865e-07,-8.426534533319529e-09
25 April 2026,HEL1OS,B-Class,62592,62751,62764,4.0539387197895205e-07,-8.426534533319529e-09
25 April 2026,HEL1OS,B-Class,62913,62962,63114,5.005865102639118e-07,-8.555465668924763e-08
25 April 2026,HEL1OS,B-Class,63165,63177,63290,4.6799069673372787e-07,-8.555465668924763e-08
25 April 2026,HEL1OS,B-Class,63479,63495,63608,5.210213368388932e-07,-8.555465668924763e-08
25 April 2026,HEL1OS,B-Class,63673,63689,63802,3.9853574678934767e-07,-8.555465668924763e-08
25 April 2026,HEL1OS,B-Class,63874,63885,64006,3.684487814743523e-07,-8.555465668924763e-08
25 April 2026,HEL1OS,B-Class,66407,66464,66602,3.658762261098059e-07,-4.624532308625582e-08
25 April 2026,HEL1OS,B-Class,66603,66675,66740,3.73201537061368e-07,-4.624532308625582e-08
25 April 2026,HEL1OS,B-Class,66741,66763,66886,3.1431995146120833e-07,-4.624532308625582e-08
25 April 2026,HEL1OS,B-Class,66891,66910,67191,4.047709576296751e-07,-4.624532308625582e-08
25 April 2026,HEL1OS,B-Class,67228,67266,67370,3.4693801193243784e-07,-4.624532308625582e-08
25 April 2026,HEL1OS,B-Class,67480,67618,67635,4.2538982708057944e-07,-4.624532308625582e-08
25 April 2026,HEL1OS,B-Class,67739,68047,68257,4.734108605521117e-07,1.63434118717761e-08
25 April 2026,HEL1OS,B-Class,68929,69085,69097,3.944180402467247e-07,-2.1715036909696873e-08
25 April 2026,HEL1OS,B-Class,69287,69392,69410,3.955597128122015e-07,-2.1715036909696873e-08
25 April 2026,HEL1OS,B-Class,69412,69430,69625,3.704499949438638e-07,-2.1715036909696873e-08
25 April 2026,HEL1OS,B-Class,69711,69980,70027,3.8617554858932797e-07,-2.1715036909696873e-08
25 April 2026,HEL1OS,B-Class,72668,72920,72960,4.2869046415207285e-07,1.9941348973606316e-08
25 April 2026,HEL1OS,B-Class,73015,73199,73240,4.057518454848677e-07,1.9941348973606316e-08
25 April 2026,HEL1OS,B-Class,73241,73259,73464,5.730346850035188e-07,1.9941348973606316e-08
25 April 2026,HEL1OS,B-Class,74407,74463,74534,4.2525937910808475e-07,2.676711497623527e-08
25 April 2026,HEL1OS,B-Class,74770,74976,74982,3.805056122964775e-07,2.676711497623527e-08
25 April 2026,HEL1OS,B-Class,75311,75391,75440,3.5453230862573314e-07,3.1872787946201724e-08
25 April 2026,HEL1OS,B-Class,75478,75492,75716,3.071058752148743e-07,1.2518960461118008e-08
25 April 2026,HEL1OS,B-Class,76036,76058,76224,3.9999393265242786e-07,1.2518960461118008e-08
25 April 2026,HEL1OS,B-Class,79927,80042,80065,4.1032460309433264e-07,1.770654262311597e-08
25 April 2026,HEL1OS,B-Class,80084,80202,80423,3.967620588532571e-07,1.770654262311597e-08
25 April 2026,HEL1OS,B-Class,80558,80576,80976,3.824117706542487e-07,9.228435635554322e-09
25 April 2026,HEL1OS,B-Class,80977,81539,81577,4.207392051774549e-07,9.228435635554322e-09
25 April 2026,HEL1OS,B-Class,85897,85911,86029,3.9073414905449103e-07,-1.3131598240469233e-07
25 April 2026,HEL1OS,B-Class,86232,86350,86384,3.095318030134383e-07,-1.3131598240469233e-07
25 February 2026,SoLEXS,C-Class,2437,2567,2571,2.708078673273237e-06,4.6383152998279267e-07
25 February 2026,SoLEXS,C-Class,18640,18911,19232,2.511496612397524e-06,9.590959652138398e-08
25 February 2026,SoLEXS,B-Class,24653,24863,24878,8.839902922438757e-07,1.340701789867482e-07
25 February 2026,SoLEXS,C-Class,31916,32265,32397,1.1115097583172826e-06,1.0896046111841052e-07
25 February 2026,SoLEXS,C-Class,35125,35252,35584,1.663029628880515e-06,1.3714329052482065e-07
25 February 2026,SoLEXS,M-Class,56932,57510,57619,1.5430350894933216e-05,1.506724643543277e-07
25 February 2026,HEL1OS,C-Class,2117,2435,2816,1.062604914551484e-06,-8.423500859540597e-10
25 February 2026,HEL1OS,C-Class,18609,18743,19297,1.0588593386590783e-06,-8.211143695014369e-10
25 February 2026,HEL1OS,B-Class,35102,35172,35320,4.171766609363791e-07,-4.721407624633262e-09
25 February 2026,HEL1OS,C-Class,56924,57415,58011,4.245383759732885e-06,-1.8829001921326052e-09
25 February 2026,HEL1OS,B-Class,58585,58649,58706,7.2486803519059e-07,6.668520578420231e-08
25 February 2026,HEL1OS,B-Class,59152,59246,59294,2.1897967438567327e-07,1.913338052381365e-08
25 February 2026,HEL1OS,B-Class,59295,59410,59520,2.4453331985033e-07,1.913338052381365e-08
25 January 2026,SoLEXS,B-Class,15085,15161,15221,7.060916169480989e-07,1.2519162706036565e-07
25 January 2026,SoLEXS,C-Class,37287,37770,37814,2.751234705227933e-06,1.407503286479877e-07
25 January 2026,SoLEXS,C-Class,56640,56710,57049,1.8775993528161935e-06,1.2928607543735002e-07
25 January 2026,SoLEXS,C-Class,78122,78226,78336,4.298400242693749e-06,5.912235817574872e-07
25 January 2026,HEL1OS,B-Class,37373,37566,37858,4.0494387703507506e-07,-1.2316715542521557e-09
25 January 2026,HEL1OS,B-Class,43211,43417,43432,3.442936596217897e-07,-5.1208413388611775e-08
25 January 2026,HEL1OS,B-Class,43840,43883,44010,3.4574274446353304e-07,1.986045100616776e-08
25 January 2026,HEL1OS,B-Class,44109,44141,44235,3.013277378905748e-07,1.986045100616776e-08
25 January 2026,HEL1OS,B-Class,44379,44433,44504,3.52284356355534e-07,1.986045100616776e-08
25 January 2026,HEL1OS,B-Class,47358,47531,47545,2.6771665486903685e-07,-2.4145009606632783e-08
25 January 2026,HEL1OS,B-Class,48186,48203,48330,3.1969056527453604e-07,-2.4145009606632783e-08
25 January 2026,HEL1OS,B-Class,52373,52475,52644,3.251339872585585e-07,8.253615127919613e-09
25 January 2026,HEL1OS,B-Class,52645,52747,52796,3.1323389624834556e-07,8.253615127919613e-09
25 January 2026,HEL1OS,B-Class,53067,53084,53249,3.1426939023155925e-07,8.253615127919613e-09
25 January 2026,HEL1OS,C-Class,56596,56683,56766,2.9146202851652314e-06,5.839013044797043e-08
25 January 2026,HEL1OS,B-Class,56897,56910,57301,4.965739710789589e-07,5.839013044797043e-08
25 January 2026,HEL1OS,B-Class,57865,57914,58039,3.463504904439152e-07,-6.411871776721384e-08
25 January 2026,HEL1OS,B-Class,58522,58569,58664,2.583638386085458e-07,2.1822226716553022e-08
25 January 2026,HEL1OS,B-Class,58763,58881,58917,3.091273131762454e-07,2.1822226716553022e-08
25 January 2026,HEL1OS,B-Class,60082,60237,60255,4.541763575689999e-07,9.647082617048904e-09
25 January 2026,HEL1OS,B-Class,60264,60326,60421,2.9350692688845143e-07,9.647082617048904e-09
25 January 2026,HEL1OS,B-Class,60545,60601,60782,4.2612599858427036e-07,9.647082617048904e-09
25 January 2026,HEL1OS,B-Class,60792,60864,60935,3.37456770148638e-07,9.647082617048904e-09
25 January 2026,HEL1OS,B-Class,61648,61715,61804,3.5394377591261753e-07,2.4102538173727515e-08
25 January 2026,HEL1OS,B-Class,61925,61995,62053,5.032379411467108e-07,2.4102538173727515e-08
25 January 2026,HEL1OS,B-Class,62094,62198,62237,2.937344524218724e-07,2.4102538173727515e-08
25 January 2026,HEL1OS,B-Class,62633,62798,62823,4.3789766407117456e-07,2.4102538173727515e-08
25 January 2026,HEL1OS,B-Class,64159,64171,64332,3.5101830316512046e-07,-7.550814035797094e-09
25 January 2026,HEL1OS,B-Class,64425,64501,64580,2.769137425422088e-07,-1.373141874810347e-08
25 January 2026,HEL1OS,B-Class,64621,64717,64817,3.3094145009605453e-07,-6.84993427040121e-08
25 January 2026,HEL1OS,B-Class,65589,65693,65730,3.452017393062876e-07,-6.84993427040121e-08
25 January 2026,HEL1OS,B-Class,66925,66940,67059,3.8639902922437695e-07,6.2756598240466865e-09
25 January 2026,HEL1OS,B-Class,67186,67297,67319,3.315279603599841e-07,6.2756598240466865e-09
25 January 2026,HEL1OS,B-Class,67694,67765,67835,3.154565679037202e-07,6.2756598240466865e-09
25 January 2026,HEL1OS,B-Class,68485,68600,68616,3.237961371220433e-07,-3.442714126807439e-08
25 January 2026,HEL1OS,B-Class,68657,68670,68831,3.880058651026255e-07,-3.442714126807439e-08
25 January 2026,HEL1OS,B-Class,69379,69392,69550,4.1730003033672293e-07,-3.442714126807439e-08
25 January 2026,HEL1OS,B-Class,69892,69962,70150,3.9383152998279514e-07,9.598543836585764e-09
25 January 2026,HEL1OS,B-Class,70412,70521,70673,4.05398928101917e-07,9.598543836585764e-09
25 January 2026,HEL1OS,B-Class,72657,72721,72792,2.907503286479824e-07,1.9945393871978247e-08
25 January 2026,HEL1OS,B-Class,72793,73080,73094,2.999686520376068e-07,1.9945393871978247e-08
25 January 2026,HEL1OS,B-Class,73377,73487,73605,3.78448781474352e-07,-1.578521589645007e-08
25 January 2026,HEL1OS,B-Class,73893,74097,74286,3.460501567397996e-07,-1.578521589645007e-08
25 January 2026,HEL1OS,C-Class,77945,78197,78349,2.1169986854079535e-06,6.005561735261187e-08
25 January 2026,HEL1OS,B-Class,80736,80814,80866,4.6468904843764144e-07,-3.7415309940352477e-11
25 January 2026,HEL1OS,B-Class,80867,80953,81006,3.586206896551597e-07,-3.7415309940352477e-11
25 January 2026,HEL1OS,B-Class,81075,81105,81245,2.718990797856107e-07,-3.7415309940352477e-11
25 January 2026,HEL1OS,B-Class,81276,81355,81458,2.963808271817065e-07,-3.7415309940352477e-11
25 January 2026,HEL1OS,B-Class,81462,81499,81595,2.8424006471836385e-07,-3.7415309940352477e-11
25 January 2026,HEL1OS,B-Class,85056,85238,85261,3.329638992820187e-07,2.7691374254220878e-08
25 January 2026,HEL1OS,B-Class,86084,86153,86239,3.528708666194636e-07,-8.318914956011727e-08
25 January 2026,HEL1OS,B-Class,86251,86320,86375,3.086611386388807e-07,-8.318914956011727e-08
25 March 2026,SoLEXS,B-Class,15550,15785,15797,6.991950652239611e-07,8.621802002224386e-08
25 March 2026,HEL1OS,B-Class,1403,1432,1575,5.081626049145334e-07,5.2331883911414883e-08
25 March 2026,HEL1OS,B-Class,1576,1685,1710,6.188522600869432e-07,4.0956618464959564e-08
25 March 2026,HEL1OS,B-Class,2517,2606,2655,3.597664071190083e-07,1.8226312063908756e-08
25 March 2026,HEL1OS,B-Class,2721,2735,3027,4.0443017494184015e-07,1.8226312063908756e-08
25 March 2026,HEL1OS,B-Class,3298,3353,3500,3.643998382040521e-07,1.0945494994437871e-08
25 March 2026,HEL1OS,B-Class,3684,3794,3816,4.0248559004953564e-07,1.0945494994437871e-08
25 March 2026,HEL1OS,B-Class,4111,4190,4349,3.3041156840933193e-07,1.0945494994437871e-08
25 March 2026,HEL1OS,B-Class,6198,6236,6371,3.097219132369189e-07,2.981292345029725e-08
25 March 2026,HEL1OS,B-Class,6831,6951,7032,4.17295985438351e-07,-9.905956112852326e-09
25 March 2026,HEL1OS,B-Class,7477,7496,7848,3.8805035898471663e-07,-9.905956112852326e-09
25 March 2026,HEL1OS,B-Class,8569,8644,8724,5.982981090099898e-07,-1.1311153807260186e-07
25 March 2026,HEL1OS,B-Class,8885,8965,9032,2.9182526039032226e-07,-1.1311153807260186e-07
25 March 2026,HEL1OS,B-Class,9522,9583,9732,3.964121751440854e-07,-1.1311153807260186e-07
25 March 2026,HEL1OS,B-Class,11206,11219,11328,3.1913236929921e-07,-3.5028819900898744e-08
25 March 2026,HEL1OS,B-Class,11720,11838,12038,3.452563454343086e-07,-3.5028819900898744e-08
25 March 2026,HEL1OS,B-Class,12094,12140,12259,3.274911517847997e-07,2.3246030943471723e-08
25 March 2026,HEL1OS,B-Class,12997,13070,13175,3.575963191424688e-07,-1.2871877844068704e-08
25 March 2026,HEL1OS,B-Class,13950,14106,14267,3.433633329962462e-07,-8.34593993325888e-08
25 March 2026,HEL1OS,B-Class,14481,14553,14651,3.7756497118008564e-07,-8.34593993325888e-08
25 March 2026,HEL1OS,B-Class,14990,15024,15128,3.7537465871168647e-07,-2.238446759025099e-08
25 March 2026,HEL1OS,B-Class,15222,15471,15616,8.655212862776514e-07,-2.238446759025099e-08
25 March 2026,HEL1OS,B-Class,15617,15657,15998,5.753878046313881e-07,-2.238446759025099e-08
25 March 2026,HEL1OS,B-Class,16083,16147,16204,3.472848619678306e-07,2.4340175953078357e-09
25 March 2026,HEL1OS,B-Class,17181,17234,17353,3.3586813631306313e-07,-6.843968045302623e-08
25 March 2026,HEL1OS,B-Class,17380,17434,17505,3.667408231368056e-07,-6.843968045302623e-08
25 March 2026,HEL1OS,B-Class,17506,17528,17630,4.348629790676354e-07,-6.843968045302623e-08
25 March 2026,HEL1OS,B-Class,17797,18061,18104,3.641905147133049e-07,1.7910809990898333e-08
25 March 2026,HEL1OS,B-Class,18185,18197,18333,5.217524522196194e-07,-1.811002123571578e-08
25 March 2026,HEL1OS,B-Class,18525,18689,18701,3.804702194357231e-07,-1.811002123571578e-08
25 March 2026,HEL1OS,B-Class,18929,18962,19052,4.372231772676556e-07,-2.5421175042976122e-08
25 March 2026,HEL1OS,B-Class,19251,19270,19400,3.7108807766203553e-07,-2.5421175042976122e-08
25 March 2026,HEL1OS,B-Class,19599,19770,19800,3.1838102942662434e-07,-2.5421175042976122e-08
25 March 2026,HEL1OS,B-Class,19886,19971,20089,3.773556476893383e-07,1.2684801294367021e-08
25 March 2026,HEL1OS,B-Class,20713,20724,20862,4.0095864091413273e-07,-4.9331580544037066e-08
25 March 2026,HEL1OS,B-Class,20943,21012,21066,3.486833855799249e-07,-4.9331580544037066e-08
25 March 2026,HEL1OS,B-Class,21205,21240,21327,3.55331176054189e-07,-4.9331580544037066e-08
25 March 2026,HEL1OS,B-Class,21328,21392,21456,5.712104358377792e-07,-4.9331580544037066e-08
25 March 2026,HEL1OS,B-Class,21561,21585,21711,3.954039842248823e-07,-4.9331580544037066e-08
25 March 2026,HEL1OS,B-Class,22629,22788,22858,3.4064920618868236e-07,-1.8869450905045347e-08
25 March 2026,HEL1OS,B-Class,24237,24259,24513,3.52960865608239e-07,-2.9339670340781635e-08
25 March 2026,HEL1OS,B-Class,25031,25143,25156,3.4508342602890866e-07,-5.25159267873376e-08
25 March 2026,HEL1OS,B-Class,25200,25327,25570,3.6342097279804547e-07,-5.25159267873376e-08
25 March 2026,HEL1OS,B-Class,26031,26051,26202,3.642016381838276e-07,-5.25159267873376e-08
25 March 2026,HEL1OS,B-Class,27318,27384,27482,3.180179997977437e-07,-2.4746688239457097e-08
25 March 2026,HEL1OS,B-Class,27496,27525,27629,4.2338659116188187e-07,-2.4746688239457097e-08
25 March 2026,HEL1OS,B-Class,27740,27777,27868,3.1323692992212453e-07,-2.4746688239457097e-08
25 March 2026,HEL1OS,B-Class,28008,28153,28234,4.396278693497669e-07,-2.4746688239457097e-08
25 March 2026,HEL1OS,B-Class,28239,28398,28424,3.3585802406713337e-07,-5.2862776822730443e-08
25 March 2026,HEL1OS,B-Class,28794,28846,29032,3.555293760744134e-07,-5.2862776822730443e-08
25 March 2026,HEL1OS,B-Class,30018,30220,30244,3.580402467387879e-07,-2.862574577813631e-08
25 March 2026,HEL1OS,B-Class,30557,30641,30726,3.3962079077761963e-07,-3.543533218727753e-08
25 March 2026,HEL1OS,B-Class,31145,31185,31436,3.524946910708743e-07,-3.543533218727753e-08
25 March 2026,HEL1OS,B-Class,32720,32734,32909,3.30970775609251e-07,-6.188492264131643e-08
25 March 2026,HEL1OS,B-Class,32927,33162,33171,4.0105167357668707e-07,-7.086257457781121e-08
25 March 2026,HEL1OS,B-Class,33314,33383,33452,3.5608554960055357e-07,-7.086257457781121e-08
25 March 2026,HEL1OS,B-Class,33625,33803,33816,3.675882293457246e-07,-7.086257457781121e-08
25 March 2026,HEL1OS,B-Class,33930,34083,34155,4.4619880675496435e-07,-7.086257457781121e-08
25 March 2026,HEL1OS,B-Class,34384,34452,34530,4.001587622610839e-07,-6.498230356962048e-08
25 March 2026,HEL1OS,B-Class,35057,35217,35306,4.012508848215045e-07,-6.498230356962048e-08
25 March 2026,HEL1OS,B-Class,35492,35512,35631,3.608736980483237e-07,-6.498230356962048e-08
25 March 2026,HEL1OS,B-Class,36420,36455,36560,3.1571038527655867e-07,-4.40469208211128e-08
25 March 2026,HEL1OS,B-Class,36570,36700,36756,3.820143593892067e-07,-4.40469208211128e-08
25 March 2026,HEL1OS,B-Class,36881,37000,37013,3.538982708059334e-07,-3.4123773890179805e-08
25 March 2026,HEL1OS,B-Class,37319,37337,37481,3.9063302659519286e-07,-6.815957124077015e-08
25 March 2026,HEL1OS,B-Class,37775,37843,37964,4.216543634341036e-07,-8.851451107290615e-08
25 March 2026,HEL1OS,B-Class,38154,38248,38311,3.259247648902705e-07,-8.851451107290615e-08
25 March 2026,HEL1OS,B-Class,38604,38761,38832,3.489938315299704e-07,-8.851451107290615e-08
25 March 2026,HEL1OS,B-Class,39335,39391,39500,3.0735665891393385e-07,-1.8800687632722567e-08
25 March 2026,HEL1OS,B-Class,39654,39774,39810,4.001213469511436e-07,-1.8800687632722567e-08
25 March 2026,HEL1OS,B-Class,39912,40171,40185,6.44981292345007e-07,-5.7525533420970744e-08
25 March 2026,HEL1OS,B-Class,40278,40418,40456,3.562180200222342e-07,-5.7525533420970744e-08
25 March 2026,HEL1OS,B-Class,40846,40861,41019,3.004216806552629e-07,-6.685711396500925e-08
25 March 2026,HEL1OS,B-Class,41068,41132,41268,3.3839114167255344e-07,-6.685711396500925e-08
25 March 2026,HEL1OS,B-Class,42104,42141,42252,4.0447163515015244e-07,-1.4292648397208505e-08
25 May 2026,SoLEXS,C-Class,3526,3783,4079,1.448883608049296e-06,7.32874911517822e-08
25 May 2026,HEL1OS,B-Class,823,929,1059,3.5702093234906196e-07,1.610779654161128e-08
25 May 2026,HEL1OS,B-Class,1060,1101,1246,3.933077156436304e-07,1.610779654161128e-08
25 May 2026,HEL1OS,B-Class,1983,2039,2127,4.6732531095154567e-07,4.7419354838708e-08
25 May 2026,HEL1OS,B-Class,2128,2261,2357,5.052947719688363e-07,1.9249671352006605e-08
25 May 2026,HEL1OS,B-Class,2367,2557,2583,4.3989382141772123e-07,1.9249671352006605e-08
25 May 2026,HEL1OS,B-Class,2584,2878,3005,4.0971180099098545e-07,1.9249671352006605e-08
25 May 2026,HEL1OS,B-Class,3007,3025,3200,6.078824957022738e-07,1.9249671352006605e-08
25 May 2026,HEL1OS,C-Class,3474,3598,3994,1.4583375467690855e-06,4.1133582768731444e-08
25 May 2026,HEL1OS,B-Class,5624,5734,5808,4.4228435635553074e-07,3.0128425523307685e-08
25 May 2026,HEL1OS,B-Class,5815,5831,6081,5.471230660329465e-07,3.0128425523307685e-08
25 May 2026,HEL1OS,B-Class,6082,6191,6210,4.0499241581553815e-07,-5.615330164829402e-09
25 May 2026,HEL1OS,B-Class,6211,6445,6459,5.40895944989363e-07,-5.615330164829402e-09
25 May 2026,HEL1OS,B-Class,6462,7009,7081,4.2464050965717974e-07,-5.615330164829402e-09
25 May 2026,HEL1OS,B-Class,7185,7199,7311,3.3271614925673805e-07,2.6745879259782634e-08
25 May 2026,HEL1OS,B-Class,7312,7472,7483,4.030114268378863e-07,2.6745879259782634e-08
25 May 2026,HEL1OS,B-Class,7726,7909,7913,3.8057033067042833e-07,2.6745879259782634e-08
25 May 2026,HEL1OS,B-Class,12083,12294,12479,4.3101223581755964e-07,-1.491657397107846e-08
25 May 2026,HEL1OS,B-Class,12504,12535,12666,5.714885226008493e-07,-1.491657397107846e-08
25 May 2026,HEL1OS,B-Class,12668,12685,13009,4.965507129133202e-07,-1.491657397107846e-08
25 May 2026,HEL1OS,B-Class,13014,13131,13143,4.5204469612699375e-07,-1.491657397107846e-08
25 May 2026,HEL1OS,B-Class,13287,13858,13887,3.946061280210194e-07,1.4622307614520681e-08
25 May 2026,HEL1OS,B-Class,16008,16122,16147,3.6614420062694616e-07,4.683486702396438e-08
25 May 2026,HEL1OS,B-Class,16148,16261,16274,3.3765598139345543e-07,1.3140863585801982e-08
25 May 2026,HEL1OS,B-Class,16390,16414,16534,4.0528364849831704e-07,1.3140863585801982e-08
25 May 2026,HEL1OS,B-Class,16685,16850,17209,4.189452927495047e-07,1.3140863585801982e-08
25 May 2026,HEL1OS,B-Class,18570,18583,19059,5.817453736474663e-07,2.4749721913236037e-08
25 May 2026,HEL1OS,B-Class,19060,19078,19183,4.4166346445543984e-07,-1.3342097279805419e-08
25 May 2026,HEL1OS,B-Class,19283,19434,19451,4.791070886843796e-07,-1.3342097279805419e-08
25 May 2026,HEL1OS,B-Class,19452,19485,19785,4.366265547577962e-07,-1.3342097279805419e-08
25 May 2026,HEL1OS,B-Class,21180,21315,21408,4.959085852967767e-07,1.9957528567093965e-08
25 May 2026,HEL1OS,B-Class,21409,21543,21585,4.5431792901201735e-07,1.9957528567093965e-08
25 May 2026,HEL1OS,B-Class,21586,21635,21779,4.345292749519514e-07,1.9957528567093965e-08
25 May 2026,HEL1OS,B-Class,21781,21916,22031,4.2530387299017595e-07,1.9957528567093965e-08
25 May 2026,HEL1OS,B-Class,22032,22219,22377,3.968338557993589e-07,1.9957528567093965e-08
25 May 2026,HEL1OS,B-Class,22509,22678,22806,3.728698553948699e-07,2.1507735868135504e-08
25 May 2026,HEL1OS,B-Class,22861,22893,23107,3.8232885023762416e-07,2.1507735868135504e-08
25 May 2026,HEL1OS,B-Class,23187,23239,23351,4.3261603802202926e-07,2.1507735868135504e-08
25 May 2026,HEL1OS,B-Class,24377,24493,24511,7.296025887349321e-07,3.718272828395053e-08
25 May 2026,HEL1OS,B-Class,25554,25590,25715,3.9539184952976647e-07,2.8309232480532895e-08
25 May 2026,HEL1OS,B-Class,27112,27346,27711,4.505490949539732e-07,1.0334715340277187e-09
25 May 2026,HEL1OS,B-Class,27712,27902,28069,5.756122964910302e-07,1.0334715340277187e-09
25 May 2026,HEL1OS,B-Class,28133,28163,28257,5.817312165031646e-07,1.0334715340277187e-09
25 May 2026,HEL1OS,B-Class,29536,29660,30135,3.8748811811101864e-07,1.9465062190311782e-08
25 May 2026,HEL1OS,B-Class,30136,30302,30411,5.508524623318641e-07,1.9465062190311782e-08
25 May 2026,HEL1OS,B-Class,30412,30562,30579,5.313924562645173e-07,1.9465062190311782e-08
25 May 2026,HEL1OS,B-Class,34017,34029,34195,4.61381332793997e-07,-2.143189402366188e-08
25 May 2026,HEL1OS,B-Class,34196,34230,34483,4.858458893720122e-07,-2.143189402366188e-08
25 May 2026,HEL1OS,B-Class,34746,34764,35037,3.81656385883291e-07,-2.143189402366188e-08
25 May 2026,HEL1OS,B-Class,35038,35123,35199,3.7106178582261797e-07,-2.143189402366188e-08
25 May 2026,HEL1OS,B-Class,35531,35548,35771,4.091151784811261e-07,2.859338659116087e-08
25 May 2026,HEL1OS,B-Class,36112,36214,36253,4.5502578622710476e-07,2.859338659116087e-08
25 May 2026,HEL1OS,B-Class,36500,36511,36625,3.9486095661845084e-07,2.859338659116087e-08
25 May 2026,HEL1OS,B-Class,38653,38688,38870,3.653443219738974e-07,-1.9229446860146946e-08
25 May 2026,HEL1OS,B-Class,38871,38891,39012,4.275720497522347e-07,-1.9229446860146946e-08
25 May 2026,HEL1OS,B-Class,39013,39053,39177,3.7343209626856795e-07,-1.9229446860146946e-08
25 May 2026,HEL1OS,B-Class,39331,39470,40003,4.0221357063402346e-07,-1.9229446860146946e-08
25 May 2026,HEL1OS,B-Class,40021,40039,40178,5.689796743856608e-07,-7.477095762968693e-08
25 May 2026,HEL1OS,B-Class,40209,40322,40343,4.330063707149203e-07,-7.477095762968693e-08
25 May 2026,HEL1OS,B-Class,40344,40377,40658,4.2034179391241294e-07,-7.477095762968693e-08
25 May 2026,HEL1OS,B-Class,40659,40699,40781,4.350369096976283e-07,-7.477095762968693e-08
25 May 2026,HEL1OS,B-Class,41003,41134,41259,6.569663262210303e-07,6.252401658408101e-09
25 May 2026,HEL1OS,B-Class,41260,41303,41459,3.5593993325916415e-07,6.252401658408101e-09
25 May 2026,HEL1OS,B-Class,42575,42681,42738,4.0820912124581416e-07,4.7361715036907974e-08
25 May 2026,HEL1OS,B-Class,42739,43073,43174,4.733340074830451e-07,-1.8138740014156502e-07
25 May 2026,HEL1OS,B-Class,43217,43480,43571,3.6832844574778735e-07,-1.8138740014156502e-07
25 May 2026,HEL1OS,B-Class,43597,43693,43735,4.338487208008744e-07,-1.8138740014156502e-07
25 May 2026,HEL1OS,B-Class,43736,43969,43981,4.306937000707703e-07,-1.8138740014156502e-07
25 May 2026,HEL1OS,B-Class,44227,44269,44554,4.028162604914408e-07,-2.2466376782282544e-08
25 May 2026,HEL1OS,B-Class,44664,44705,44859,3.161624026696216e-07,-2.2466376782282544e-08
25 May 2026,HEL1OS,B-Class,44860,44877,45060,4.5921832338960843e-07,-2.0406512286378328e-09
25 May 2026,HEL1OS,B-Class,45092,45309,45360,4.4025887349578764e-07,-2.0406512286378328e-09
25 May 2026,HEL1OS,B-Class,45451,45636,45675,4.066690261907024e-07,-2.0406512286378328e-09
25 May 2026,HEL1OS,B-Class,50999,51036,51147,3.5354636464757567e-07,1.569319445848874e-08
25 May 2026,HEL1OS,B-Class,51241,51259,51490,5.131620993022367e-07,1.569319445848874e-08
25 May 2026,HEL1OS,B-Class,51584,51674,52037,5.356648801698666e-07,1.569319445848874e-08
25 May 2026,HEL1OS,B-Class,53180,53330,53349,3.8256244311860296e-07,-2.8814844777023967e-08
25 May 2026,HEL1OS,B-Class,53350,53407,53481,4.738325412073852e-07,-2.8814844777023967e-08
25 May 2026,HEL1OS,B-Class,53482,53524,53670,3.2741429871573307e-07,-2.8814844777023967e-08
25 May 2026,HEL1OS,B-Class,53873,53891,54067,3.68406310041447e-07,-2.8814844777023967e-08
25 May 2026,HEL1OS,B-Class,54068,54080,54241,4.3321468298107463e-07,-2.8814844777023967e-08
25 May 2026,HEL1OS,B-Class,54644,54659,54826,4.364495904540242e-07,-6.733744564667616e-09
25 May 2026,HEL1OS,B-Class,54827,55081,55243,3.849752249974582e-07,-6.733744564667616e-09
25 May 2026,HEL1OS,B-Class,55463,55614,55814,4.611568409343551e-07,-6.733744564667616e-09
25 May 2026,HEL1OS,B-Class,56145,56512,56624,4.2746688239456454e-07,1.9695621397511697e-08
25 May 2026,HEL1OS,B-Class,56625,56671,56763,3.6932146829809583e-07,1.9695621397511697e-08
25 May 2026,HEL1OS,B-Class,56764,57170,57225,5.581878855293562e-07,1.9695621397511697e-08
25 May 2026,HEL1OS,B-Class,59585,59660,59732,3.8121953685912284e-07,6.668217211042332e-08
25 May 2026,HEL1OS,B-Class,59733,59810,59911,3.5933865911617686e-07,1.5799373040751732e-08
25 May 2026,HEL1OS,B-Class,60187,60204,60363,4.706239255738532e-07,1.5799373040751732e-08
25 May 2026,HEL1OS,B-Class,60543,60588,60803,3.963403781979837e-07,1.5799373040751732e-08
25 May 2026,HEL1OS,B-Class,62557,62670,62689,4.519031246839762e-07,3.1846496106784205e-08
25 May 2026,HEL1OS,B-Class,66821,67027,67154,5.127252502780684e-07,1.8471028415410437e-08
25 May 2026,HEL1OS,B-Class,67223,67345,67370,4.0143998382039214e-07,1.8471028415410437e-08
25 May 2026,HEL1OS,B-Class,67371,67513,67851,5.076832844574599e-07,1.8471028415410437e-08
25 May 2026,HEL1OS,B-Class,67852,67978,67990,4.709657194862811e-07,1.8471028415410437e-08
25 May 2026,HEL1OS,B-Class,68443,68464,68676,3.529810901000986e-07,2.6768126200828235e-08
25 May 2026,HEL1OS,B-Class,68808,68869,69040,3.6397916877337153e-07,2.6768126200828235e-08
25 May 2026,HEL1OS,B-Class,69134,69712,69728,5.438608554959863e-07,-2.961674587925868e-08
25 May 2026,HEL1OS,B-Class,70008,70220,70238,3.7499646071391116e-07,-2.961674587925868e-08
25 May 2026,HEL1OS,B-Class,70239,70279,70382,4.2913742542217093e-07,-2.961674587925868e-08
25 May 2026,HEL1OS,B-Class,70483,70500,70611,6.802902214581616e-07,2.8290019213266286e-08
25 May 2026,HEL1OS,B-Class,73228,73338,73372,4.897289918090634e-07,3.343715239154501e-08
25 May 2026,HEL1OS,B-Class,76639,76742,77232,8.284619273940448e-07,1.736879360905996e-08
25 May 2026,HEL1OS,B-Class,77233,77795,77833,6.264455455556456e-07,1.736879360905996e-08
26 February 2026,SoLEXS,C-Class,68718,68960,69102,3.949564162200284e-06,2.183972090201156e-07
26 February 2026,HEL1OS,C-Class,68711,68862,69148,1.3774456466780782e-06,-1.96379815957117e-09
26 January 2026,SoLEXS,C-Class,48880,49138,49472,4.534921630093881e-06,1.4979067650924736e-07
26 January 2026,SoLEXS,C-Class,83802,84092,84346,2.2301132571543347e-06,1.2074122762665156e-07
26 January 2026,HEL1OS,B-Class,1013,1054,1224,3.9010314490847026e-07,9.229446860147306e-09
26 January 2026,HEL1OS,B-Class,1754,1801,2001,3.453109515623297e-07,7.78946303974087e-09
26 January 2026,HEL1OS,B-Class,2408,2504,2588,3.7989685509150225e-07,-7.639801799979502e-08
26 January 2026,HEL1OS,B-Class,2878,2932,3123,3.0537971483465385e-07,-7.639801799979502e-08
26 January 2026,HEL1OS,B-Class,3946,4056,4071,2.658701587622516e-07,5.962180200222259e-09
26 January 2026,HEL1OS,B-Class,4112,4248,4300,3.0677823844674806e-07,-1.00313479623821e-08
26 January 2026,HEL1OS,B-Class,4435,4456,4565,3.531661442006144e-07,-1.00313479623821e-08
26 January 2026,HEL1OS,B-Class,10223,10244,10354,3.227727778339454e-07,-4.2572555364544935e-08
26 January 2026,HEL1OS,B-Class,10580,10597,10771,3.632055819597403e-07,-4.2572555364544935e-08
26 January 2026,HEL1OS,B-Class,11137,11183,11262,4.083678835069123e-07,-4.2572555364544935e-08
26 January 2026,HEL1OS,B-Class,12212,12323,12340,3.8354939832135345e-07,6.771159874607942e-09
26 January 2026,HEL1OS,B-Class,13185,13274,13335,3.3000303367376723e-07,6.771159874607942e-09
26 January 2026,HEL1OS,B-Class,13931,14130,14136,2.8206087572048747e-07,-3.245525331175937e-08
26 January 2026,HEL1OS,B-Class,14426,14495,14562,3.6886136110828903e-07,-3.245525331175937e-08
26 January 2026,HEL1OS,B-Class,15253,15308,15528,3.5001314591969627e-07,-2.5668925068256743e-08
26 January 2026,HEL1OS,B-Class,15945,16105,16132,3.178117099807754e-07,2.288805743755606e-08
26 January 2026,HEL1OS,B-Class,17707,17795,17833,3.31198301142672e-07,-2.7982606936999698e-08
26 January 2026,HEL1OS,B-Class,18272,18299,18453,3.5653756699361655e-07,-2.7982606936999698e-08
26 January 2026,HEL1OS,B-Class,18921,19023,19064,3.075862068965407e-07,2.1111335827686537e-08
26 January 2026,HEL1OS,B-Class,19065,19159,19196,2.9615532409747153e-07,2.1111335827686537e-08
26 January 2026,HEL1OS,B-Class,22313,22464,22487,2.6330164829607717e-07,2.1398523612093492e-08
26 January 2026,HEL1OS,B-Class,22943,23052,23091,3.3742946708462743e-07,2.1398523612093492e-08
26 January 2026,HEL1OS,B-Class,23473,23488,23625,3.0067650925269434e-07,1.2495702295479383e-08
26 January 2026,HEL1OS,B-Class,23706,23775,23966,3.762220649206055e-07,1.2495702295479383e-08
26 January 2026,HEL1OS,B-Class,24349,24458,24480,3.6375771058750854e-07,1.2495702295479383e-08
26 January 2026,HEL1OS,B-Class,24481,24550,24626,3.096167458792488e-07,1.2495702295479383e-08
26 January 2026,HEL1OS,B-Class,24913,25017,25160,3.664323996359461e-07,2.5199716857113264e-09
26 January 2026,HEL1OS,B-Class,25235,25329,25370,2.7878956416219043e-07,2.5199716857113264e-09
26 January 2026,HEL1OS,B-Class,25543,25602,25684,3.3807361715035703e-07,2.5199716857113264e-09
26 January 2026,HEL1OS,B-Class,26014,26076,26194,3.173020527859124e-07,-2.0224491859638112e-10
26 January 2026,HEL1OS,B-Class,26512,26616,26639,2.755617352613917e-07,-2.0224491859638112e-10
26 January 2026,HEL1OS,B-Class,27268,27483,27499,3.619182930528742e-07,-4.919607644857745e-08
26 January 2026,HEL1OS,B-Class,31362,31374,31598,3.9453433107491764e-07,-1.3907371827282352e-08
26 January 2026,HEL1OS,B-Class,31602,31642,31848,4.336667003741376e-07,-1.3907371827282352e-08
26 January 2026,HEL1OS,B-Class,31885,31939,32068,3.0053392658508383e-07,-1.3907371827282352e-08
26 January 2026,HEL1OS,B-Class,32242,32331,32380,3.118252603903216e-07,-1.3907371827282352e-08
26 January 2026,HEL1OS,B-Class,37838,37916,38003,2.8326018808776416e-07,1.5691172009302725e-08
26 January 2026,HEL1OS,B-Class,39075,39127,39198,2.936869248660023e-07,-1.6619476185660223e-08
26 January 2026,HEL1OS,B-Class,39239,39327,39486,2.803478612599758e-07,-1.6619476185660223e-08
26 January 2026,HEL1OS,B-Class,39820,39930,40001,3.565830721003008e-07,-1.6619476185660223e-08
26 January 2026,HEL1OS,B-Class,40004,40121,40137,3.176782283345018e-07,-1.6619476185660223e-08
26 January 2026,HEL1OS,B-Class,40138,40249,40263,2.457457781373155e-07,-1.6619476185660223e-08
26 January 2026,HEL1OS,B-Class,40950,40990,41076,2.939508544847706e-07,1.7310142582667016e-08
26 January 2026,HEL1OS,B-Class,41150,41188,41341,3.1314591970875613e-07,1.7310142582667016e-08
26 January 2026,HEL1OS,B-Class,41823,41877,41964,2.828647992719082e-07,-9.076751946607036e-09
26 January 2026,HEL1OS,B-Class,42171,42249,42382,3.014450399433607e-07,-9.076751946607036e-09
26 January 2026,HEL1OS,B-Class,42829,42948,43011,3.9729295176457275e-07,-5.5467691374252225e-08
26 January 2026,HEL1OS,B-Class,43053,43125,43176,3.4118212154918393e-07,-5.5467691374252225e-08
26 January 2026,HEL1OS,B-Class,43222,43293,43379,2.9069268884618234e-07,-5.5467691374252225e-08
26 January 2026,HEL1OS,B-Class,44724,44764,44859,3.73034685003526e-07,1.050055617352579e-08
26 January 2026,HEL1OS,B-Class,44860,44967,45154,4.351734250176809e-07,1.050055617352579e-08
26 January 2026,HEL1OS,B-Class,47362,47450,47483,3.573687936090478e-07,-8.978663161087732e-09
26 January 2026,HEL1OS,B-Class,47762,47833,47938,3.074405905551513e-07,-8.978663161087732e-09
26 January 2026,HEL1OS,B-Class,48462,48563,48654,3.630053594903298e-07,8.797653958944114e-10
26 January 2026,HEL1OS,C-Class,48788,48876,49237,5.378551926382657e-06,5.24855900495481e-08
26 January 2026,HEL1OS,B-Class,49436,49461,50036,7.850621903124404e-07,1.0133683891191874e-07
26 January 2026,HEL1OS,B-Class,50145,50161,50266,2.851693801193143e-07,4.84578824957008e-09
26 January 2026,HEL1OS,B-Class,50411,50533,50568,3.2285165335219796e-07,4.84578824957008e-09
26 January 2026,HEL1OS,B-Class,50569,50694,50715,4.3325917686316583e-07,4.84578824957008e-09
26 January 2026,HEL1OS,B-Class,51228,51243,51420,3.4658104965111514e-07,1.1484477702497325e-08
26 January 2026,HEL1OS,B-Class,51451,51804,51816,4.543088279906805e-07,1.1484477702497325e-08
26 January 2026,HEL1OS,B-Class,52000,52111,52158,4.015512185256202e-07,1.1484477702497325e-08
26 January 2026,HEL1OS,B-Class,52159,52254,52312,2.787228233390536e-07,9.068662149863175e-09
26 January 2026,HEL1OS,B-Class,52480,52502,52644,3.0779047426432315e-07,9.068662149863175e-09
26 January 2026,HEL1OS,B-Class,52798,52892,52925,3.473030640105043e-07,9.068662149863175e-09
26 January 2026,HEL1OS,B-Class,53116,53212,53243,2.659824046920726e-07,9.068662149863175e-09
26 January 2026,HEL1OS,B-Class,53776,53937,53949,3.63620184042863e-07,3.101425826675995e-08
26 January 2026,HEL1OS,B-Class,54079,54198,54229,3.1704924663766696e-07,-5.8536758013952815e-08
26 January 2026,HEL1OS,B-Class,54719,54770,54883,2.6176559813933736e-07,-5.8536758013952815e-08
26 January 2026,HEL1OS,B-Class,55306,55327,55455,2.5435129942359297e-07,-1.540904034786071e-08
26 January 2026,HEL1OS,B-Class,55743,55968,55997,3.279613712205364e-07,-2.3055920719986177e-10
26 January 2026,HEL1OS,B-Class,56294,56316,56445,3.726453635352279e-07,-1.929618768328379e-08
26 January 2026,HEL1OS,B-Class,57020,57132,57155,2.966589139447765e-07,-1.929618768328379e-08
26 January 2026,HEL1OS,B-Class,57555,57616,57694,2.745565780159676e-07,-1.6727677217109333e-08
26 January 2026,HEL1OS,B-Class,57770,57874,57932,4.371938517544591e-07,-1.6727677217109333e-08
26 January 2026,HEL1OS,B-Class,58497,58608,58679,2.9007988674283527e-07,-1.1002123571644567e-09
26 January 2026,HEL1OS,B-Class,59246,59371,59397,3.005066235210734e-07,-1.1002123571644567e-09
26 January 2026,HEL1OS,B-Class,60259,60377,60448,3.0092527050256786e-07,1.1041561330771193e-08
26 January 2026,HEL1OS,B-Class,60459,60561,60586,2.988290019213161e-07,1.1041561330771193e-08
26 January 2026,HEL1OS,B-Class,61055,61063,61176,2.4702497724743786e-07,1.1041561330771193e-08
26 January 2026,HEL1OS,B-Class,62754,62808,62894,3.090818080695612e-07,2.5392860754372615e-08
26 January 2026,HEL1OS,B-Class,63646,63702,63811,4.412074021640049e-07,2.3558499342703183e-08
26 January 2026,HEL1OS,B-Class,65281,65423,65437,3.4440084942864584e-07,3.085145110728981e-08
26 January 2026,HEL1OS,B-Class,66039,66141,66188,3.746192739407289e-07,-4.055010617858087e-09
26 January 2026,HEL1OS,B-Class,66189,66236,66485,3.3709879664272235e-07,-4.055010617858087e-09
26 January 2026,HEL1OS,B-Class,66716,66842,66864,3.1453736474869944e-07,-3.544038831024245e-08
26 January 2026,HEL1OS,B-Class,66915,67057,67192,3.649003943775782e-07,-3.544038831024245e-08
26 January 2026,HEL1OS,B-Class,69445,69461,69606,2.5126099706743976e-07,1.8958438669227752e-08
26 January 2026,HEL1OS,B-Class,69677,69725,69803,2.532510870664284e-07,1.8958438669227752e-08
26 January 2026,HEL1OS,B-Class,70085,70146,70207,2.7556578015976367e-07,1.8958438669227752e-08
26 January 2026,HEL1OS,B-Class,70882,70949,71017,3.1041662453229756e-07,-8.133178278895451e-08
26 January 2026,HEL1OS,B-Class,71051,71105,71383,3.90907068459891e-07,-8.133178278895451e-08
26 January 2026,HEL1OS,B-Class,71395,71487,71599,3.290807968449675e-07,1.742643341085993e-08
26 January 2026,HEL1OS,B-Class,71600,71667,71741,3.4126403074121543e-07,1.742643341085993e-08
26 January 2026,HEL1OS,B-Class,72011,72107,72145,3.077520477297898e-07,1.742643341085993e-08
26 January 2026,HEL1OS,B-Class,72331,72631,72712,3.1148548892707966e-07,5.442410759429486e-09
26 January 2026,HEL1OS,B-Class,73313,73326,73444,3.021448073617042e-07,5.442410759429486e-09
26 January 2026,HEL1OS,B-Class,73923,74024,74112,3.6515522297500973e-07,1.2180200222468993e-08
26 January 2026,HEL1OS,B-Class,75019,75032,75326,3.070168874506918e-07,-4.871675599150397e-08
26 January 2026,HEL1OS,B-Class,75378,75399,75584,2.8128627768226317e-07,-4.871675599150397e-08
26 January 2026,HEL1OS,B-Class,76325,76444,76474,3.162918394175234e-07,-4.1454140964706775e-08
26 January 2026,HEL1OS,B-Class,78071,78134,78237,3.8441804024672506e-07,-7.234705228030889e-08
26 January 2026,HEL1OS,B-Class,78953,79072,79199,3.942835473758582e-07,7.555870158762002e-09
26 January 2026,HEL1OS,B-Class,79468,79484,79604,4.027737890585355e-07,9.290120335726218e-09
26 January 2026,HEL1OS,B-Class,81241,81312,81404,3.4987157447667884e-07,2.592779856406023e-09
26 January 2026,HEL1OS,B-Class,81667,81697,81876,2.96124987359682e-07,-2.8225300839315424e-08
26 January 2026,HEL1OS,B-Class,82265,82281,82390,3.8347153402769383e-07,-2.8225300839315424e-08
26 January 2026,HEL1OS,C-Class,83635,84016,84179,1.6248144402871297e-06,2.393265244210654e-08
26 January 2026,HEL1OS,B-Class,84552,84734,84752,3.2918697542723064e-07,1.9053493780968083e-08
26 January 2026,HEL1OS,B-Class,85267,85384,85441,2.7130751339871624e-07,1.4819496410152161e-08
26 January 2026,HEL1OS,B-Class,85472,85593,85604,2.653008393164027e-07,1.4819496410152161e-08
26 March 2026,SoLEXS,M-Class,22555,22981,23874,2.7183786024875153e-05,2.985064212761548e-07
26 March 2026,SoLEXS,C-Class,31405,31644,31943,2.963564566690156e-06,1.8506219031246182e-07
26 March 2026,HEL1OS,B-Class,963,1211,1222,4.731843462432838e-07,1.6202346041055564e-09
26 March 2026,HEL1OS,B-Class,1253,1277,1384,3.969521690767378e-07,1.6571948629790087e-08
26 March 2026,HEL1OS,B-Class,3075,3195,3226,2.982505814541303e-07,-1.833046819698594e-08
26 March 2026,HEL1OS,B-Class,3227,3239,3567,4.058398220244571e-07,-1.833046819698594e-08
26 March 2026,HEL1OS,B-Class,3810,4043,4131,4.838618667205814e-07,-1.833046819698594e-08
26 March 2026,HEL1OS,B-Class,5079,5128,5250,3.898746081504563e-07,8.862372332894857e-09
26 March 2026,HEL1OS,B-Class,5398,5499,5547,3.757508342602759e-07,8.862372332894857e-09
26 March 2026,HEL1OS,B-Class,5791,5804,6003,3.8331782788956054e-07,8.862372332894857e-09
26 March 2026,HEL1OS,B-Class,7326,7386,7574,4.281383355243047e-07,-3.3686924866011546e-08
26 March 2026,HEL1OS,B-Class,7575,7840,7873,5.060177975528184e-07,-3.3686924866011546e-08
26 March 2026,HEL1OS,B-Class,8015,8084,8162,3.615785215896322e-07,-3.3686924866011546e-08
26 March 2026,HEL1OS,B-Class,8238,8355,8378,3.37962382445129e-07,-3.3686924866011546e-08
26 March 2026,HEL1OS,B-Class,8536,8549,8657,3.089554049954385e-07,3.2111436950145506e-08
26 March 2026,HEL1OS,B-Class,16809,16874,16969,3.0589543937707475e-07,-1.98877540701783e-08
26 March 2026,HEL1OS,B-Class,16972,17184,17198,3.3168166649811734e-07,-1.98877540701783e-08
26 March 2026,HEL1OS,B-Class,17229,17573,17610,3.310547072504685e-07,-3.711396501162778e-08
26 March 2026,HEL1OS,B-Class,17641,17646,17782,3.308969562139633e-07,-3.711396501162778e-08
26 March 2026,HEL1OS,B-Class,18134,18252,18347,2.9018707654969136e-07,-3.711396501162778e-08
26 March 2026,HEL1OS,B-Class,18348,18468,18483,3.6225401961774417e-07,4.434219840226388e-09
26 March 2026,HEL1OS,M-Class,22507,22901,23618,1.4549029224390217e-05,6.565780159773253e-08
26 March 2026,HEL1OS,B-Class,26834,27060,27221,4.099747193851608e-07,1.91404590959645e-08
26 March 2026,HEL1OS,B-Class,27252,27408,27427,3.882273232884885e-07,1.91404590959645e-08
26 March 2026,HEL1OS,B-Class,27514,27728,27750,3.612063909394147e-07,1.91404590959645e-08
26 March 2026,HEL1OS,C-Class,31390,31420,31815,1.6109090909090333e-06,7.39366973404767e-08
26 March 2026,HEL1OS,B-Class,37253,37522,37852,6.882263120638848e-07,1.1642228739002497e-08
26 March 2026,HEL1OS,B-Class,37854,38077,38090,4.254181413691829e-07,1.1642228739002497e-08
26 March 2026,HEL1OS,B-Class,38091,38112,38241,3.6550712913336747e-07,1.1642228739002497e-08
26 March 2026,HEL1OS,B-Class,38330,38352,38488,4.074992415815407e-07,1.1642228739002497e-08
26 March 2026,HEL1OS,B-Class,38591,38608,38738,3.5007786429364716e-07,1.9328546870259155e-08
26 March 2026,HEL1OS,B-Class,38889,38920,39023,3.100586510263819e-07,1.209323490747251e-08
26 March 2026,HEL1OS,B-Class,39024,39035,39182,3.311831327737772e-07,1.209323490747251e-08
26 March 2026,HEL1OS,B-Class,39330,39417,39484,4.2044291637171116e-07,1.209323490747251e-08
26 March 2026,HEL1OS,B-Class,39486,39504,39641,4.789624835675833e-07,1.209323490747251e-08
26 March 2026,HEL1OS,B-Class,39652,39721,39976,3.414784103549276e-07,1.209323490747251e-08
26 March 2026,HEL1OS,B-Class,40023,40138,40157,3.815704317928876e-07,7.016887450702502e-09
26 March 2026,HEL1OS,B-Class,40443,40461,40593,3.4254221862674477e-07,7.016887450702502e-09
26 March 2026,HEL1OS,B-Class,40712,40719,40859,4.282060875720345e-07,7.016887450702502e-09
26 March 2026,HEL1OS,B-Class,42735,42939,43004,3.8898776418241107e-07,-1.42313681868738e-07
26 May 2026,SoLEXS,C-Class,45340,45494,45971,5.22707250480313e-06,1.2921933461421322e-07
26 May 2026,SoLEXS,B-Class,72953,73154,73205,7.742926483971814e-07,1.332167054302713e-07
26 May 2026,SoLEXS,C-Class,85628,85714,85943,1.986035999595439e-06,1.8037920922236187e-07
26 May 2026,HEL1OS,B-Class,42576,42776,43175,5.336333299625656e-07,2.412478511477315e-08
26 May 2026,HEL1OS,B-Class,43217,43748,43817,5.879229446859938e-07,-2.621063808271723e-07
26 May 2026,HEL1OS,C-Class,45313,45364,45781,2.6409111133581827e-06,8.988067549802489e-08
26 May 2026,HEL1OS,B-Class,48535,48720,48825,5.01421781777715e-07,-1.4733542319748781e-09
26 May 2026,HEL1OS,B-Class,48826,49061,49134,6.795510162806917e-07,-1.4733542319748781e-09
26 May 2026,HEL1OS,B-Class,49137,49154,49737,5.925230053594692e-07,-1.4733542319748781e-09
26 May 2026,HEL1OS,B-Class,54018,54035,54360,5.357690363029438e-07,2.755182526038935e-08
26 May 2026,HEL1OS,B-Class,54727,54864,55043,4.621903124683828e-07,2.755182526038935e-08
26 May 2026,HEL1OS,B-Class,60388,60503,60575,4.007695419152451e-07,2.4222873900292414e-08
26 May 2026,HEL1OS,B-Class,60636,60763,60805,3.656790373141744e-07,2.4222873900292414e-08
26 May 2026,HEL1OS,B-Class,60867,60948,61089,5.006158357771082e-07,2.4222873900292414e-08
26 May 2026,HEL1OS,B-Class,61152,61182,61343,3.804348265749687e-07,2.4222873900292414e-08
26 May 2026,HEL1OS,B-Class,66024,66104,66184,3.410172919405278e-07,-1.7625644655677425e-08
26 May 2026,HEL1OS,B-Class,66185,66247,66605,6.09791687733824e-07,-1.7625644655677425e-08
26 May 2026,HEL1OS,B-Class,66642,66777,66794,4.873354231974748e-07,-1.7625644655677425e-08
26 May 2026,HEL1OS,B-Class,66795,66806,66928,3.442168065527231e-07,-1.7625644655677425e-08
26 May 2026,HEL1OS,B-Class,67037,67053,67230,4.593791080998926e-07,-1.7625644655677425e-08
26 May 2026,HEL1OS,B-Class,69137,69655,69736,5.882970977853971e-07,1.6701385377691805e-08
26 May 2026,HEL1OS,B-Class,69767,69892,69975,5.498624734553348e-07,-3.2324805339264675e-08
26 May 2026,HEL1OS,B-Class,69977,70261,70367,5.303407826878161e-07,-3.2324805339264675e-08
26 May 2026,HEL1OS,B-Class,72086,72132,72256,5.766103751643034e-07,-1.7211042572554728e-08
26 May 2026,HEL1OS,B-Class,72257,72383,72464,4.4892709070682995e-07,-1.7211042572554728e-08
26 May 2026,HEL1OS,B-Class,72465,72646,72663,4.189594498938065e-07,-1.7211042572554728e-08
26 May 2026,HEL1OS,C-Class,72673,72687,73271,2.099135402972925e-06,-1.7211042572554728e-08
26 May 2026,HEL1OS,B-Class,80747,80880,80892,3.4928000808978427e-07,-8.999898877542957e-11
26 May 2026,HEL1OS,B-Class,80893,80906,81162,5.044372535139875e-07,-8.999898877542957e-11
26 May 2026,HEL1OS,B-Class,81163,81217,81346,4.45205784204656e-07,-8.999898877542957e-11
26 May 2026,HEL1OS,B-Class,81347,81415,81479,5.514986348467797e-07,-8.999898877542957e-11
26 May 2026,HEL1OS,B-Class,81632,81950,82060,5.065679037314008e-07,-8.999898877542957e-11
26 May 2026,HEL1OS,B-Class,84033,84231,84441,4.919577308119958e-07,1.7501264030740596e-08
26 May 2026,HEL1OS,B-Class,84442,84558,84614,5.073526140155548e-07,1.7501264030740596e-08
26 May 2026,HEL1OS,B-Class,84769,85163,85216,6.677024977247208e-07,1.7501264030740596e-08
26 May 2026,HEL1OS,C-Class,85578,85654,86020,1.6648437658003248e-06,9.488320355950716e-08
26 May 2026,HEL1OS,B-Class,86021,86066,86239,5.32376377793489e-07,-1.2362903225806456e-07
26 May 2026,HEL1OS,B-Class,86240,86372,86387,3.898280918191791e-07,-1.2362903225806456e-07
26 april 2026,SoLEXS,C-Class,1023,1399,1647,6.792846597229003e-06,1.367074527252454e-07
26 april 2026,SoLEXS,C-Class,26140,26367,26645,1.2863838608554501e-06,9.575589038325071e-08
26 april 2026,SoLEXS,C-Class,40338,40605,40780,1.0976468803720915e-06,1.1964101526948709e-07
26 april 2026,SoLEXS,C-Class,50323,50563,50936,7.56348265749796e-06,2.3116493073110712e-07
26 april 2026,SoLEXS,C-Class,51786,51915,52147,3.678722823338932e-06,5.240297300030151e-07
26 april 2026,SoLEXS,C-Class,64885,65003,65225,4.5186429365960555e-06,5.749206188694303e-07
26 april 2026,SoLEXS,M-Class,72133,72267,72394,1.3041020325613853e-05,1.2912478511476938e-06
26 april 2026,SoLEXS,M-Class,82521,82624,83077,3.9521395489936905e-05,8.848296086560509e-07
26 april 2026,SoLEXS,C-Class,83234,83243,83698,9.583883102436709e-06,1.8998887652947042e-06
26 april 2026,HEL1OS,C-Class,944,1304,1595,2.057768227323215e-06,4.838709677419361e-10
26 april 2026,HEL1OS,B-Class,1815,1823,1953,9.163353220750001e-07,1.3242188290018743e-07
26 april 2026,HEL1OS,B-Class,2064,2094,2202,5.41004146020812e-07,8.06906663970039e-08
26 april 2026,HEL1OS,B-Class,26108,26296,26439,4.7140964708260027e-07,-4.1763575690159287e-10
26 april 2026,HEL1OS,B-Class,40306,40457,40610,3.0648700576396927e-07,-2.988168672262003e-09
26 april 2026,HEL1OS,B-Class,44025,44159,44191,3.784315906562712e-07,-1.17447669127309e-07
26 april 2026,HEL1OS,B-Class,44349,44449,44481,3.8564061077964046e-07,-4.21367175649697e-08
26 april 2026,HEL1OS,B-Class,45164,45239,45305,4.281383355243046e-07,2.7776317120031393e-08
26 april 2026,HEL1OS,B-Class,45342,45357,45495,7.107371827282586e-07,2.7776317120031393e-08
26 april 2026,HEL1OS,B-Class,45637,45734,45926,5.610789766406919e-07,2.7776317120031393e-08
26 april 2026,HEL1OS,B-Class,45927,46039,46174,3.8326726665991146e-07,-8.976033977146002e-08
26 april 2026,HEL1OS,B-Class,46318,46503,46579,3.4843968045301616e-07,-8.976033977146002e-08
26 april 2026,HEL1OS,B-Class,46587,46782,46854,4.103630296288659e-07,-8.976033977146002e-08
26 april 2026,HEL1OS,B-Class,47429,47531,47553,3.7632217615531067e-07,2.8408332490645183e-08
26 april 2026,HEL1OS,B-Class,47777,47789,47927,5.067034078268604e-07,9.660228536757726e-09
26 april 2026,HEL1OS,B-Class,48031,48043,48187,4.1114369501464814e-07,9.660228536757726e-09
26 april 2026,HEL1OS,B-Class,48191,48374,48455,3.848680351906021e-07,9.660228536757726e-09
26 april 2026,HEL1OS,B-Class,48641,48785,48833,4.621710992011161e-07,2.1172009303265488e-08
26 april 2026,HEL1OS,B-Class,48841,48848,48967,4.1819294165232606e-07,2.1172009303265488e-08
26 april 2026,HEL1OS,B-Class,48968,49087,49171,3.6910203256141873e-07,2.1172009303265488e-08
26 april 2026,HEL1OS,C-Class,49890,50541,50922,7.567129133380254e-06,2.8128223278389144e-08
26 april 2026,HEL1OS,C-Class,51597,51770,52408,2.9222540196176527e-06,8.566386894528969e-08
26 april 2026,HEL1OS,B-Class,54518,54613,54899,5.415613307715451e-07,3.4751744362421645e-08
26 april 2026,HEL1OS,B-Class,54923,55064,55126,3.8184952978055063e-07,-4.343715239154461e-08
26 april 2026,HEL1OS,B-Class,55128,55256,55453,6.864344220851206e-07,-4.343715239154461e-08
26 april 2026,HEL1OS,B-Class,55454,55461,55728,4.956578015977173e-07,-4.343715239154461e-08
26 april 2026,HEL1OS,B-Class,56308,56386,56481,4.214258266760897e-07,-9.407422388512038e-09
26 april 2026,HEL1OS,B-Class,56594,56650,56879,5.370239660228345e-07,-9.407422388512038e-09
26 april 2026,HEL1OS,B-Class,56880,56896,57009,4.530822125593932e-07,-9.407422388512038e-09
26 april 2026,HEL1OS,B-Class,57010,57044,57157,5.977662048740812e-07,-9.407422388512038e-09
26 april 2026,HEL1OS,B-Class,57222,57466,57485,5.582374355344123e-07,-9.407422388512038e-09
26 april 2026,HEL1OS,B-Class,60706,60718,60962,3.960703812316574e-07,2.9339670340781635e-08
26 april 2026,HEL1OS,B-Class,61073,61134,61336,4.453696025887191e-07,-7.0492466376779065e-09
26 april 2026,HEL1OS,B-Class,61337,61409,61622,3.669471129537739e-07,-7.0492466376779065e-09
26 april 2026,HEL1OS,B-Class,61713,61867,61893,4.149863484679799e-07,-7.0492466376779065e-09
26 april 2026,HEL1OS,C-Class,63427,63551,63673,2.475616341389334e-06,5.6121953685911656e-08
26 april 2026,HEL1OS,C-Class,64763,64898,65168,4.0458681363129305e-06,1.1005157245423817e-07
26 april 2026,HEL1OS,B-Class,66117,66207,66460,5.424299726969167e-07,2.360703812316636e-08
26 april 2026,HEL1OS,B-Class,66462,66492,66652,3.504580847406084e-07,2.360703812316636e-08
26 april 2026,HEL1OS,B-Class,66740,66754,66901,4.406552735362367e-07,2.360703812316636e-08
26 april 2026,HEL1OS,B-Class,66972,67107,67122,3.646081504702064e-07,2.360703812316636e-08
26 april 2026,HEL1OS,B-Class,67123,67472,67765,6.5850237637777e-07,2.360703812316636e-08
26 april 2026,HEL1OS,B-Class,67797,68133,68366,4.933107493174058e-07,1.5440388310243184e-08
26 april 2026,HEL1OS,C-Class,68834,69011,69140,2.2126322176154534e-06,1.3220345838810333e-07
26 april 2026,HEL1OS,C-Class,69600,69753,69945,5.115089493376296e-06,3.229376074426014e-07
26 april 2026,HEL1OS,B-Class,70216,70236,70389,8.410486399028925e-07,5.296491050662166e-08
26 april 2026,HEL1OS,M-Class,71961,72252,72429,1.1404277480027909e-05,9.419759328546536e-08
26 april 2026,HEL1OS,B-Class,74060,74204,74239,4.171938517544598e-07,3.924663767822697e-08
26 april 2026,HEL1OS,C-Class,78241,78356,78686,2.2479724946909907e-06,8.094145009606349e-08
26 april 2026,HEL1OS,B-Class,80001,80169,80269,3.8590454039840876e-07,4.227323288502226e-08
26 april 2026,HEL1OS,B-Class,80440,80577,80595,3.946384872079948e-07,8.600465163312482e-09
26 april 2026,HEL1OS,B-Class,80616,80639,80841,4.6850136515318387e-07,8.600465163312482e-09
26 april 2026,HEL1OS,C-Class,80922,81097,81376,1.375473758721763e-06,8.600465163312482e-09
26 april 2026,HEL1OS,M-Class,82445,82603,83670,7.415895136009443e-05,8.163616139144213e-08
26 april 2026,HEL1OS,B-Class,85906,86001,86097,3.605895439376957e-07,-1.031304985337243e-07
26 april 2026,HEL1OS,B-Class,86105,86219,86241,3.8768530690665016e-07,-1.031304985337243e-07
26 april 2026,HEL1OS,B-Class,86245,86258,86387,3.9937202952774384e-07,-1.031304985337243e-07
27 April 2026,SoLEXS,C-Class,24178,24303,24754,5.224700171907994e-06,1.175093538274809e-07
27 April 2026,SoLEXS,C-Class,27712,27907,28236,2.005728587319172e-06,1.2193346142177742e-07
27 April 2026,SoLEXS,B-Class,67436,67561,67727,4.223349175851806e-07,3.690666397006644e-08
27 April 2026,SoLEXS,C-Class,83410,83607,83894,2.1452957831933705e-06,9.102335928809465e-08
27 April 2026,HEL1OS,B-Class,5590,5764,5891,2.998948326423191e-07,7.56800485387778e-09
27 April 2026,HEL1OS,B-Class,7151,7323,7619,7.902416826776945e-07,3.0538982708058376e-09
27 April 2026,HEL1OS,B-Class,7913,8008,8074,2.548710688643857e-07,1.990696733744494e-08
27 April 2026,HEL1OS,B-Class,12855,12962,13118,4.2501769643036207e-07,2.662554353321778e-09
27 April 2026,HEL1OS,C-Class,24150,24253,24651,2.901090100111131e-06,-4.388714733542158e-10
27 April 2026,HEL1OS,B-Class,27677,27854,28052,4.503701082010154e-07,-1.9557083628273143e-09
27 April 2026,HEL1OS,B-Class,44108,44293,44378,3.1718576195771953e-07,-7.571746384871811e-08
27 April 2026,HEL1OS,B-Class,44390,44424,44573,3.5746688239456706e-07,-4.0297300030335304e-08
27 April 2026,HEL1OS,B-Class,44667,44737,44793,4.056395995550467e-07,4.787137223177097e-09
27 April 2026,HEL1OS,B-Class,44824,44912,45287,4.945141065830545e-07,4.787137223177097e-09
27 April 2026,HEL1OS,B-Class,45373,45442,45513,3.4015370613812114e-07,1.0386287794518827e-08
27 April 2026,HEL1OS,B-Class,45533,45682,45695,3.5258873495802166e-07,1.0386287794518827e-08
27 April 2026,HEL1OS,B-Class,45932,46019,46061,3.811072909293018e-07,1.0386287794518827e-08
27 April 2026,HEL1OS,B-Class,46081,46193,46231,3.285569825058028e-07,1.0386287794518827e-08
27 April 2026,HEL1OS,B-Class,46814,46919,46938,3.239346748912818e-07,2.5613307715642726e-08
27 April 2026,HEL1OS,B-Class,47024,47110,47183,3.5098695520273804e-07,2.5613307715642726e-08
27 April 2026,HEL1OS,B-Class,47761,47819,47954,3.7291333805236814e-07,-1.6748912933561947e-08
27 April 2026,HEL1OS,B-Class,49026,49135,49189,3.726757002730174e-07,-8.087976539589155e-08
27 April 2026,HEL1OS,B-Class,51170,51186,51354,5.391859642026302e-07,-1.0437455758923686e-07
27 April 2026,HEL1OS,B-Class,51950,52052,52086,3.3787743957931853e-07,-6.696025887349342e-08
27 April 2026,HEL1OS,B-Class,53053,53110,53187,3.246071392456149e-07,-7.021842451208162e-08
27 April 2026,HEL1OS,B-Class,56405,56514,56527,3.2779451916269436e-07,-8.030437860248475e-08
27 April 2026,HEL1OS,B-Class,56670,56817,56830,3.4168571139648897e-07,-8.030437860248475e-08
27 April 2026,HEL1OS,B-Class,58053,58125,58180,4.6417433511981356e-07,-7.992516938011646e-08
27 April 2026,HEL1OS,B-Class,59001,59014,59125,5.086752957831753e-07,-4.943877035089317e-08
27 April 2026,HEL1OS,B-Class,64103,64214,64295,3.6673677823843366e-07,-8.177065426230874e-08
27 April 2026,HEL1OS,B-Class,67442,67472,67626,5.213985236120757e-07,-9.46283749620757e-08
27 April 2026,HEL1OS,B-Class,83297,83369,83449,8.037718677317946e-07,-1.016149256749888e-07
27 April 2026,HEL1OS,C-Class,83456,83612,83760,1.4251390433814844e-06,-1.016149256749888e-07
27 February 2026,SoLEXS,B-Class,8465,8487,8651,6.092597835979153e-07,9.830619880675149e-08
27 February 2026,SoLEXS,C-Class,46608,46732,46850,1.7134644554554957e-06,1.5793811305490386e-07
27 February 2026,SoLEXS,C-Class,70551,70925,71089,1.0542784912528696e-06,8.854383658610262e-08
27 February 2026,SoLEXS,C-Class,72386,72547,72760,1.3905440388309746e-06,1.3432096268580771e-07
27 February 2026,HEL1OS,B-Class,4794,4866,4930,3.073930629992812e-07,-2.0062695924764464e-09
27 February 2026,HEL1OS,B-Class,5279,5377,5405,3.331246839923028e-07,-2.0062695924764464e-09
27 February 2026,HEL1OS,B-Class,5526,5606,5728,3.5772777833955656e-07,-2.0062695924764464e-09
27 February 2026,HEL1OS,B-Class,5729,5789,5879,3.8511275154210375e-07,-2.0062695924764464e-09
27 February 2026,HEL1OS,B-Class,8600,8729,8748,4.491020325614159e-07,4.13590858529665e-08
27 February 2026,HEL1OS,B-Class,8749,8795,8944,3.807149357872248e-07,1.7008797653958307e-08
27 February 2026,HEL1OS,B-Class,9251,9265,9434,3.227535645666787e-07,1.7008797653958307e-08
27 February 2026,HEL1OS,B-Class,9496,9622,9655,2.955961168975524e-07,1.7008797653958307e-08
27 February 2026,HEL1OS,B-Class,9656,9670,9789,3.3053190413589676e-07,1.7008797653958307e-08
27 February 2026,HEL1OS,B-Class,12216,12303,12420,3.6772676711496307e-07,9.261806047122711e-09
27 February 2026,HEL1OS,B-Class,12422,12568,12784,4.1831934472644876e-07,9.261806047122711e-09
27 February 2026,HEL1OS,B-Class,12846,13000,13112,6.004439275962977e-07,9.261806047122711e-09
27 February 2026,HEL1OS,B-Class,13118,13183,13317,3.241075942966818e-07,9.261806047122711e-09
27 February 2026,HEL1OS,B-Class,13318,13382,13484,3.462008292041539e-07,9.261806047122711e-09
27 February 2026,HEL1OS,B-Class,15412,15799,15902,3.3507836990594416e-07,3.4313884113660415e-08
27 February 2026,HEL1OS,B-Class,15903,15991,16029,3.107917888562939e-07,-2.4905450500555313e-08
27 February 2026,HEL1OS,B-Class,16374,16699,16721,3.655961168975499e-07,-2.4905450500555313e-08
27 February 2026,HEL1OS,B-Class,16793,17078,17172,3.47380928304164e-07,1.8950348872483888e-08
27 February 2026,HEL1OS,B-Class,17205,17363,17378,3.807725755890247e-07,1.8950348872483888e-08
27 February 2026,HEL1OS,B-Class,17517,17669,17792,3.3276266558801525e-07,-8.09788654060039e-09
27 February 2026,HEL1OS,B-Class,17835,17929,17956,2.812175144099404e-07,-5.906765092526844e-08
27 February 2026,HEL1OS,B-Class,18039,18175,18187,3.360976842956701e-07,-5.906765092526844e-08
27 February 2026,HEL1OS,B-Class,18478,18644,18819,3.6830316513296297e-07,-5.906765092526844e-08
27 February 2026,HEL1OS,B-Class,18822,18962,18985,3.317726767114858e-07,-5.906765092526844e-08
27 February 2026,HEL1OS,B-Class,19047,19162,19175,3.399484275457458e-07,1.5582970977853637e-08
27 February 2026,HEL1OS,B-Class,20313,20436,20502,3.589018100920086e-07,9.475174436241972e-09
27 February 2026,HEL1OS,B-Class,20510,20613,20691,4.632086156335157e-07,9.475174436241972e-09
27 February 2026,HEL1OS,B-Class,20761,20909,20995,3.8958135301849153e-07,9.475174436241972e-09
27 February 2026,HEL1OS,B-Class,23201,23272,23356,4.705642633228672e-07,2.5095560724035962e-08
27 February 2026,HEL1OS,B-Class,24056,24071,24229,3.819668318333366e-07,2.5361512791990194e-08
27 February 2026,HEL1OS,B-Class,24711,24729,24881,3.821984022651295e-07,2.5361512791990194e-08
27 February 2026,HEL1OS,B-Class,25417,25515,25613,4.1264030741226155e-07,-5.007584184447195e-09
27 February 2026,HEL1OS,B-Class,25985,26023,26432,4.6256749924156503e-07,-5.007584184447195e-09
27 February 2026,HEL1OS,B-Class,26460,26522,26584,4.0176559813933236e-07,-5.007584184447195e-09
27 February 2026,HEL1OS,B-Class,28850,28905,29018,3.616149256749795e-07,2.8631813125694208e-08
27 February 2026,HEL1OS,B-Class,30950,30968,31236,4.4753665689147967e-07,-7.525533420972527e-09
27 February 2026,HEL1OS,B-Class,31648,31771,31886,3.4470219435735444e-07,-7.525533420972527e-09
27 February 2026,HEL1OS,B-Class,32945,32991,33110,3.138214177368682e-07,2.3712205480836447e-08
27 February 2026,HEL1OS,B-Class,36449,36738,36960,3.6181514814438997e-07,1.1521893012437644e-08
27 February 2026,HEL1OS,B-Class,37113,37125,37254,3.935696228132128e-07,1.1521893012437644e-08
27 February 2026,HEL1OS,B-Class,37343,37523,37539,3.427161492567377e-07,1.1521893012437644e-08
27 February 2026,HEL1OS,B-Class,40378,40400,40521,4.180190110223332e-07,3.3222772777832763e-08
27 February 2026,HEL1OS,B-Class,40576,40656,40795,6.053847709576081e-07,-3.4601071898067304e-08
27 February 2026,HEL1OS,B-Class,40850,40864,40982,3.1780564263321746e-07,-3.4601071898067304e-08
27 February 2026,HEL1OS,B-Class,41216,41376,41391,3.0286479927190747e-07,-3.4601071898067304e-08
27 February 2026,HEL1OS,B-Class,41392,41424,41557,3.5764384669833895e-07,-3.4601071898067304e-08
27 February 2026,HEL1OS,B-Class,41569,41586,41858,3.8951562341994767e-07,-3.4601071898067304e-08
27 February 2026,HEL1OS,B-Class,41906,41973,42201,3.172808170694598e-07,2.0325614318939386e-09
27 February 2026,HEL1OS,B-Class,42336,42466,42569,4.284305794316765e-07,4.2208514511071134e-09
27 February 2026,HEL1OS,B-Class,42572,42583,42745,4.5077864293658017e-07,4.2208514511071134e-09
27 February 2026,HEL1OS,B-Class,42746,42760,42983,3.4119627869348563e-07,-3.938254626352373e-07
27 February 2026,HEL1OS,C-Class,43190,43826,43911,3.857738901809954e-06,-3.938254626352373e-07
27 February 2026,HEL1OS,B-Class,44475,44492,44641,3.704894327029901e-07,-9.606633633329559e-10
27 February 2026,HEL1OS,B-Class,44642,44688,44871,3.316897562948612e-07,-9.606633633329559e-10
27 February 2026,HEL1OS,B-Class,44922,45039,45120,3.2548589341691625e-07,-9.606633633329559e-10
27 February 2026,HEL1OS,B-Class,45579,45594,45753,3.191394478713609e-07,2.8573162099301248e-08
27 February 2026,HEL1OS,B-Class,45912,45962,46046,3.689776519364819e-07,-2.1276165436342618e-08
27 February 2026,HEL1OS,B-Class,46365,46635,46907,9.61496612397579e-07,-2.1276165436342618e-08
27 February 2026,HEL1OS,B-Class,47622,47704,47865,5.471594701182937e-07,-5.775710385276362e-08
27 February 2026,HEL1OS,B-Class,47920,47955,48203,3.1886338355747677e-07,-5.775710385276362e-08
27 February 2026,HEL1OS,B-Class,48610,48649,48887,3.726878349681331e-07,-2.0282131661441247e-08
27 February 2026,HEL1OS,B-Class,50235,50259,50398,3.50534937809675e-07,1.5514207705530865e-08
27 February 2026,HEL1OS,B-Class,50440,50528,50563,4.2101729194052496e-07,1.5514207705530865e-08
27 February 2026,HEL1OS,B-Class,50794,50915,50927,4.262695924764738e-07,1.5514207705530865e-08
27 February 2026,HEL1OS,B-Class,52051,52185,52244,3.554585903529048e-07,3.400748306198709e-09
27 February 2026,HEL1OS,B-Class,52245,52258,52401,3.28492264131852e-07,3.400748306198709e-09
27 February 2026,HEL1OS,B-Class,52586,52765,52783,3.425108706643623e-07,3.400748306198709e-09
27 February 2026,HEL1OS,B-Class,53583,53628,53723,3.302659520679425e-07,-2.1193245019718118e-08
27 February 2026,HEL1OS,B-Class,53937,53952,54158,3.749155627464727e-07,-2.1193245019718118e-08
27 February 2026,HEL1OS,B-Class,54161,54214,54296,3.27870361007168e-07,-2.1193245019718118e-08
27 February 2026,HEL1OS,B-Class,54984,55058,55120,3.5011629082818043e-07,1.0057639801799631e-08
27 February 2026,HEL1OS,B-Class,55140,55240,55303,3.8000404489835835e-07,1.6923854788147852e-08
27 February 2026,HEL1OS,B-Class,55472,55483,55599,4.855667913843492e-07,1.745980382242832e-08
27 February 2026,HEL1OS,B-Class,55600,55619,55725,4.201264030741077e-07,1.745980382242832e-08
27 February 2026,HEL1OS,B-Class,56750,56868,56880,3.785175447466747e-07,-7.501870765496751e-08
27 February 2026,HEL1OS,B-Class,56979,57081,57106,3.402285367580018e-07,-7.501870765496751e-08
27 February 2026,HEL1OS,B-Class,57161,57266,57355,3.138446759025068e-07,-7.501870765496751e-08
27 February 2026,HEL1OS,B-Class,57356,57474,57497,3.237809687531485e-07,-7.501870765496751e-08
27 February 2026,HEL1OS,B-Class,57988,58000,58114,4.175953079178736e-07,-6.006370714935572e-08
27 February 2026,HEL1OS,B-Class,58689,58725,58944,3.793831529982674e-07,-6.006370714935572e-08
27 February 2026,HEL1OS,B-Class,58979,59054,59166,3.593113560521664e-07,-2.96086560825147e-09
27 February 2026,HEL1OS,B-Class,60553,60624,60678,2.509161694812328e-07,1.3245019718879112e-08
27 February 2026,HEL1OS,B-Class,60865,60882,61012,3.833228840125255e-07,1.3245019718879112e-08
27 February 2026,HEL1OS,B-Class,61183,61261,61316,2.9912023460409484e-07,-6.868035190615588e-08
27 February 2026,HEL1OS,B-Class,61844,61955,61966,3.747982606936867e-07,-6.868035190615588e-08
27 February 2026,HEL1OS,B-Class,62648,62662,62780,3.3637475983414713e-07,7.961371220547795e-09
27 February 2026,HEL1OS,B-Class,63053,63067,63194,3.624188492264002e-07,2.274850844372454e-08
27 February 2026,HEL1OS,B-Class,64257,64415,64433,5.425310951562149e-07,-3.817170593588699e-08
27 February 2026,HEL1OS,B-Class,64617,64652,64793,4.1490039437757647e-07,-3.817170593588699e-08
27 February 2026,HEL1OS,B-Class,64818,64830,64942,3.823177267671013e-07,-3.817170593588699e-08
27 February 2026,HEL1OS,B-Class,65621,65726,65761,4.322469410455908e-07,-1.9401355040953904e-08
27 February 2026,HEL1OS,B-Class,65871,65927,66039,2.931803013449183e-07,-1.9401355040953904e-08
27 February 2026,HEL1OS,B-Class,66299,66375,66458,3.481211447062268e-07,-1.9401355040953904e-08
27 February 2026,HEL1OS,B-Class,67998,68052,68129,3.9700374153097985e-07,-3.5720497522498455e-08
27 February 2026,HEL1OS,B-Class,68334,68487,68499,3.9380827181715654e-07,-1.7221154818484584e-08
27 February 2026,HEL1OS,B-Class,68983,69087,69109,3.683294569723805e-07,-5.6194761856606346e-08
27 February 2026,HEL1OS,B-Class,69232,69249,69366,4.382859743148797e-07,-5.6194761856606346e-08
27 February 2026,HEL1OS,B-Class,69507,69602,69634,3.4868945292748277e-07,-5.6194761856606346e-08
27 February 2026,HEL1OS,B-Class,69635,69692,69793,5.948245525330964e-07,-5.6194761856606346e-08
27 February 2026,HEL1OS,B-Class,69924,70052,70065,3.709788654059934e-07,1.827687329355785e-08
27 February 2026,HEL1OS,B-Class,70183,70325,70337,2.7548387096773216e-07,1.827687329355785e-08
27 February 2026,HEL1OS,C-Class,70464,70527,70792,1.0437698452826e-06,8.429568207098501e-09
27 February 2026,HEL1OS,B-Class,70826,70895,71006,4.04495904540384e-07,8.429568207098501e-09
27 February 2026,HEL1OS,B-Class,71041,71095,71167,3.267307108908772e-07,8.429568207098501e-09
27 February 2026,HEL1OS,B-Class,71400,71520,71555,3.9730104156131657e-07,-4.1434927697440126e-08
27 February 2026,HEL1OS,B-Class,71979,72076,72114,4.3902416826775654e-07,-4.1434927697440126e-08
27 February 2026,HEL1OS,B-Class,72328,72416,72616,8.070856507229967e-07,-4.027707553847578e-09
27 February 2026,HEL1OS,B-Class,73198,73277,73342,3.5166346445544303e-07,-1.4092729295175955e-07
27 February 2026,HEL1OS,B-Class,74590,74679,74728,3.5296592173120393e-07,-6.010718980685372e-09
27 February 2026,HEL1OS,B-Class,75008,75023,75134,3.595843866922716e-07,-6.010718980685372e-09
27 February 2026,HEL1OS,B-Class,75477,75574,75624,4.052593791080854e-07,-6.010718980685372e-09
27 February 2026,HEL1OS,B-Class,75720,75775,75865,3.794903428051235e-07,1.6826777227221703e-09
27 February 2026,HEL1OS,B-Class,76221,76367,76384,2.958782485589944e-07,-7.656183638385815e-08
27 February 2026,HEL1OS,B-Class,76910,76991,77097,3.664617251491425e-07,-7.656183638385815e-08
27 February 2026,HEL1OS,B-Class,77138,77260,77318,4.0931742339972246e-07,-7.656183638385815e-08
27 February 2026,HEL1OS,B-Class,77815,77906,77993,3.553514005460486e-07,-4.3489736070379666e-08
27 February 2026,HEL1OS,B-Class,78139,78154,78281,5.578359793709984e-07,-5.822125594094239e-08
27 February 2026,HEL1OS,B-Class,78567,78732,78894,3.868419455961031e-07,-5.822125594094239e-08
27 February 2026,HEL1OS,B-Class,79162,79308,79339,3.3212559409443655e-07,-5.164425118818706e-08
27 February 2026,HEL1OS,B-Class,80189,80203,80377,2.9350288199007955e-07,-7.402467388006614e-08
27 February 2026,HEL1OS,B-Class,80783,80837,80916,3.472737384973079e-07,-4.9748205076345686e-08
27 February 2026,HEL1OS,B-Class,85356,85450,85513,3.7282232783899974e-07,-6.363434118717539e-08
27 February 2026,HEL1OS,B-Class,85784,85980,86089,3.446344423096247e-07,-4.603903326928745e-08
27 January 2026,SoLEXS,B-Class,33874,34085,34112,9.895419152593438e-07,1.3851552229749733e-07
27 January 2026,HEL1OS,B-Class,43989,44123,44154,3.128385074324896e-07,-8.710284154110316e-08
27 January 2026,HEL1OS,B-Class,44314,44332,44486,5.228354737587031e-07,-4.684295682070823e-08
27 January 2026,HEL1OS,B-Class,47197,47247,47456,3.7508241480431466e-07,1.9269895843866258e-08
27 January 2026,HEL1OS,B-Class,47457,47490,47589,3.5124380624935544e-07,5.197694407927725e-10
27 January 2026,HEL1OS,B-Class,47590,47700,47756,4.0291839417533196e-07,5.197694407927725e-10
27 January 2026,HEL1OS,B-Class,47827,47936,47953,5.015593083223606e-07,5.197694407927725e-10
27 January 2026,HEL1OS,B-Class,48184,48295,48312,2.957558903832436e-07,5.197694407927725e-10
27 January 2026,HEL1OS,B-Class,53687,53734,53831,3.4890585499038095e-07,1.5430276064313328e-08
27 January 2026,HEL1OS,B-Class,53862,53937,53992,2.9089088886640684e-07,1.5430276064313328e-08
27 January 2026,HEL1OS,B-Class,55737,55753,55948,3.6934270401454844e-07,4.5637577105873595e-08
27 January 2026,HEL1OS,B-Class,56076,56234,56257,3.464718373950731e-07,2.1077965416118148e-08
27 January 2026,HEL1OS,B-Class,56767,56788,56997,3.2970472241883743e-07,2.1077965416118148e-08
27 January 2026,HEL1OS,B-Class,58328,58473,58487,3.347841035493864e-07,5.4292648397207186e-09
27 January 2026,HEL1OS,B-Class,58640,58647,58773,3.087855192638175e-07,5.4292648397207186e-09
27 January 2026,HEL1OS,B-Class,58774,58854,58972,3.143037718677206e-07,5.4292648397207186e-09
27 January 2026,HEL1OS,B-Class,60045,60134,60198,4.509657194862818e-07,-8.309434725452227e-08
27 January 2026,HEL1OS,B-Class,60391,60551,60596,3.339316412175025e-07,-8.309434725452227e-08
27 January 2026,HEL1OS,B-Class,63339,63428,63612,3.473404793204447e-07,1.2171099201132134e-08
27 January 2026,HEL1OS,B-Class,63755,63916,63931,3.0538679340680475e-07,-1.0494185458589984e-07
27 January 2026,HEL1OS,B-Class,63950,63988,64088,2.778905854990294e-07,-1.0494185458589984e-07
27 January 2026,HEL1OS,B-Class,64141,64275,64287,3.6082313681867457e-07,-1.0494185458589984e-07
27 January 2026,HEL1OS,B-Class,66154,66166,66309,3.0828900798866333e-07,2.179694610172842e-08
27 January 2026,HEL1OS,B-Class,68102,68118,68238,3.43599959551004e-07,-1.6380827181716474e-08
27 January 2026,HEL1OS,B-Class,70024,70207,70406,3.557892607948098e-07,-3.1168975629486175e-08
27 January 2026,HEL1OS,B-Class,71033,71149,71172,2.864920618869348e-07,7.352614015572591e-09
27 January 2026,HEL1OS,B-Class,71189,71330,71362,3.8091212458285625e-07,7.352614015572591e-09
27 January 2026,HEL1OS,B-Class,71475,71506,71642,3.3558499342702816e-07,7.352614015572591e-09
27 January 2026,HEL1OS,B-Class,72645,72715,72778,2.605410051572362e-07,-4.023763777934935e-08
27 January 2026,HEL1OS,B-Class,72779,72792,73009,3.0982708059458903e-07,-4.023763777934935e-08
27 January 2026,HEL1OS,B-Class,73683,73806,73817,3.151309535847799e-07,-4.023763777934935e-08
27 January 2026,HEL1OS,B-Class,74386,74468,74665,3.0053797148345577e-07,-2.6969359894831003e-09
27 January 2026,HEL1OS,B-Class,75226,75240,75350,2.880806957225097e-07,-2.6969359894831003e-09
27 January 2026,HEL1OS,B-Class,75622,75682,75763,3.2185660835270365e-07,1.110425725553606e-08
27 January 2026,HEL1OS,B-Class,75943,75981,76091,3.077641824249056e-07,1.110425725553606e-08
27 January 2026,HEL1OS,B-Class,76887,77017,77034,3.8526746890483e-07,1.2918394175345904e-08
27 January 2026,HEL1OS,B-Class,77149,77166,77280,3.5404590959650877e-07,1.2918394175345904e-08
27 January 2026,HEL1OS,B-Class,77308,77322,77433,2.861563353220648e-07,1.2918394175345904e-08
27 January 2026,HEL1OS,B-Class,77684,77698,77810,2.7587319243603025e-07,1.2918394175345904e-08
27 January 2026,HEL1OS,B-Class,77812,77857,77952,2.868095864091313e-07,1.2918394175345904e-08
27 January 2026,HEL1OS,B-Class,79235,79353,79374,3.420649206188573e-07,2.0448983719283343e-08
27 January 2026,HEL1OS,B-Class,80177,80191,80300,4.139013044797102e-07,-1.2879967640812578e-08
27 January 2026,HEL1OS,B-Class,80848,80855,80982,3.6767519466072107e-07,-1.2879967640812578e-08
27 January 2026,HEL1OS,B-Class,81256,81416,81428,4.0018707654968745e-07,-1.128526645767986e-08
27 January 2026,HEL1OS,B-Class,81755,81843,81884,3.0886034988369817e-07,-1.5643644453432589e-09
27 January 2026,HEL1OS,B-Class,82666,82754,82811,3.634118717767086e-07,-4.089291131560174e-08
27 January 2026,HEL1OS,B-Class,83063,83190,83292,3.136919809889665e-07,-4.089291131560174e-08
27 January 2026,HEL1OS,B-Class,83849,83860,84041,3.069774496915656e-07,2.0188087774293953e-08
27 January 2026,HEL1OS,B-Class,84228,84364,84387,3.628546870259755e-07,-3.5381737283849506e-08
27 January 2026,HEL1OS,B-Class,84468,84564,84629,2.6810597633733495e-07,-3.5381737283849506e-08
27 January 2026,HEL1OS,B-Class,84630,84732,84793,3.101496612397503e-07,-3.5381737283849506e-08
27 January 2026,HEL1OS,B-Class,84825,85071,85383,4.854980281120263e-07,-3.5381737283849506e-08
27 January 2026,HEL1OS,B-Class,85924,86033,86049,2.8821721104256226e-07,-1.1995601173020527e-07
27 March 2026,SoLEXS,C-Class,24754,24877,25083,1.5316927899685973e-06,1.7440084942865188e-07
27 March 2026,SoLEXS,C-Class,66249,66344,66767,1.3359642026493608e-06,9.589139447871029e-08
27 March 2026,HEL1OS,B-Class,24743,24790,24868,3.2113762766709345e-07,-2.8607543735462613e-09
27 March 2026,HEL1OS,B-Class,35571,35912,36290,5.45621397512368e-07,6.688239457983382e-09
27 March 2026,HEL1OS,B-Class,43901,44018,44068,3.0498634846798387e-07,-1.2280210334714906e-07
27 March 2026,HEL1OS,B-Class,44069,44125,44191,3.825978359793574e-07,-1.2280210334714906e-07
27 March 2026,HEL1OS,B-Class,44192,44449,44501,3.9649610678530287e-07,-1.2280210334714906e-07
27 March 2026,HEL1OS,B-Class,47076,47103,47216,3.3679037314186284e-07,2.185155222974944e-08
27 March 2026,HEL1OS,B-Class,47678,47947,47961,4.1901708969560646e-07,2.185155222974944e-08
27 March 2026,HEL1OS,B-Class,48058,48376,48483,4.154757811709833e-07,2.185155222974944e-08
27 March 2026,HEL1OS,B-Class,48662,48681,48798,3.8372737384971837e-07,8.26878349681437e-09
27 March 2026,HEL1OS,B-Class,48841,49129,49183,6.810779654160946e-07,8.26878349681437e-09
27 March 2026,HEL1OS,B-Class,49184,49195,49327,5.463949843259994e-07,8.26878349681437e-09
27 March 2026,HEL1OS,B-Class,50421,50562,50712,4.324967135200574e-07,-3.6511275154210415e-08
27 March 2026,HEL1OS,B-Class,50959,50976,51100,4.0472241884921196e-07,-3.6511275154210415e-08
27 March 2026,HEL1OS,B-Class,51406,51556,51563,3.252148852259971e-07,-3.6511275154210415e-08
27 March 2026,HEL1OS,B-Class,52560,52659,52963,4.6485691172007643e-07,-2.4355344321973012e-08
27 March 2026,HEL1OS,B-Class,53051,53124,53349,5.714379613712001e-07,-2.4355344321973012e-08
27 March 2026,HEL1OS,B-Class,53351,53363,53492,4.155101628071447e-07,-2.4355344321973012e-08
27 March 2026,HEL1OS,B-Class,57037,57117,57165,3.8625341288298753e-07,2.62463343108495e-08
27 March 2026,HEL1OS,B-Class,57454,57555,57587,3.680604712306472e-07,2.62463343108495e-08
27 March 2026,HEL1OS,B-Class,57752,57804,57915,3.260177975528248e-07,1.4481747396096183e-08
27 March 2026,HEL1OS,B-Class,57936,57987,58090,3.858600465163175e-07,1.4481747396096183e-08
27 March 2026,HEL1OS,B-Class,58219,58267,58358,4.180351906158209e-07,1.4481747396096183e-08
27 March 2026,HEL1OS,B-Class,58482,58608,58669,4.2263120639092434e-07,1.4481747396096183e-08
27 March 2026,HEL1OS,B-Class,59751,59926,60057,4.2203862877943684e-07,-3.455556679138314e-08
27 March 2026,HEL1OS,B-Class,60065,60186,60208,3.1937708565071163e-07,-3.455556679138314e-08
27 March 2026,HEL1OS,B-Class,60210,60228,60644,4.092820305389681e-07,-3.455556679138314e-08
27 March 2026,HEL1OS,B-Class,60773,61020,61202,3.9717666093637975e-07,-3.917281828293924e-08
27 March 2026,HEL1OS,B-Class,61275,61296,61496,3.242390534937694e-07,-3.917281828293924e-08
27 March 2026,HEL1OS,B-Class,61812,61861,61948,3.2131762564464425e-07,-3.917281828293924e-08
27 March 2026,HEL1OS,B-Class,63516,63548,63750,4.7113054909493714e-07,2.560724036808482e-08
27 March 2026,HEL1OS,B-Class,63751,63769,63949,4.3794418040245176e-07,-4.3504904439274404e-08
27 March 2026,HEL1OS,B-Class,63996,64113,64183,3.261886945090388e-07,-4.3504904439274404e-08
27 March 2026,HEL1OS,B-Class,64187,64327,64421,3.8284154110626604e-07,-4.3504904439274404e-08
27 March 2026,HEL1OS,B-Class,64531,64538,64786,3.626908686419125e-07,-4.3504904439274404e-08
27 March 2026,HEL1OS,C-Class,66160,66283,66855,1.030623925573833e-06,-4.2784912529070855e-09
27 March 2026,HEL1OS,B-Class,66856,66875,67069,3.9060167863281044e-07,-1.2218626757002323e-08
27 March 2026,HEL1OS,B-Class,67070,67142,67212,3.206633633329848e-07,-1.2218626757002323e-08
27 March 2026,HEL1OS,B-Class,67216,67369,67456,4.797775305895268e-07,-1.2218626757002323e-08
27 March 2026,HEL1OS,B-Class,68978,69066,69343,6.611447062392321e-07,2.6385883304681028e-08
27 March 2026,HEL1OS,B-Class,69351,69512,69787,4.251623015471585e-07,6.704823541308287e-08
27 March 2026,HEL1OS,B-Class,69960,69971,70214,3.6761654363432806e-07,1.8980685610273526e-09
27 March 2026,HEL1OS,B-Class,70215,70345,70359,4.055172413792959e-07,1.8980685610273526e-09
27 March 2026,HEL1OS,B-Class,73616,73630,73974,4.264930731115228e-07,1.619476185660778e-08
27 March 2026,HEL1OS,B-Class,73975,74016,74147,3.9004449388207725e-07,1.619476185660778e-08
27 March 2026,HEL1OS,B-Class,74260,74281,74393,3.011770654262204e-07,1.619476185660778e-08
27 March 2026,HEL1OS,B-Class,78595,78728,78828,3.3374962079076575e-07,1.8079684497926345e-08
27 March 2026,HEL1OS,B-Class,78904,79166,79179,3.6702699969661953e-07,1.8079684497926345e-08
27 March 2026,HEL1OS,B-Class,79180,79339,79410,2.939093942764583e-07,1.8079684497926345e-08
27 March 2026,HEL1OS,B-Class,80614,80678,80786,4.00326625543519e-07,-2.9395287693395664e-08
27 March 2026,HEL1OS,B-Class,80787,80883,81042,4.1652846597227754e-07,-2.9395287693395664e-08
27 March 2026,HEL1OS,B-Class,81161,81270,81320,3.792840529881551e-07,-2.9395287693395664e-08
27 March 2026,HEL1OS,B-Class,81489,81519,81662,3.3209727980583305e-07,-2.9395287693395664e-08
27 March 2026,HEL1OS,B-Class,81838,81883,81970,3.517716654868921e-07,1.2760643138840644e-08
27 March 2026,HEL1OS,B-Class,84601,84616,84735,3.868672262109277e-07,-1.6756699362927926e-07
27 March 2026,HEL1OS,B-Class,85125,85279,85297,3.6051774699159403e-07,-1.6756699362927926e-07
27 March 2026,HEL1OS,B-Class,85520,85589,86012,3.487491151784687e-07,-1.534492870866565e-07
27 March 2026,HEL1OS,B-Class,86257,86325,86384,5.363100414601891e-07,-1.3507697947214092e-07
27 May 2026,SoLEXS,B-Class,6997,7167,7267,5.778673273333803e-07,6.246536555768814e-08
27 May 2026,SoLEXS,C-Class,44125,44201,44275,1.1212711093133385e-06,1.2705834765901055e-07
27 May 2026,SoLEXS,B-Class,48155,48187,48276,8.829274951966517e-07,1.2295075336231737e-07
27 May 2026,HEL1OS,B-Class,6329,6408,6928,5.205662857720514e-07,9.950449994943515e-09
27 May 2026,HEL1OS,B-Class,6929,7020,7374,8.03971078976612e-07,9.950449994943515e-09
27 May 2026,HEL1OS,B-Class,7375,7387,7529,5.179168773384383e-07,9.950449994943515e-09
27 May 2026,HEL1OS,B-Class,8781,8931,9126,4.713782991202177e-07,1.9209222368287366e-08
27 May 2026,HEL1OS,B-Class,9127,9362,9380,5.788006876327026e-07,1.9209222368287366e-08
27 May 2026,HEL1OS,B-Class,9381,9526,9752,7.378764283547112e-07,1.9209222368287366e-08
27 May 2026,HEL1OS,B-Class,9754,9965,9982,4.802730306400881e-07,1.9209222368287366e-08
27 May 2026,HEL1OS,B-Class,10955,10969,11079,3.3453635352410575e-07,3.547578117099681e-08
27 May 2026,HEL1OS,B-Class,11416,11557,11690,3.834017595307782e-07,-6.648397209019886e-08
27 May 2026,HEL1OS,B-Class,11702,11732,11970,3.528627768227197e-07,-6.648397209019886e-08
27 May 2026,HEL1OS,B-Class,11974,12114,12165,3.639346748912804e-07,-6.648397209019886e-08
27 May 2026,HEL1OS,B-Class,12177,12228,12367,4.5418849226411573e-07,-6.648397209019886e-08
27 May 2026,HEL1OS,B-Class,12500,12754,13070,5.982192334917372e-07,2.255839822024389e-08
27 May 2026,HEL1OS,B-Class,13169,13590,13603,4.1149256749922685e-07,-1.0468196986550346e-08
27 May 2026,HEL1OS,B-Class,13643,13748,13768,3.4854788148446523e-07,-6.492870866619243e-08
27 May 2026,HEL1OS,B-Class,13799,13951,13962,4.37139245626438e-07,-6.492870866619243e-08
27 May 2026,HEL1OS,B-Class,14103,14123,14328,3.835443421983886e-07,-6.492870866619243e-08
27 May 2026,HEL1OS,B-Class,14329,14361,14557,4.718353726362457e-07,-6.492870866619243e-08
27 May 2026,HEL1OS,B-Class,14558,14647,14705,4.933390636060092e-07,1.9203155020729407e-09
27 May 2026,HEL1OS,B-Class,14829,14934,15181,3.669956517342371e-07,2.2502780867629906e-08
27 May 2026,HEL1OS,B-Class,16894,17181,17193,4.7603701082008616e-07,-6.435129942359969e-08
27 May 2026,HEL1OS,B-Class,17194,17216,17377,3.693245019718747e-07,-6.435129942359969e-08
27 May 2026,HEL1OS,B-Class,17380,17394,17542,4.5134897360702204e-07,-6.435129942359969e-08
27 May 2026,HEL1OS,B-Class,17543,17669,17878,4.4394377591261434e-07,-6.435129942359969e-08
27 May 2026,HEL1OS,B-Class,18357,18374,18479,4.571534027707391e-07,1.637172616037949e-09
27 May 2026,HEL1OS,B-Class,18510,18628,18730,5.757245424208511e-07,1.637172616037949e-09
27 May 2026,HEL1OS,B-Class,18733,18872,18882,3.80647183739495e-07,1.637172616037949e-09
27 May 2026,HEL1OS,B-Class,18921,19165,19479,4.4865102639294584e-07,1.637172616037949e-09
27 May 2026,HEL1OS,B-Class,21540,21580,21675,4.562271210435675e-07,3.382344018606413e-08
27 May 2026,HEL1OS,B-Class,22794,22874,22922,4.122257053291389e-07,4.6258469005964604e-08
27 May 2026,HEL1OS,B-Class,23221,23278,23429,3.6352816260490157e-07,1.2340984932753124e-08
27 May 2026,HEL1OS,B-Class,23497,23653,23778,3.3785418141367993e-07,1.2340984932753124e-08
27 May 2026,HEL1OS,B-Class,23905,23983,24122,4.517200930326464e-07,-9.12124582869821e-09
27 May 2026,HEL1OS,B-Class,24123,24382,24487,4.5210435837797957e-07,-9.12124582869821e-09
27 May 2026,HEL1OS,B-Class,24500,24870,24959,5.69865507129113e-07,-9.12124582869821e-09
27 May 2026,HEL1OS,B-Class,24965,24978,25108,5.068166649812743e-07,-9.12124582869821e-09
27 May 2026,HEL1OS,B-Class,25203,25342,25459,5.947780362018191e-07,-3.242997269693491e-09
27 May 2026,HEL1OS,B-Class,25460,25840,26006,6.12035595105651e-07,-3.242997269693491e-09
27 May 2026,HEL1OS,B-Class,26007,26198,26210,3.697906765092395e-07,-3.242997269693491e-09
27 May 2026,HEL1OS,B-Class,26412,26424,26630,3.683850743249945e-07,1.4218829001920798e-08
27 May 2026,HEL1OS,B-Class,26632,26848,27270,5.057447669127132e-07,1.4218829001920798e-08
27 May 2026,HEL1OS,B-Class,27364,27405,27500,4.185155222974873e-07,2.5256345434320053e-08
27 May 2026,HEL1OS,B-Class,27590,27679,27953,4.2795732632216085e-07,2.5256345434320053e-08
27 May 2026,HEL1OS,B-Class,28225,28336,28348,3.712640307412144e-07,2.5996561836382964e-08
27 May 2026,HEL1OS,B-Class,28349,28560,28567,5.042805137020752e-07,2.5996561836382964e-08
27 May 2026,HEL1OS,B-Class,28861,28900,29002,3.9851956719585997e-07,1.2009303266255012e-08
27 May 2026,HEL1OS,B-Class,29003,29196,29458,5.05866113863871e-07,1.2009303266255012e-08
27 May 2026,HEL1OS,B-Class,29462,29727,29745,4.4712306603294995e-07,1.2009303266255012e-08
27 May 2026,HEL1OS,B-Class,29746,29912,29924,5.154757811709796e-07,1.2009303266255012e-08
27 May 2026,HEL1OS,B-Class,30719,30866,30880,3.602396602285239e-07,3.264030741227511e-08
27 May 2026,HEL1OS,B-Class,31243,31407,31486,3.714167256547546e-07,2.638284963090205e-08
27 May 2026,HEL1OS,B-Class,31913,32055,32072,4.944048943270124e-07,2.638284963090205e-08
27 May 2026,HEL1OS,B-Class,32111,32216,32253,3.563606026898447e-07,2.638284963090205e-08
27 May 2026,HEL1OS,B-Class,32944,33304,33437,4.7000404489835516e-07,2.017797552836413e-08
27 May 2026,HEL1OS,B-Class,33540,33683,33726,4.902649408433439e-07,2.017797552836413e-08
27 May 2026,HEL1OS,B-Class,33810,33897,33932,3.8502679745170025e-07,2.017797552836413e-08
27 May 2026,HEL1OS,B-Class,33934,34020,34058,3.649084841743221e-07,2.017797552836413e-08
27 May 2026,HEL1OS,B-Class,37332,37547,37602,4.4560218424510497e-07,-4.349276974415847e-09
27 May 2026,HEL1OS,B-Class,37689,37799,37824,4.6727778339567555e-07,-4.349276974415847e-09
27 May 2026,HEL1OS,B-Class,37932,38196,38213,5.274223885124698e-07,-4.349276974415847e-09
27 May 2026,HEL1OS,B-Class,38214,38398,38524,4.641025381737118e-07,-4.349276974415847e-09
27 May 2026,HEL1OS,B-Class,39677,39707,40067,4.6653453331983373e-07,2.0018202042672973e-08
27 May 2026,HEL1OS,B-Class,40068,40118,40272,4.938153503893038e-07,-5.276569926180407e-09
27 May 2026,HEL1OS,B-Class,40385,40574,40587,4.3388714733540774e-07,-5.276569926180407e-09
27 May 2026,HEL1OS,B-Class,40596,40700,40760,3.7732126605317697e-07,-5.276569926180407e-09
27 May 2026,HEL1OS,B-Class,40915,40989,41279,4.846516331277004e-07,-5.276569926180407e-09
27 May 2026,HEL1OS,B-Class,41479,41723,41856,4.160663363332848e-07,8.44473657599322e-09
27 May 2026,HEL1OS,B-Class,41861,42011,42025,3.7377490140558884e-07,1.0975831732227347e-08
27 May 2026,HEL1OS,B-Class,42505,42516,42688,4.2112751542115997e-07,1.0975831732227347e-08
27 May 2026,HEL1OS,B-Class,42692,42756,42898,4.1355647689350327e-07,-2.1933056931943806e-07
27 May 2026,HEL1OS,B-Class,42967,43111,43124,3.996035999595368e-07,-2.1933056931943806e-07
27 May 2026,HEL1OS,B-Class,43234,43372,43451,5.280614824552345e-07,-2.1933056931943806e-07
27 May 2026,HEL1OS,B-Class,43541,43629,43798,4.065122863787902e-07,-2.1933056931943806e-07
27 May 2026,HEL1OS,C-Class,44071,44105,44193,1.0436353524117334e-06,6.708160582465132e-08
27 May 2026,HEL1OS,B-Class,44926,44967,45525,5.160359995954917e-07,9.026190716957848e-09
27 May 2026,HEL1OS,B-Class,45527,45558,45770,6.147729800788536e-07,9.026190716957848e-09
27 May 2026,HEL1OS,B-Class,45863,45929,46002,4.327606431388257e-07,9.026190716957848e-09
27 May 2026,HEL1OS,B-Class,46445,46572,46599,4.378511477398974e-07,-7.81545151178049e-08
27 May 2026,HEL1OS,B-Class,46609,46835,46849,4.276842956820557e-07,-7.81545151178049e-08
27 May 2026,HEL1OS,B-Class,47181,47425,47535,4.6402164020627334e-07,-7.81545151178049e-08
27 May 2026,HEL1OS,C-Class,48141,48160,48579,1.2473627262614581e-06,7.512791991100956e-08
27 May 2026,HEL1OS,B-Class,48586,48631,48753,5.113934674891111e-07,-1.3212660531903683e-08
27 May 2026,HEL1OS,B-Class,48832,48853,48960,4.1498837091716595e-07,-1.3212660531903683e-08
27 May 2026,HEL1OS,B-Class,49148,49279,49333,3.7724239053492433e-07,-1.3212660531903683e-08
27 May 2026,HEL1OS,B-Class,49436,49668,49768,4.3507938113053353e-07,-6.140155728587083e-09
27 May 2026,HEL1OS,B-Class,50069,50209,50302,5.325796339366784e-07,-8.046819698654788e-08
27 May 2026,HEL1OS,B-Class,50923,51263,51276,3.882394579836043e-07,-4.4396804530284594e-08
27 May 2026,HEL1OS,B-Class,51334,51348,51457,5.596662958842959e-07,-4.4396804530284594e-08
27 May 2026,HEL1OS,B-Class,51620,51797,51853,3.7357771260995727e-07,1.4407928000808451e-08
27 May 2026,HEL1OS,B-Class,51854,52144,52158,4.0759631914246704e-07,-2.0824148043279667e-08
27 May 2026,HEL1OS,B-Class,53445,53531,53592,4.908554960056454e-07,-1.1458388107998379e-07
27 May 2026,HEL1OS,B-Class,54354,54401,54484,3.427171604813307e-07,-2.22489634947914e-08
27 May 2026,HEL1OS,B-Class,54866,54882,55016,4.4720194155120265e-07,-5.136009707755912e-08
27 May 2026,HEL1OS,B-Class,56193,56293,56324,3.456658913944664e-07,-9.850844372534792e-08
27 May 2026,HEL1OS,B-Class,56650,56739,56853,4.0576903630294844e-07,-9.850844372534792e-08
27 May 2026,HEL1OS,B-Class,57583,57615,57815,5.30741227626637e-07,-5.09434725452505e-08
27 May 2026,HEL1OS,B-Class,58041,58160,58177,3.9267772272220257e-07,-3.0953584791181024e-08
27 May 2026,HEL1OS,B-Class,58585,58697,58816,3.969349782586571e-07,-1.1783800182020047e-08
27 May 2026,HEL1OS,B-Class,59312,59319,59457,4.415279603599802e-07,-6.791788856304742e-08
27 May 2026,HEL1OS,B-Class,59458,59535,59603,3.449125290726948e-07,-6.791788856304742e-08
27 May 2026,HEL1OS,B-Class,59733,59810,59882,3.8187177672159626e-07,-6.791788856304742e-08
27 May 2026,HEL1OS,B-Class,60682,60812,60826,3.745424208716622e-07,-1.281828294064066e-07
27 May 2026,HEL1OS,B-Class,61755,61857,61883,4.054970168874362e-07,-1.415694205683032e-07
27 May 2026,HEL1OS,B-Class,62783,62987,63051,5.506380827181522e-07,-1.415694205683032e-07
27 May 2026,HEL1OS,B-Class,64512,64552,64646,3.519071695823517e-07,-7.483870967741668e-08
27 May 2026,HEL1OS,B-Class,66010,66179,66192,3.98910911113344e-07,-7.85094549499416e-08
27 May 2026,HEL1OS,B-Class,66223,66294,66369,4.365476792395436e-07,-1.2465567802608517e-07
27 May 2026,HEL1OS,B-Class,67572,67687,67724,5.509818990797659e-07,-1.0080897967438209e-07
27 May 2026,HEL1OS,B-Class,69803,69833,69929,4.421225604206537e-07,-6.875012640307168e-08
27 May 2026,HEL1OS,B-Class,70856,70895,70983,3.910274041864559e-07,-1.070846394984288e-07
27 May 2026,HEL1OS,B-Class,72390,72450,72514,3.7420972798057116e-07,-1.1192132672666201e-07
27 May 2026,HEL1OS,B-Class,73171,73202,73298,3.873192436039906e-07,-1.1192132672666201e-07
27 May 2026,HEL1OS,B-Class,75570,75618,75717,4.207371827282689e-07,-1.0131054707250119e-07
27 May 2026,HEL1OS,B-Class,85648,85742,85783,3.709252705025654e-07,-1.0004550510668062e-07
28 February 2026,SoLEXS,C-Class,11032,11618,11624,2.8177854181412688e-06,1.3236222064920148e-07
28 February 2026,SoLEXS,C-Class,64814,65016,65108,1.4617817777327824e-06,2.2161391445039153e-07
28 February 2026,SoLEXS,C-Class,77050,77473,77617,2.252674689048357e-06,1.1792496713519651e-07
28 February 2026,HEL1OS,B-Class,10970,11178,11698,7.976741834361128e-07,-8.281929416523116e-10
28 February 2026,HEL1OS,B-Class,76971,77232,77539,6.340357973505691e-07,-2.4926686217007908e-09
28 March 2026,HEL1OS,B-Class,2151,2391,2437,3.3346041055717285e-07,-7.0785721508370755e-12
28 March 2026,HEL1OS,B-Class,2498,2616,2636,4.279340681565223e-07,-7.0785721508370755e-12
28 March 2026,HEL1OS,B-Class,2792,2811,2922,3.2862271210434666e-07,-7.0785721508370755e-12
28 March 2026,HEL1OS,B-Class,3058,3249,3263,3.627060370108072e-07,-7.0785721508370755e-12
28 March 2026,HEL1OS,B-Class,6040,6189,6220,3.3505410051571254e-07,-4.6245323086255796e-08
28 March 2026,HEL1OS,B-Class,6221,6236,6347,4.088269794721262e-07,-4.6245323086255796e-08
28 March 2026,HEL1OS,B-Class,6348,6468,6492,3.1033876023863794e-07,-4.6245323086255796e-08
28 March 2026,HEL1OS,B-Class,6663,6960,6973,3.763272322782756e-07,-4.6245323086255796e-08
28 March 2026,HEL1OS,B-Class,7408,7489,7587,3.4281120436847803e-07,2.787743957932953e-08
28 March 2026,HEL1OS,B-Class,24321,24395,24778,4.770674486803349e-07,-6.399029224390531e-09
28 March 2026,HEL1OS,B-Class,24870,25146,25196,4.472858731924201e-07,-6.399029224390531e-09
28 March 2026,HEL1OS,B-Class,25197,25350,25363,4.3061179087873876e-07,-6.399029224390531e-09
28 March 2026,HEL1OS,B-Class,28794,28800,28950,4.212903225806301e-07,6.028516533521877e-08
28 March 2026,HEL1OS,B-Class,28953,28970,29179,4.4045808474060516e-07,-8.731924360400135e-09
28 March 2026,HEL1OS,B-Class,29180,29198,29355,3.013014460511572e-07,-8.731924360400135e-09
28 March 2026,HEL1OS,B-Class,29664,29676,30169,4.263201537061229e-07,-8.731924360400135e-09
28 March 2026,HEL1OS,B-Class,39174,39576,39742,3.6967034078267466e-07,1.3338052381433402e-08
28 March 2026,HEL1OS,B-Class,39774,39786,39909,4.0674992415814095e-07,1.3338052381433402e-08
28 March 2026,HEL1OS,B-Class,39965,40178,40204,3.331459197087555e-07,1.3338052381433402e-08
28 March 2026,HEL1OS,B-Class,40205,40236,40374,5.235969258772186e-07,1.3338052381433402e-08
28 March 2026,HEL1OS,B-Class,40867,41278,41358,6.277864293659398e-07,2.1974921630093266e-08
28 March 2026,HEL1OS,B-Class,41359,41783,41832,5.048518555971101e-07,2.1974921630093266e-08
28 March 2026,HEL1OS,B-Class,41833,41853,41983,3.454899383152875e-07,2.1974921630093266e-08
28 March 2026,HEL1OS,B-Class,42016,42028,42506,4.3184245120839804e-07,3.1265041965819576e-08
28 March 2026,HEL1OS,B-Class,42676,42817,42928,3.4382748508442495e-07,-2.4121346951156995e-07
28 March 2026,HEL1OS,B-Class,42931,43007,43173,3.645039943371293e-07,-2.4121346951156995e-07
28 May 2026,SoLEXS,C-Class,54868,54990,55325,1.0942481545150786e-06,4.656487005763814e-08
29 April 2026,SoLEXS,C-Class,29670,29812,30078,2.3581423804226075e-06,1.967388006876257e-07
29 April 2026,SoLEXS,C-Class,33659,33785,34126,4.329662250985789e-06,2.243836586105694e-07
29 April 2026,SoLEXS,C-Class,42229,42366,42489,4.364446354535186e-06,2.3334007483061157e-07
29 April 2026,SoLEXS,C-Class,43906,44056,44139,3.4764050965718245e-06,3.448467994741509e-07
29 April 2026,SoLEXS,C-Class,49938,49992,50206,9.949922135705987e-06,2.2623419961572656e-07
29 April 2026,SoLEXS,C-Class,50785,50863,50930,5.559291131560121e-06,6.312539184952753e-07
29 April 2026,SoLEXS,C-Class,57123,57182,57321,1.6733259176862585e-06,1.210274041864655e-07
29 April 2026,SoLEXS,C-Class,79462,79521,79663,1.1034533319849944e-06,7.513297603397446e-08
29 April 2026,SoLEXS,B-Class,81887,82042,82283,4.597684295681906e-07,5.607847102841341e-08
29 April 2026,HEL1OS,B-Class,29595,29740,29913,6.586297906764858e-07,-1.0102133683890834e-09
29 April 2026,HEL1OS,C-Class,33595,33715,34136,2.415097583173137e-06,-1.3975123875012139e-09
29 April 2026,HEL1OS,C-Class,34214,34229,34430,1.0043209626857766e-06,1.1936090605723106e-07
29 April 2026,HEL1OS,C-Class,34431,34569,34723,1.1221943573667312e-06,5.578926079482055e-08
29 April 2026,HEL1OS,C-Class,42192,42353,42443,1.6052078066538004e-06,-1.8373950854484123e-09
29 April 2026,HEL1OS,C-Class,43289,43711,43786,3.05655779148538e-06,-2.1247952270198458e-07
29 April 2026,HEL1OS,C-Class,43832,43921,44166,3.900237637779212e-06,8.528668217210743e-08
29 April 2026,HEL1OS,C-Class,44304,44483,45122,2.230753362321692e-06,2.2875922742440286e-07
29 April 2026,HEL1OS,B-Class,45123,45211,45685,5.326676104762678e-07,-7.098291030437603e-08
29 April 2026,HEL1OS,B-Class,45716,45747,46136,4.112974011527813e-07,-7.098291030437603e-08
29 April 2026,HEL1OS,B-Class,47067,47156,47568,6.620912124582633e-07,5.7882495702293444e-08
29 April 2026,HEL1OS,B-Class,47683,47729,47995,4.333006370714781e-07,1.5324097482050222e-08
29 April 2026,HEL1OS,B-Class,47996,48007,48223,4.2099302255029334e-07,1.5324097482050222e-08
29 April 2026,HEL1OS,B-Class,49136,49313,49388,4.4776418242490064e-07,-2.7764182424915595e-08
29 April 2026,HEL1OS,C-Class,49422,49476,49616,1.1084781069875225e-06,-2.7764182424915595e-08
29 April 2026,HEL1OS,M-Class,49688,49966,50287,1.9308248559004266e-05,-2.7764182424915595e-08
29 April 2026,HEL1OS,C-Class,50730,50853,51360,4.439770452017235e-06,9.162301547173303e-08
29 April 2026,HEL1OS,B-Class,51367,51418,51754,4.329062594802151e-07,1.0740216402062524e-08
29 April 2026,HEL1OS,B-Class,51755,51841,51960,3.3265749823034515e-07,1.0740216402062524e-08
29 April 2026,HEL1OS,B-Class,52407,52534,52629,3.446516331277054e-07,1.2800080897966992e-08
29 April 2026,HEL1OS,B-Class,52711,52815,52864,3.724208716755859e-07,1.2800080897966992e-08
29 April 2026,HEL1OS,B-Class,52874,53089,53265,3.5793912427948973e-07,1.2800080897966992e-08
29 April 2026,HEL1OS,B-Class,53408,53511,53623,4.469936292850483e-07,-4.0884821518857865e-08
29 April 2026,HEL1OS,B-Class,53624,53761,53779,3.363150975831612e-07,-4.0884821518857865e-08
29 April 2026,HEL1OS,B-Class,53954,54001,54114,3.1732733340073696e-07,-4.0884821518857865e-08
29 April 2026,HEL1OS,B-Class,54650,54708,54866,4.808221255940774e-07,1.8814844777024327e-08
29 April 2026,HEL1OS,B-Class,54867,55215,55250,3.7525027808674976e-07,1.501668520578368e-08
29 April 2026,HEL1OS,B-Class,55258,55326,55397,3.6219435736675824e-07,1.501668520578368e-08
29 April 2026,HEL1OS,B-Class,55401,55490,55527,3.9245221963796764e-07,1.501668520578368e-08
29 April 2026,HEL1OS,B-Class,55673,55690,55820,3.555485893416801e-07,1.501668520578368e-08
29 April 2026,HEL1OS,B-Class,55955,56354,56373,4.628374962078912e-07,1.9318434624329384e-08
29 April 2026,HEL1OS,B-Class,56621,56732,56781,2.7292648397208047e-07,1.507028010921169e-08
29 April 2026,HEL1OS,B-Class,56813,56859,56952,3.4855496005661613e-07,1.507028010921169e-08
29 April 2026,HEL1OS,C-Class,57001,57161,57308,1.433826473859793e-06,1.507028010921169e-08
29 April 2026,HEL1OS,B-Class,57380,57398,57505,4.0166750935381317e-07,1.507028010921169e-08
29 April 2026,HEL1OS,B-Class,57596,57730,57783,3.7314996460712596e-07,1.8332490646171868e-08
29 April 2026,HEL1OS,B-Class,57879,58021,58114,8.707149357872073e-07,1.8332490646171868e-08
29 April 2026,HEL1OS,B-Class,58719,58759,58857,4.077894630397266e-07,-1.5466680149660696e-08
29 April 2026,HEL1OS,B-Class,59344,59437,59634,3.045555667913735e-07,-1.5466680149660696e-08
29 April 2026,HEL1OS,B-Class,59856,59929,60042,3.315057134189385e-07,1.0405501061785456e-08
29 April 2026,HEL1OS,B-Class,60199,60441,60473,4.47799575285655e-07,1.0405501061785456e-08
29 April 2026,HEL1OS,B-Class,60721,60781,60911,4.2595409040346343e-07,2.6865203761754548e-08
29 April 2026,HEL1OS,B-Class,61100,61142,61318,4.922428961472168e-07,2.6865203761754548e-08
29 April 2026,HEL1OS,B-Class,61479,61662,61684,3.8122257053290175e-07,2.165132976033897e-08
29 April 2026,HEL1OS,B-Class,61956,62002,62137,3.5777833956920553e-07,2.165132976033897e-08
29 April 2026,HEL1OS,B-Class,62480,62595,62619,3.710516735766881e-07,7.784406916775949e-09
29 April 2026,HEL1OS,B-Class,62622,62748,62763,3.1439781575486795e-07,7.784406916775949e-09
29 April 2026,HEL1OS,B-Class,62766,62864,62889,3.578218222267038e-07,7.784406916775949e-09
29 April 2026,HEL1OS,B-Class,62911,62973,63173,4.524673880068602e-07,7.784406916775949e-09
29 April 2026,HEL1OS,B-Class,63186,63262,63309,3.3951157852157754e-07,7.784406916775949e-09
29 April 2026,HEL1OS,B-Class,63310,63342,63493,2.9975831732226656e-07,7.784406916775949e-09
29 April 2026,HEL1OS,B-Class,63860,63994,64025,3.5549499443825207e-07,8.537769238547562e-09
29 April 2026,HEL1OS,B-Class,64026,64314,64454,3.763393669733914e-07,8.537769238547562e-09
29 April 2026,HEL1OS,B-Class,64456,64467,64683,3.801688745070145e-07,-4.7972494691069134e-09
29 April 2026,HEL1OS,B-Class,65016,65176,65207,3.4383456365657585e-07,-4.7972494691069134e-09
29 April 2026,HEL1OS,B-Class,65217,65232,65360,3.5193952876932715e-07,-4.7972494691069134e-09
29 April 2026,HEL1OS,B-Class,65635,65713,65822,5.016351501668342e-07,3.5979371018301864e-08
29 April 2026,HEL1OS,B-Class,66421,66452,67024,7.521903124683725e-07,9.999292142784556e-08
29 April 2026,HEL1OS,B-Class,67194,67289,67417,4.1883911416724165e-07,2.2112448174738837e-08
29 April 2026,HEL1OS,C-Class,67427,67608,67959,1.7442066943067433e-06,2.2112448174738837e-08
29 April 2026,HEL1OS,B-Class,69203,69227,69398,5.643189402366064e-07,3.6778238446757724e-08
29 April 2026,HEL1OS,B-Class,69561,69578,69793,4.738042269187818e-07,-4.1126504196580486e-09
29 April 2026,HEL1OS,B-Class,69890,70018,70241,4.4086358580239095e-07,-4.1126504196580486e-09
29 April 2026,HEL1OS,B-Class,70285,70363,70414,3.5822631206389663e-07,-4.1126504196580486e-09
29 April 2026,HEL1OS,B-Class,70519,70662,70676,3.319132369299103e-07,7.381939528769077e-09
29 April 2026,HEL1OS,B-Class,71058,71065,71184,3.851855597127985e-07,-8.709475174435926e-08
29 April 2026,HEL1OS,B-Class,71408,71448,71654,5.01247851147722e-07,-8.709475174435926e-08
29 April 2026,HEL1OS,B-Class,71657,71676,71859,4.0705935888359353e-07,-8.709475174435926e-08
29 April 2026,HEL1OS,B-Class,71860,72075,72093,4.4823743553441623e-07,-8.709475174435926e-08
29 April 2026,HEL1OS,B-Class,72095,72122,72300,3.689523713216574e-07,-8.709475174435926e-08
29 April 2026,HEL1OS,B-Class,72597,72684,72749,3.6672160986953893e-07,-3.135301850540893e-08
29 April 2026,HEL1OS,B-Class,72783,72953,72977,3.582232783901176e-07,-3.135301850540893e-08
29 April 2026,HEL1OS,B-Class,72988,73114,73129,3.608029123268149e-07,-3.135301850540893e-08
29 April 2026,HEL1OS,B-Class,73342,73561,73594,3.823227828900662e-07,-5.156739811912043e-08
29 April 2026,HEL1OS,B-Class,73977,74078,74283,4.077045201739161e-07,-5.156739811912043e-08
29 April 2026,HEL1OS,B-Class,74334,74353,74642,4.012660531903993e-07,-2.9598543836585063e-08
29 April 2026,HEL1OS,B-Class,74847,75031,75045,3.960248761249733e-07,-2.9598543836585063e-08
29 April 2026,HEL1OS,B-Class,75125,75247,75264,3.5144200626957994e-07,-2.9598543836585063e-08
29 April 2026,HEL1OS,B-Class,75273,75284,75419,4.3920012134693546e-07,-2.9598543836585063e-08
29 April 2026,HEL1OS,B-Class,75420,75474,75687,3.689078774395662e-07,-2.9598543836585063e-08
29 April 2026,HEL1OS,B-Class,75871,75911,76028,3.479674385680935e-07,-7.722823339063331e-08
29 April 2026,HEL1OS,B-Class,76394,76482,76571,3.6482758620688356e-07,-7.722823339063331e-08
29 April 2026,HEL1OS,B-Class,76646,76759,76792,3.95192638284949e-07,-7.722823339063331e-08
29 April 2026,HEL1OS,B-Class,76793,76895,76928,3.2780362018403116e-07,-7.722823339063331e-08
29 April 2026,HEL1OS,B-Class,76985,77121,77133,3.957781373242856e-07,-1.7577105875214246e-08
29 April 2026,HEL1OS,B-Class,77306,77362,77432,4.045636565881138e-07,-6.8277884518149165e-09
29 April 2026,HEL1OS,B-Class,77434,77453,77651,4.113914450399287e-07,-6.8277884518149165e-09
29 April 2026,HEL1OS,B-Class,77870,77924,78069,3.335493983213553e-07,-6.8277884518149165e-09
29 April 2026,HEL1OS,B-Class,78249,78310,78393,3.899726969359756e-07,-6.8277884518149165e-09
29 April 2026,HEL1OS,B-Class,78923,78954,79113,3.6783294569722624e-07,-2.2839518657092926e-08
29 April 2026,HEL1OS,C-Class,79427,79508,79591,1.455766002629132e-06,-2.2839518657092926e-08
29 April 2026,HEL1OS,B-Class,79955,80003,80085,3.458357771260873e-07,-1.8878551926382166e-08
29 April 2026,HEL1OS,B-Class,80086,80103,80229,4.2380321569419055e-07,-2.1898068561026612e-08
29 April 2026,HEL1OS,B-Class,80320,80398,80500,3.6548791586610086e-07,-2.1898068561026612e-08
29 April 2026,HEL1OS,B-Class,80585,80719,80889,3.641571443017364e-07,-2.1898068561026612e-08
29 April 2026,HEL1OS,B-Class,81619,81762,81774,4.926939023156867e-07,-4.946303974112476e-08
29 April 2026,HEL1OS,B-Class,81792,81846,82233,7.311679644048683e-07,-4.946303974112476e-08
29 April 2026,HEL1OS,B-Class,82416,82498,82613,4.869622813226644e-07,-1.3528162604914011e-08
29 April 2026,HEL1OS,B-Class,83208,83225,83360,3.6253918495296513e-07,-1.667408231368127e-08
29 April 2026,HEL1OS,B-Class,83361,83464,83506,3.401264030741106e-07,-1.667408231368127e-08
29 April 2026,HEL1OS,B-Class,83712,83770,83863,3.680271008190788e-07,-5.74476691273112e-09
29 April 2026,HEL1OS,B-Class,85434,85838,85903,4.690828192941485e-07,-3.637779350793681e-08
29 April 2026,HEL1OS,B-Class,86026,86086,86221,3.764910506623387e-07,-5.176319648093843e-08
29 May 2026,SoLEXS,C-Class,17831,18391,18416,2.3105693194457665e-06,9.761249873596577e-08
29 May 2026,SoLEXS,B-Class,70299,70883,70884,6.873394680958394e-07,3.955404995449348e-08
29 May 2026,SoLEXS,B-Class,76775,77011,77025,3.864263322883875e-07,4.7777328344623637e-08
29 May 2026,HEL1OS,B-Class,5869,6292,6444,3.4056426332287184e-07,-1.3810294266356078e-08
29 May 2026,HEL1OS,B-Class,6475,6790,7353,4.959257761148575e-07,-1.3810294266356078e-08
29 May 2026,HEL1OS,B-Class,7479,7493,7611,4.057063403781835e-07,-7.099807867327079e-08
29 May 2026,HEL1OS,B-Class,7612,7775,7861,4.517929012033411e-07,-7.099807867327079e-08
29 May 2026,HEL1OS,B-Class,13505,13608,13663,4.523430073819234e-07,5.637273738497115e-08
29 May 2026,HEL1OS,B-Class,13688,13854,13888,4.330346850035239e-07,-2.8048336535543544e-08
29 May 2026,HEL1OS,B-Class,13891,13978,14047,3.971705935888219e-07,-2.8048336535543544e-08
29 May 2026,HEL1OS,B-Class,14138,14293,14435,5.635392860754173e-07,-2.8048336535543544e-08
29 May 2026,HEL1OS,B-Class,14436,14453,14563,5.497603397714437e-07,-2.8048336535543544e-08
29 May 2026,HEL1OS,B-Class,14564,14693,14713,3.878197997775168e-07,-2.8048336535543544e-08
29 May 2026,HEL1OS,B-Class,16106,16218,16230,4.1729194053997905e-07,-1.4245120841338336e-08
29 May 2026,HEL1OS,B-Class,16231,16308,16617,5.706178582262917e-07,-1.4245120841338336e-08
29 May 2026,HEL1OS,B-Class,16618,16816,16928,3.9644352310646785e-07,-1.4245120841338336e-08
29 May 2026,HEL1OS,B-Class,16958,17147,17218,4.603316816664818e-07,-1.4245120841338336e-08
29 May 2026,HEL1OS,C-Class,18208,18424,18429,1.1676822732328435e-06,1.0599959551015906e-07
29 May 2026,HEL1OS,B-Class,20032,20183,20197,7.950874709272645e-07,8.272019415511888e-08
29 May 2026,HEL1OS,B-Class,20338,20398,20736,9.478440691677283e-07,4.461320659318277e-08
29 May 2026,HEL1OS,B-Class,21007,21362,21480,4.669319445848756e-07,2.34725452522997e-08
29 May 2026,HEL1OS,B-Class,21643,21796,21815,4.833572656486833e-07,2.34725452522997e-08
29 May 2026,HEL1OS,B-Class,21816,21958,22106,4.858691475376507e-07,2.34725452522997e-08
29 May 2026,HEL1OS,B-Class,27041,27164,27250,4.4287693396701834e-07,1.2145818586307613e-08
29 May 2026,HEL1OS,B-Class,27322,27590,27640,5.209242592779671e-07,1.2145818586307613e-08
29 May 2026,HEL1OS,B-Class,27641,28085,28206,5.023298614622128e-07,1.2145818586307613e-08
29 May 2026,HEL1OS,B-Class,33432,33833,33849,7.092931540094803e-07,-5.728587319243431e-09
29 May 2026,HEL1OS,B-Class,33884,33932,34031,3.6341490545048754e-07,-5.728587319243431e-09
29 May 2026,HEL1OS,B-Class,34032,34050,34268,5.200505612296306e-07,-5.728587319243431e-09
29 May 2026,HEL1OS,B-Class,34299,34311,34436,4.055233087268537e-07,-5.728587319243431e-09
29 May 2026,HEL1OS,B-Class,34437,34455,34632,6.223258165638366e-07,-5.728587319243431e-09
29 May 2026,HEL1OS,B-Class,37513,37663,37873,4.881990089998815e-07,4.0014157144300325e-08
29 May 2026,HEL1OS,B-Class,37874,37960,38119,4.2366771159873095e-07,9.620790777631379e-09
29 May 2026,HEL1OS,B-Class,38243,38256,38533,4.828314288603327e-07,9.620790777631379e-09
29 May 2026,HEL1OS,B-Class,38534,38565,38720,4.891687733845512e-07,9.620790777631379e-09
29 May 2026,HEL1OS,B-Class,40767,41223,41238,4.552169076751784e-07,-1.1588633835574435e-08
29 May 2026,HEL1OS,B-Class,41239,41315,41366,4.205157245424059e-07,-1.1588633835574435e-08
29 May 2026,HEL1OS,B-Class,41367,41494,41644,4.496652846597069e-07,-1.1588633835574435e-08
29 May 2026,HEL1OS,B-Class,41744,41796,42006,3.7600465163311426e-07,-1.1588633835574435e-08
29 May 2026,HEL1OS,B-Class,42087,42120,42441,4.92903225806434e-07,2.5066235210839444e-08
29 May 2026,HEL1OS,B-Class,42498,42657,42675,4.88962483567583e-07,2.5066235210839444e-08
29 May 2026,HEL1OS,B-Class,42825,43030,43055,4.3593487713619646e-07,-1.8961674587925305e-07
2 April 2026,SoLEXS,M-Class,65183,65716,65777,2.2684210739204365e-05,9.630083931640872e-07
2 April 2026,SoLEXS,B-Class,82371,82514,82701,5.677924967134999e-07,7.972899180907796e-08
2 April 2026,HEL1OS,B-Class,1721,1762,1872,4.159955506117761e-07,2.8436646779248624e-08
2 April 2026,HEL1OS,B-Class,2680,2765,2906,3.7629183941752116e-07,1.469005966225047e-08
2 April 2026,HEL1OS,B-Class,2909,3029,3042,3.6720497522498434e-07,1.469005966225047e-08
2 April 2026,HEL1OS,B-Class,3206,3287,3392,3.376660936393853e-07,1.469005966225047e-08
2 April 2026,HEL1OS,B-Class,3563,3661,3730,3.552917382950627e-07,1.469005966225047e-08
2 April 2026,HEL1OS,B-Class,6278,6412,6482,3.334593993325798e-07,3.177267671149651e-08
2 April 2026,HEL1OS,B-Class,6664,6712,6878,4.1848923045806975e-07,2.2399635959145727e-08
2 April 2026,HEL1OS,B-Class,7252,7387,7473,4.4255536454645e-07,2.2399635959145727e-08
2 April 2026,HEL1OS,B-Class,9614,9673,9815,3.878774395793167e-07,3.819900899989753e-08
2 April 2026,HEL1OS,B-Class,10028,10130,10153,3.958185863080049e-07,-8.855293760743967e-09
2 April 2026,HEL1OS,B-Class,10332,10483,10727,3.845191627060233e-07,-8.855293760743967e-09
2 April 2026,HEL1OS,B-Class,11006,11062,11151,4.237000707857064e-07,2.799979775508043e-08
2 April 2026,HEL1OS,B-Class,13000,13145,13163,3.6307412276265264e-07,1.9848316311051973e-08
2 April 2026,HEL1OS,B-Class,13293,13382,13597,4.1356153301646823e-07,1.9848316311051973e-08
2 April 2026,HEL1OS,B-Class,13746,13906,14066,3.1287390029324395e-07,1.9848316311051973e-08
2 April 2026,HEL1OS,B-Class,14068,14193,14230,4.7102234806348807e-07,1.9848316311051973e-08
2 April 2026,HEL1OS,B-Class,16151,16261,16374,3.4027505308927894e-07,-3.668318333501741e-08
2 April 2026,HEL1OS,B-Class,16375,16417,16640,3.613732429972568e-07,-3.668318333501741e-08
2 April 2026,HEL1OS,B-Class,16642,16661,16851,3.6748710688642633e-07,-3.668318333501741e-08
2 April 2026,HEL1OS,B-Class,16852,16986,17025,3.3575083426027727e-07,-3.668318333501741e-08
2 April 2026,HEL1OS,B-Class,17026,17297,17313,3.367762159975611e-07,-3.668318333501741e-08
2 April 2026,HEL1OS,B-Class,17671,17748,17853,2.8808676307006756e-07,1.6290828192941673e-09
2 April 2026,HEL1OS,B-Class,18075,18163,18197,3.247638790575271e-07,1.6290828192941673e-09
2 April 2026,HEL1OS,B-Class,18251,18335,18484,3.8369096976437093e-07,1.6290828192941673e-09
2 April 2026,HEL1OS,B-Class,18668,18732,18854,3.618778440691548e-07,-1.854889270907001e-08
2 April 2026,HEL1OS,B-Class,18972,19012,19135,3.9130751339871186e-07,-1.854889270907001e-08
2 April 2026,HEL1OS,B-Class,19219,19245,19452,3.5230356962280064e-07,-1.854889270907001e-08
2 April 2026,HEL1OS,B-Class,19454,19534,19581,3.1716553746585985e-07,-1.854889270907001e-08
2 April 2026,HEL1OS,B-Class,22520,22594,22653,3.5955303872988905e-07,2.983921528971475e-08
2 April 2026,HEL1OS,B-Class,26390,26501,26515,3.895398928101793e-07,4.808069572251826e-08
2 April 2026,HEL1OS,B-Class,26516,26600,26761,3.4570330670440674e-07,1.1123470522802814e-09
2 April 2026,HEL1OS,B-Class,26762,26826,26969,3.979714834664637e-07,1.1123470522802814e-09
2 April 2026,HEL1OS,B-Class,27120,27151,27256,3.74947921933448e-07,1.1123470522802814e-09
2 April 2026,HEL1OS,B-Class,27313,27327,27612,3.483284457477882e-07,1.1123470522802814e-09
2 April 2026,HEL1OS,B-Class,27938,27960,28087,3.646627565982275e-07,9.386186672059527e-09
2 April 2026,HEL1OS,B-Class,29658,29763,29779,4.1109313378499905e-07,2.6480938416421366e-08
2 April 2026,HEL1OS,B-Class,31824,31934,32012,3.1481949641014143e-07,2.331176054201555e-08
2 April 2026,HEL1OS,B-Class,32344,32372,32482,3.0451208413387526e-07,2.331176054201555e-08
2 April 2026,HEL1OS,B-Class,32900,32950,33022,5.059207199918921e-07,9.023157043178988e-09
2 April 2026,HEL1OS,B-Class,33024,33036,33412,4.2370512690867135e-07,9.023157043178988e-09
2 April 2026,HEL1OS,B-Class,33413,33455,33546,3.158661138638779e-07,9.023157043178988e-09
2 April 2026,HEL1OS,B-Class,33727,33859,34013,3.988087774294528e-07,9.023157043178988e-09
2 April 2026,HEL1OS,B-Class,42664,42719,42829,4.240631004145869e-07,-1.8605116796439828e-07
2 April 2026,HEL1OS,B-Class,42965,43138,43175,4.3422995247242863e-07,-1.8605116796439828e-07
2 April 2026,HEL1OS,C-Class,65090,65562,65777,6.377308120133253e-06,8.374962079077462e-09
2 April 2026,HEL1OS,C-Class,66193,66194,67008,2.6547335423196542e-06,4.6049752249973084e-07
2 April 2026,HEL1OS,B-Class,67010,67024,67156,3.671230660329528e-07,3.217008797653845e-08
2 January 2026,SoLEXS,C-Class,891,996,1438,2.8697006775203743e-06,2.5309030235614425e-07
2 January 2026,SoLEXS,C-Class,10314,10465,10793,2.8154080291231675e-06,1.0574072201435562e-07
2 January 2026,SoLEXS,C-Class,14100,14255,14606,2.6089210233591947e-06,1.6572454242086578e-07
2 January 2026,HEL1OS,C-Class,643,928,1205,1.334821518859291e-06,1.2653958944281571e-08
2 January 2026,HEL1OS,B-Class,3294,3405,3418,4.2988269794719875e-07,2.0865608251591937e-08
2 January 2026,HEL1OS,B-Class,3604,3847,3968,5.614359389220145e-07,2.0865608251591937e-08
2 January 2026,HEL1OS,B-Class,4318,4428,4465,3.3942056830820914e-07,1.9824046920820417e-08
2 January 2026,HEL1OS,B-Class,4470,4717,4729,3.99647082617035e-07,1.9824046920820417e-08
2 January 2026,HEL1OS,B-Class,4731,4824,4871,2.826807563959855e-07,1.9824046920820417e-08
2 January 2026,HEL1OS,B-Class,5617,5647,5758,3.502760643138716e-07,2.7972494691069895e-08
2 January 2026,HEL1OS,B-Class,6136,6369,6561,3.5607240368084484e-07,-3.472646374759712e-08
2 January 2026,HEL1OS,B-Class,6564,6582,6697,6.432561431893794e-07,-3.472646374759712e-08
2 January 2026,HEL1OS,B-Class,6823,6866,7059,3.573698048336408e-07,-3.472646374759712e-08
2 January 2026,HEL1OS,B-Class,8708,8738,8841,3.512670644149941e-07,2.6744868035189696e-08
2 January 2026,HEL1OS,B-Class,9690,9707,10100,5.177024977247261e-07,5.21185155222959e-09
2 January 2026,HEL1OS,C-Class,10282,10383,10785,3.4055425219940133e-06,2.0669430680553316e-09
2 January 2026,HEL1OS,B-Class,10882,10917,11275,4.0966629588430144e-07,-6.564870057639567e-09
2 January 2026,HEL1OS,B-Class,11653,11736,11937,3.614258266760919e-07,-6.564870057639567e-09
2 January 2026,HEL1OS,B-Class,11946,12007,12086,3.629669329557965e-07,-6.564870057639567e-09
2 January 2026,HEL1OS,C-Class,14079,14133,14670,1.27211447062388e-06,3.8057437556880016e-08
2 January 2026,HEL1OS,B-Class,15123,15155,15266,2.8608049347759113e-07,-2.4744665790271155e-08
2 January 2026,HEL1OS,B-Class,15313,15385,15470,3.044686014763771e-07,-2.4744665790271155e-08
2 January 2026,HEL1OS,B-Class,15821,15997,16011,4.795186570937234e-07,-2.4744665790271155e-08
2 January 2026,HEL1OS,B-Class,16099,16144,16303,3.9480533926583685e-07,-2.4744665790271155e-08
2 January 2026,HEL1OS,B-Class,17417,17577,17600,3.052421882900084e-07,2.2819294165233283e-08
2 January 2026,HEL1OS,B-Class,18169,18186,18541,3.7150166852056514e-07,2.2819294165233283e-08
2 January 2026,HEL1OS,B-Class,18588,18636,18721,3.058549903933555e-07,2.539184952977967e-09
2 January 2026,HEL1OS,B-Class,18893,18937,19031,3.7454242087166224e-07,2.539184952977967e-09
2 January 2026,HEL1OS,B-Class,19032,19347,19359,5.517342501769446e-07,2.539184952977967e-09
2 January 2026,HEL1OS,B-Class,20655,20726,20780,4.152917382950605e-07,1.9694610172918712e-08
2 January 2026,HEL1OS,B-Class,21196,21234,21343,3.5582465365556423e-07,1.9694610172918712e-08
2 January 2026,HEL1OS,B-Class,21345,21557,21595,3.543391647284736e-07,1.9694610172918712e-08
2 January 2026,HEL1OS,B-Class,23701,23801,23914,4.029072707048092e-07,-5.309940337748822e-09
2 January 2026,HEL1OS,B-Class,24073,24281,24297,4.7185155222973333e-07,-5.6340378197995746e-08
2 January 2026,HEL1OS,B-Class,24433,24505,24591,2.877540701789765e-07,-5.6340378197995746e-08
2 January 2026,HEL1OS,B-Class,24881,24929,25009,3.0233188391140595e-07,-5.6340378197995746e-08
2 January 2026,HEL1OS,B-Class,25395,25413,25527,5.312225705328964e-07,5.347355647689175e-09
2 January 2026,HEL1OS,B-Class,25537,25550,25661,3.8222873900291886e-07,5.347355647689175e-09
2 January 2026,HEL1OS,B-Class,25662,25780,25802,3.7109920113255827e-07,5.347355647689175e-09
2 January 2026,HEL1OS,B-Class,25822,25855,25948,4.1526140155727105e-07,5.347355647689175e-09
2 January 2026,HEL1OS,B-Class,25951,26136,26153,3.2703003337039994e-07,5.347355647689175e-09
2 January 2026,HEL1OS,B-Class,26272,26294,26412,2.8638689452926475e-07,5.347355647689175e-09
2 January 2026,HEL1OS,B-Class,27866,27936,28195,3.708099908989655e-07,2.8099908989785637e-08
2 January 2026,HEL1OS,B-Class,28196,28343,28471,4.071645262412637e-07,1.7938113054908856e-08
2 January 2026,HEL1OS,B-Class,28651,28683,28880,3.004277480028207e-07,1.7938113054908856e-08
2 January 2026,HEL1OS,B-Class,28886,28978,29207,3.7352917382949423e-07,1.7938113054908856e-08
2 January 2026,HEL1OS,B-Class,29424,29438,29629,3.2191728182828255e-07,5.359490342804947e-10
2 January 2026,HEL1OS,B-Class,29682,29860,30068,4.791667509353657e-07,5.359490342804947e-10
2 January 2026,HEL1OS,B-Class,30245,30253,30370,2.9154616240265923e-07,-2.5828698553947903e-08
2 January 2026,HEL1OS,B-Class,30443,30593,30636,4.544079280007928e-07,-2.5828698553947903e-08
2 January 2026,HEL1OS,B-Class,30691,30735,30864,3.816988573161963e-07,-2.5828698553947903e-08
2 January 2026,HEL1OS,B-Class,30876,30897,31096,3.349135402972881e-07,-2.5828698553947903e-08
2 January 2026,HEL1OS,B-Class,31099,31113,31253,3.476863181312445e-07,-2.5828698553947903e-08
2 January 2026,HEL1OS,B-Class,31382,31448,31619,4.0850743250074385e-07,2.5194660734148157e-08
2 January 2026,HEL1OS,B-Class,32269,32281,32523,4.389493376478759e-07,-1.2101324704216384e-08
2 January 2026,HEL1OS,B-Class,33211,33363,33471,3.8244008494285214e-07,-1.2101324704216384e-08
2 January 2026,HEL1OS,B-Class,33588,33873,34034,4.221306502173982e-07,2.840529881686626e-09
2 January 2026,HEL1OS,B-Class,34790,34919,35136,4.169086864192388e-07,-2.5986449590453095e-08
2 January 2026,HEL1OS,B-Class,35419,35642,35760,4.164516129032109e-07,1.5905551623014924e-08
2 January 2026,HEL1OS,B-Class,35905,35936,36042,3.398351703913319e-07,1.5905551623014924e-08
2 January 2026,HEL1OS,B-Class,36217,36251,36361,3.9106684194558216e-07,1.5905551623014924e-08
2 January 2026,HEL1OS,B-Class,36376,36446,36533,2.840701789867428e-07,1.5905551623014924e-08
2 January 2026,HEL1OS,B-Class,37045,37135,37286,3.6970674486802193e-07,3.6586105774091133e-09
2 January 2026,HEL1OS,B-Class,37844,37986,38000,3.998220244716209e-07,3.6586105774091133e-09
2 January 2026,HEL1OS,B-Class,39172,39241,39306,4.090494488825822e-07,-1.1504702194356971e-08
2 January 2026,HEL1OS,B-Class,39360,39469,39501,3.763252098290896e-07,-1.1504702194356971e-08
2 January 2026,HEL1OS,B-Class,39502,39522,39707,4.750520780665216e-07,-1.1504702194356971e-08
2 January 2026,HEL1OS,B-Class,40035,40111,40187,2.802224694104461e-07,-1.1504702194356971e-08
2 January 2026,HEL1OS,B-Class,40321,40471,40484,3.603974112650291e-07,1.7641824249165134e-08
2 January 2026,HEL1OS,B-Class,40669,40763,40873,3.596056224087242e-07,1.7641824249165134e-08
2 January 2026,HEL1OS,B-Class,41653,41814,41834,3.333501870765379e-07,-1.0946506219030868e-08
2 January 2026,HEL1OS,B-Class,42087,42176,42217,2.7105571847506364e-07,-1.0946506219030868e-08
2 January 2026,HEL1OS,B-Class,42655,42806,42819,2.9886237233288447e-07,-2.412306603296506e-07
2 January 2026,HEL1OS,B-Class,43230,43436,43627,3.261168975629372e-07,-2.412306603296506e-07
2 January 2026,HEL1OS,B-Class,43759,43903,43937,2.5061785822630313e-07,-2.412306603296506e-07
2 January 2026,HEL1OS,B-Class,44074,44086,44253,3.397603397714511e-07,-4.960663363332817e-08
2 January 2026,HEL1OS,B-Class,44264,44366,44494,3.553938719789539e-07,-4.960663363332817e-08
2 January 2026,HEL1OS,B-Class,45114,45242,45261,3.6502073010414315e-07,-4.960663363332817e-08
2 January 2026,HEL1OS,B-Class,45263,45284,45396,3.3362726261501487e-07,1.9042370310445236e-08
2 January 2026,HEL1OS,B-Class,45508,45619,45634,3.019132369299114e-07,2.5369602588734055e-08
2 January 2026,HEL1OS,B-Class,47092,47103,47298,3.838082718171569e-07,-4.864091414703029e-08
2 January 2026,HEL1OS,B-Class,47450,47560,47686,2.8585701284254214e-07,-7.949438770350614e-08
2 January 2026,HEL1OS,B-Class,47766,47830,47930,3.5521286277681007e-07,-7.949438770350614e-08
2 January 2026,HEL1OS,B-Class,48115,48316,48329,3.5724036808573906e-07,-7.949438770350614e-08
2 January 2026,HEL1OS,B-Class,56568,56879,56919,3.4293760744260084e-07,1.9284052988168415e-09
2 January 2026,HEL1OS,B-Class,56922,57031,57062,3.907574072201296e-07,1.9284052988168415e-09
2 January 2026,HEL1OS,B-Class,57309,57437,57459,3.201061785822517e-07,1.9284052988168415e-09
2 January 2026,HEL1OS,B-Class,58116,58269,58282,3.253766811608742e-07,1.1072909293153573e-08
2 January 2026,HEL1OS,B-Class,58481,58529,58617,4.04661745373633e-07,1.1072909293153573e-08
2 January 2026,HEL1OS,B-Class,59835,59941,59983,3.232531095156119e-07,2.7592274244108636e-08
2 January 2026,HEL1OS,B-Class,63082,63091,63325,3.7866417231265714e-07,3.678430579431563e-08
2 January 2026,HEL1OS,B-Class,63505,63518,63656,4.2326322176153813e-07,1.2915360501566883e-08
2 January 2026,HEL1OS,B-Class,65580,65728,65794,4.413429062594644e-07,-1.920315502072938e-08
2 January 2026,HEL1OS,B-Class,65980,66203,66218,3.36831833350175e-07,-1.920315502072938e-08
2 January 2026,HEL1OS,B-Class,66273,66366,66425,3.606117908787413e-07,-1.920315502072938e-08
2 January 2026,HEL1OS,B-Class,68949,69150,69172,3.31140661340872e-07,-4.785114773991095e-09
2 January 2026,HEL1OS,B-Class,69311,69365,69538,3.4493780968751924e-07,-1.9995955101627415e-08
2 January 2026,HEL1OS,B-Class,69834,69954,70006,4.003074122762523e-07,-1.9995955101627415e-08
2 January 2026,HEL1OS,B-Class,70007,70021,70180,3.383517039134271e-07,-1.9995955101627415e-08
2 January 2026,HEL1OS,B-Class,70507,70524,70646,3.9648700576396603e-07,-1.697846091616883e-08
2 January 2026,HEL1OS,B-Class,71283,71369,71537,3.4679846293860625e-07,-1.697846091616883e-08
2 January 2026,HEL1OS,B-Class,71538,71628,71732,4.048821923349031e-07,2.0059662250985193e-08
2 January 2026,HEL1OS,B-Class,73653,73731,73796,3.113550409545849e-07,2.415107695419065e-08
2 January 2026,HEL1OS,B-Class,74384,74453,74621,3.433997370815936e-07,3.3539286075436144e-08
2 January 2026,HEL1OS,B-Class,74861,74965,74984,3.007917888562943e-07,-1.698857316209845e-09
2 January 2026,HEL1OS,B-Class,75391,75461,75597,3.8838709677417964e-07,-1.698857316209845e-09
2 January 2026,HEL1OS,B-Class,75692,75737,75930,2.998806754980174e-07,9.062594802305243e-09
2 January 2026,HEL1OS,B-Class,76257,76409,76505,3.2910506623519914e-07,9.062594802305243e-09
2 January 2026,HEL1OS,B-Class,76507,76547,76640,3.374901405602064e-07,-1.8363838608554037e-09
2 January 2026,HEL1OS,B-Class,77034,77337,77352,3.8470421680653905e-07,-1.8363838608554037e-09
2 January 2026,HEL1OS,B-Class,77353,77385,77508,4.760602689857247e-07,-1.8363838608554037e-09
2 January 2026,HEL1OS,B-Class,78080,78174,78349,3.013803215694098e-07,-1.2413793103447801e-08
2 January 2026,HEL1OS,B-Class,78351,78381,78477,2.989018100920108e-07,-1.2413793103447801e-08
2 January 2026,HEL1OS,B-Class,78677,78695,79015,4.090909090908945e-07,-1.2413793103447801e-08
2 January 2026,HEL1OS,B-Class,79022,79186,79243,3.5897360703811034e-07,-1.2413793103447801e-08
2 January 2026,HEL1OS,B-Class,79338,79434,79494,4.001395489938173e-07,-9.962584690059327e-09
2 January 2026,HEL1OS,B-Class,79598,79658,79781,2.9820305389826014e-07,-9.962584690059327e-09
2 January 2026,HEL1OS,B-Class,80047,80065,80298,4.602608959449729e-07,-9.962584690059327e-09
2 January 2026,HEL1OS,B-Class,84248,84260,84410,4.1383051875820145e-07,-1.5572858731919652e-10
2 January 2026,HEL1OS,B-Class,84414,84509,84760,4.483527151380161e-07,-1.5572858731919652e-10
2 January 2026,HEL1OS,B-Class,84957,85237,85415,3.606957225199588e-07,-1.5572858731919652e-10
2 January 2026,HEL1OS,B-Class,86235,86257,86374,3.3904338153502686e-07,-5.314882697947216e-08
2 June 2026,SoLEXS,C-Class,17046,17101,17628,7.059381130548842e-06,1.0578420467185384e-07
2 June 2026,SoLEXS,C-Class,31246,31451,31461,1.1921953685913215e-06,1.8884720396399366e-07
2 June 2026,SoLEXS,C-Class,35966,36300,36597,6.86045909596497e-06,1.358054403883054e-07
2 June 2026,SoLEXS,B-Class,50195,50281,50366,7.269329558094594e-07,9.662250985943633e-08
2 June 2026,SoLEXS,M-Class,60001,60521,61194,1.9428520578419772e-05,1.006512286378769e-07
2 June 2026,SoLEXS,C-Class,73988,74334,74405,1.3839619779552546e-06,1.0797047224188108e-07
2 June 2026,HEL1OS,C-Class,17034,17091,17293,2.863522095257255e-06,-4.7568004853876346e-09
2 June 2026,HEL1OS,B-Class,31104,31252,31406,2.385246233188306e-07,-1.348973607038075e-09
2 June 2026,HEL1OS,C-Class,35935,36140,37087,2.7905693194457496e-06,-1.2387501264030298e-09
2 June 2026,HEL1OS,M-Class,60038,60344,61041,1.3644351299423115e-05,-1.3590858529678939e-09
2 June 2026,HEL1OS,B-Class,65452,65517,65631,6.741601779755043e-07,-3.829507533623081e-09
2 June 2026,HEL1OS,B-Class,67112,67146,67253,3.294953989280902e-07,-2.4461522904236165e-09
2 June 2026,HEL1OS,B-Class,73986,74078,74271,2.6492264131862745e-07,-1.4905450500555643e-09
2 March 2026,SoLEXS,C-Class,1500,1556,1644,1.0599949438769974e-06,1.7520780665385155e-07
2 March 2026,SoLEXS,C-Class,16597,16694,16951,2.1858175750833483e-06,8.444534331074632e-08
2 March 2026,SoLEXS,B-Class,31428,31593,31795,9.229861462230433e-07,1.184235008595367e-07
2 March 2026,HEL1OS,C-Class,43184,43830,43907,2.4148275862068104e-06,-1.738466983516977e-07
2 March 2026,HEL1OS,B-Class,43913,43950,44276,3.578197997775178e-07,-1.738466983516977e-07
2 March 2026,HEL1OS,B-Class,44317,44388,44522,3.231712003235804e-07,-1.738466983516977e-07
2 March 2026,HEL1OS,B-Class,44523,44586,44798,3.9551420770551723e-07,-2.4601071898067677e-08
2 March 2026,HEL1OS,B-Class,44889,45007,45016,3.110890888866306e-07,-2.4601071898067677e-08
2 March 2026,HEL1OS,B-Class,46223,46351,46416,4.0237132167052864e-07,-1.0492466376781863e-08
2 March 2026,HEL1OS,B-Class,46579,46689,46823,3.785509151582431e-07,-1.0492466376781863e-08
2 March 2026,HEL1OS,B-Class,48865,48903,48999,3.504651633127592e-07,1.084841743351163e-08
2 March 2026,HEL1OS,B-Class,49231,49319,49374,3.117079583375356e-07,-5.444433208615402e-09
2 March 2026,HEL1OS,B-Class,50002,50119,50141,3.3044696127008634e-07,-5.444433208615402e-09
2 March 2026,HEL1OS,B-Class,50142,50226,50579,4.040196177570894e-07,-3.0223480635047904e-08
2 March 2026,HEL1OS,B-Class,50850,50952,50974,3.3638183840629804e-07,-3.0223480635047904e-08
2 March 2026,HEL1OS,B-Class,51072,51094,51197,3.1692183233895123e-07,-3.0223480635047904e-08
2 March 2026,HEL1OS,B-Class,52163,52264,52296,3.4963191424814206e-07,2.8613611083020497e-08
2 March 2026,HEL1OS,B-Class,52337,52368,52465,3.473900293255008e-07,3.8173728385072825e-09
2 March 2026,HEL1OS,B-Class,52767,52779,52908,3.886075437354498e-07,3.8173728385072825e-09
2 March 2026,HEL1OS,B-Class,52934,52952,53181,3.838911922337814e-07,3.8173728385072825e-09
2 March 2026,HEL1OS,B-Class,53183,53459,53498,3.0574678936190636e-07,-6.135807462837276e-08
2 March 2026,HEL1OS,B-Class,53607,53676,53760,3.58204065122851e-07,-6.135807462837276e-08
2 March 2026,HEL1OS,B-Class,53978,53991,54140,3.3129133380522633e-07,-6.135807462837276e-08
2 March 2026,HEL1OS,B-Class,54542,54574,54696,3.976408130245585e-07,1.1650318535746397e-08
2 March 2026,HEL1OS,B-Class,54835,54866,54988,4.61329760339755e-07,1.1650318535746397e-08
2 March 2026,HEL1OS,B-Class,55876,56110,56195,3.7359490342803804e-07,5.978359793710027e-09
2 March 2026,HEL1OS,B-Class,57987,58060,58310,3.5483567600362774e-07,2.6716553746586387e-09
2 March 2026,HEL1OS,B-Class,58312,58429,58454,3.8256244311860296e-07,2.6716553746586387e-09
2 March 2026,HEL1OS,B-Class,58455,58466,58577,4.0874507028009465e-07,2.6716553746586387e-09
2 March 2026,HEL1OS,B-Class,58588,58601,58827,3.348923045808354e-07,2.6716553746586387e-09
2 March 2026,HEL1OS,B-Class,59819,59854,59975,3.4183941753462226e-07,2.1224592982100552e-08
2 March 2026,HEL1OS,B-Class,59987,60083,60125,3.0532713115581877e-07,2.1224592982100552e-08
2 March 2026,HEL1OS,B-Class,60420,60435,60642,3.186793406815541e-07,6.850035392860531e-09
2 March 2026,HEL1OS,B-Class,61083,61114,61417,3.806411163919371e-07,6.850035392860531e-09
2 March 2026,HEL1OS,B-Class,61472,61526,61807,4.6116290828191294e-07,6.850035392860531e-09
2 March 2026,HEL1OS,B-Class,61808,62000,62014,5.901324704216597e-07,1.024370512690835e-08
2 March 2026,HEL1OS,B-Class,64471,64552,64702,4.867994741631943e-07,2.490747294974128e-08
2 March 2026,HEL1OS,B-Class,65283,65617,65648,3.9654363434117304e-07,-2.574780058650932e-08
2 March 2026,HEL1OS,B-Class,65942,66137,66189,3.195206795429151e-07,-2.574780058650932e-08
2 March 2026,HEL1OS,B-Class,69740,69763,69931,4.644574780058485e-07,-8.051976944078993e-08
2 March 2026,HEL1OS,B-Class,69932,70148,70172,3.9097684295680673e-07,-8.051976944078993e-08
2 March 2026,HEL1OS,B-Class,71244,71386,71449,3.8114875113761407e-07,1.910001011224526e-08
2 March 2026,HEL1OS,B-Class,72140,72191,72352,3.1852260086964177e-07,1.910001011224526e-08
2 March 2026,HEL1OS,B-Class,72593,72615,72734,3.044069167762051e-07,8.880574375568455e-09
2 March 2026,HEL1OS,B-Class,74011,74116,74136,3.979795732632076e-07,2.1934472646374013e-08
2 March 2026,HEL1OS,B-Class,74305,74432,74510,3.6039134391747127e-07,1.7662048741024727e-08
2 March 2026,HEL1OS,B-Class,74999,75014,75191,3.470765497016764e-07,1.7662048741024727e-08
2 March 2026,HEL1OS,B-Class,76668,76724,76803,2.931024370512586e-07,-1.3506926888461447e-08
2 March 2026,HEL1OS,B-Class,77030,77060,77156,3.4266154312871667e-07,-1.3506926888461447e-08
2 March 2026,HEL1OS,B-Class,78058,78068,78432,4.3812923450296747e-07,1.9126301951662747e-08
2 March 2026,HEL1OS,B-Class,79778,79794,79927,3.3282940641115203e-07,-5.4583881079985916e-08
2 March 2026,HEL1OS,B-Class,80279,80355,80426,4.935716452623951e-07,-5.4583881079985916e-08
2 March 2026,HEL1OS,B-Class,80563,80616,80761,3.692466376782152e-07,1.1174031752451857e-08
2 March 2026,HEL1OS,B-Class,80792,80930,80966,4.1828091819191554e-07,1.1174031752451857e-08
2 March 2026,HEL1OS,B-Class,83691,83812,83866,3.569177874405778e-07,-7.906765092526765e-08
2 March 2026,HEL1OS,B-Class,84279,84299,84467,4.031297401152652e-07,-7.906765092526765e-08
2 March 2026,HEL1OS,B-Class,84832,84886,84991,3.160066740823024e-07,-1.9462028516532816e-08
2 March 2026,HEL1OS,B-Class,85108,85178,85306,3.180463140863472e-07,-1.9462028516532816e-08
2 March 2026,HEL1OS,B-Class,85309,85452,85579,5.742228739002728e-07,-1.9462028516532816e-08
2 March 2026,HEL1OS,B-Class,85607,85684,85852,3.100364040853363e-07,5.718475073313575e-09
2 March 2026,HEL1OS,B-Class,86052,86170,86185,3.147163515016573e-07,-1.5148460410557197e-07
2 March 2026,HEL1OS,B-Class,86186,86322,86388,3.0205480837292887e-07,-1.5148460410557197e-07
2 May 2026,SoLEXS,B-Class,9602,9778,9826,6.650723025583745e-07,8.99777530589512e-08
2 May 2026,SoLEXS,C-Class,66981,67096,67492,4.4484042875921155e-06,1.3762261098189417e-07
2 May 2026,HEL1OS,B-Class,43455,43473,43628,5.313894225907384e-07,-1.1119223379512194e-07
2 May 2026,HEL1OS,B-Class,43629,43736,43767,6.92901203357241e-07,-1.1119223379512194e-07
2 May 2026,HEL1OS,B-Class,45190,45275,45646,4.942218626756827e-07,1.743553443219679e-08
2 May 2026,HEL1OS,B-Class,45741,45829,45902,4.1519769440791313e-07,-1.632520982910245e-08
2 May 2026,HEL1OS,B-Class,45903,45985,46064,3.4873293558498094e-07,-1.632520982910245e-08
2 May 2026,HEL1OS,B-Class,46072,46359,46735,5.125988472039458e-07,-1.632520982910245e-08
2 May 2026,HEL1OS,B-Class,46744,46805,46933,3.136009707755981e-07,-2.6251390433814435e-08
2 May 2026,HEL1OS,B-Class,47086,47105,47686,5.10271008190901e-07,-2.6251390433814435e-08
2 May 2026,HEL1OS,B-Class,48427,48585,48599,3.7147942157951957e-07,6.81565375669888e-10
2 May 2026,HEL1OS,B-Class,48600,48611,48969,4.994680958640736e-07,6.81565375669888e-10
2 May 2026,HEL1OS,B-Class,49010,49088,49151,3.140206289816856e-07,6.81565375669888e-10
2 May 2026,HEL1OS,B-Class,49311,49324,49514,3.8348164627362365e-07,6.81565375669888e-10
2 May 2026,HEL1OS,B-Class,49555,49675,49884,3.859773485691034e-07,6.81565375669888e-10
2 May 2026,HEL1OS,B-Class,50830,50932,50991,3.7366063302658184e-07,1.380119324501928e-08
2 May 2026,HEL1OS,B-Class,50992,51121,51236,4.746577004752586e-07,1.380119324501928e-08
2 May 2026,HEL1OS,B-Class,51237,51303,51429,4.6438062493678193e-07,1.380119324501928e-08
2 May 2026,HEL1OS,B-Class,51431,51449,51618,5.812094246131859e-07,1.380119324501928e-08
2 May 2026,HEL1OS,B-Class,51630,51650,51777,3.8155526342399283e-07,1.380119324501928e-08
2 May 2026,HEL1OS,B-Class,51790,51980,52006,3.863889169784471e-07,1.380119324501928e-08
2 May 2026,HEL1OS,B-Class,52062,52117,52425,5.329487309131167e-07,7.980584487814464e-09
2 May 2026,HEL1OS,B-Class,52426,52480,52631,4.0425422186266123e-07,7.980584487814464e-09
2 May 2026,HEL1OS,B-Class,52667,52766,53090,3.6914147032054503e-07,7.980584487814464e-09
2 May 2026,HEL1OS,B-Class,53131,53565,53578,3.5382849630901756e-07,7.980584487814464e-09
2 May 2026,HEL1OS,B-Class,53579,53714,53731,3.761290322580511e-07,1.9312367276771485e-08
2 May 2026,HEL1OS,B-Class,56442,56471,56660,3.9941551218524207e-07,-1.0591566386894098e-08
2 May 2026,HEL1OS,B-Class,56670,56685,56798,5.662817271715846e-07,-1.0591566386894098e-08
2 May 2026,HEL1OS,B-Class,56805,56820,56971,6.643118616644521e-07,-1.0591566386894098e-08
2 May 2026,HEL1OS,B-Class,56972,56990,57119,4.4718576195771485e-07,-1.0591566386894098e-08
2 May 2026,HEL1OS,B-Class,57123,57237,57307,4.126079482252862e-07,-1.0591566386894098e-08
2 May 2026,HEL1OS,B-Class,57404,57454,57644,4.7629082819292464e-07,-1.0591566386894098e-08
2 May 2026,HEL1OS,B-Class,57788,57896,58074,4.788401253918324e-07,7.948225300839054e-09
2 May 2026,HEL1OS,B-Class,58170,58265,58400,3.742289412478378e-07,7.948225300839054e-09
2 May 2026,HEL1OS,B-Class,58865,59041,59064,3.1962888057436417e-07,2.3256143189401566e-08
2 May 2026,HEL1OS,B-Class,59073,59106,59344,5.046637678228154e-07,2.3256143189401566e-08
2 May 2026,HEL1OS,B-Class,59465,59631,59645,3.9214379613710803e-07,2.3256143189401566e-08
2 May 2026,HEL1OS,B-Class,59943,60119,60134,3.5360097077559664e-07,2.3256143189401566e-08
2 May 2026,HEL1OS,B-Class,60225,60377,60440,4.044675902517805e-07,2.9862473455353386e-08
2 May 2026,HEL1OS,B-Class,61321,61566,61752,5.513388613610886e-07,1.7235311962786337e-08
2 May 2026,HEL1OS,B-Class,61762,61803,61888,3.8211851552228385e-07,1.7235311962786337e-08
2 May 2026,HEL1OS,B-Class,61923,62167,62493,4.0661138638890243e-07,1.7235311962786337e-08
2 May 2026,HEL1OS,B-Class,65424,65454,65604,3.5685509151581296e-07,7.011831327737649e-09
2 May 2026,HEL1OS,B-Class,65607,65719,65739,4.593892203458225e-07,7.011831327737649e-09
2 May 2026,HEL1OS,B-Class,66128,66284,66323,3.3394074223883934e-07,7.011831327737649e-09
2 May 2026,HEL1OS,B-Class,66329,66579,66610,3.590342805136893e-07,7.011831327737649e-09
2 May 2026,HEL1OS,C-Class,66959,67030,67405,2.1972353119627086e-06,8.709879664273125e-08
2 May 2026,HEL1OS,B-Class,67983,68005,68599,3.750935382748375e-07,3.42420871675587e-08
2 May 2026,HEL1OS,B-Class,68607,68786,68837,6.635200728081471e-07,-1.579431691778689e-08
2 May 2026,HEL1OS,B-Class,68838,68906,69202,3.8449691576497765e-07,-1.579431691778689e-08
2 May 2026,HEL1OS,B-Class,69203,69354,69405,4.236919809889625e-07,-2.0507634745676227e-09
2 May 2026,HEL1OS,B-Class,69676,69695,69920,3.5077055313983985e-07,-2.0507634745676227e-09
2 May 2026,HEL1OS,B-Class,69921,70059,70139,3.832915360501431e-07,-2.0507634745676227e-09
2 May 2026,HEL1OS,B-Class,70141,70204,70276,3.8209424613205233e-07,-2.0507634745676227e-09
2 May 2026,HEL1OS,B-Class,70860,70918,70995,3.9017696430375794e-07,1.4027707553847217e-08
2 May 2026,HEL1OS,B-Class,71114,71429,71498,3.743968045302728e-07,1.4027707553847217e-08
2 May 2026,HEL1OS,B-Class,71539,71626,71685,4.481059763373285e-07,1.4027707553847217e-08
2 May 2026,HEL1OS,B-Class,71734,71782,71970,3.5978663161086786e-07,2.1135605217918146e-08
2 May 2026,HEL1OS,B-Class,71973,72085,72115,3.7757508342601546e-07,2.1135605217918146e-08
2 May 2026,HEL1OS,B-Class,72160,72219,72290,3.233562544240961e-07,2.1135605217918146e-08
2 May 2026,HEL1OS,B-Class,73126,73220,73267,4.4189907978560464e-07,-1.318636869248613e-08
2 May 2026,HEL1OS,B-Class,73274,73316,73466,5.599474163211449e-07,-1.318636869248613e-08
2 May 2026,HEL1OS,B-Class,73468,73480,73627,5.100778642936414e-07,-1.318636869248613e-08
2 May 2026,HEL1OS,B-Class,73662,73838,73866,3.626524421073791e-07,-1.318636869248613e-08
2 May 2026,HEL1OS,B-Class,74186,74298,74472,3.316240266963174e-07,-1.318636869248613e-08
2 May 2026,HEL1OS,B-Class,74627,74664,74751,3.1892203458386973e-07,2.8293052887045213e-08
2 May 2026,HEL1OS,B-Class,74754,74903,74916,4.712063909394108e-07,4.846799474163038e-09
2 May 2026,HEL1OS,B-Class,74947,75057,75143,4.2057033067042694e-07,4.846799474163038e-09
2 May 2026,HEL1OS,B-Class,75307,75609,75900,3.8733137829910643e-07,4.846799474163038e-09
2 May 2026,HEL1OS,B-Class,76819,77081,77159,5.533613105470527e-07,2.515117807664994e-08
2 May 2026,HEL1OS,B-Class,77218,77287,77401,3.262079077763054e-07,2.270300333704039e-08
2 May 2026,HEL1OS,B-Class,77578,77679,77736,3.558044291637046e-07,1.982809181919236e-08
2 May 2026,HEL1OS,B-Class,78062,78163,78185,3.2569723935684953e-07,1.982809181919236e-08
2 May 2026,HEL1OS,B-Class,78286,78298,78457,3.906724643543192e-07,1.982809181919236e-08
2 May 2026,HEL1OS,B-Class,78872,79191,79385,5.462695924764696e-07,3.478814844776902e-08
2 May 2026,HEL1OS,B-Class,79475,79576,79611,4.307523510971633e-07,1.8679340681564737e-08
2 May 2026,HEL1OS,B-Class,79751,79895,79908,3.790514713317693e-07,1.8679340681564737e-08
2 May 2026,HEL1OS,B-Class,80016,80090,80265,3.833481646273501e-07,1.8679340681564737e-08
2 May 2026,HEL1OS,B-Class,80330,80390,80578,3.898786530488283e-07,5.2227727778337674e-08
2 May 2026,HEL1OS,B-Class,80699,80710,80885,3.5214076246333056e-07,1.6891495601172354e-08
2 May 2026,HEL1OS,B-Class,81063,81133,81222,3.628951360096948e-07,1.6891495601172354e-08
2 May 2026,HEL1OS,B-Class,81223,81349,81380,3.67506320153693e-07,1.6891495601172354e-08
2 May 2026,HEL1OS,B-Class,81447,81525,81573,3.584437253513878e-07,1.5951056729699058e-08
2 May 2026,HEL1OS,B-Class,81645,81762,81911,3.193851754474555e-07,1.5951056729699058e-08
2 May 2026,HEL1OS,B-Class,81942,82092,82171,3.61754474668811e-07,1.5951056729699058e-08
2 May 2026,HEL1OS,B-Class,82178,82226,82411,5.14383658610559e-07,1.5951056729699058e-08
2 May 2026,HEL1OS,B-Class,83686,83747,83944,3.558883608049221e-07,1.823035696228067e-08
2 May 2026,HEL1OS,B-Class,83956,84103,84156,3.631540095054982e-07,-1.7012842552330257e-08
2 May 2026,HEL1OS,B-Class,84171,84223,84349,3.697431489533693e-07,-7.021033471533779e-08
2 May 2026,HEL1OS,B-Class,84479,84607,84660,3.688441702902083e-07,-7.021033471533779e-08
2 May 2026,HEL1OS,B-Class,84663,84681,84872,4.5822327839011406e-07,-7.021033471533779e-08
2 May 2026,HEL1OS,B-Class,85047,85083,85183,3.538345636565755e-07,-7.021033471533779e-08
2 May 2026,HEL1OS,B-Class,85189,85204,85348,3.4198098897763974e-07,-7.021033471533779e-08
2 May 2026,HEL1OS,B-Class,85466,85602,85787,4.4096774193546813e-07,-3.044493882091099e-08
2 May 2026,HEL1OS,B-Class,85913,85925,86104,4.488633835574721e-07,-4.4301749418544296e-08
2 May 2026,HEL1OS,B-Class,86195,86324,86378,4.6223581757506693e-07,-4.4301749418544296e-08
2 feb 2026,SoLEXS,M-Class,17148,17246,17398,2.0258223278389408e-05,3.4839670340781444e-06
2 feb 2026,SoLEXS,M-Class,28539,28709,28709,7.267875417129884e-05,1.0216741834361049e-05
2 feb 2026,SoLEXS,M-Class,84366,84449,84533,1.872003640408468e-05,2.9037961371219515e-06
2 feb 2026,HEL1OS,X-Class,1116,1185,1342,0.00018850998280917522,2.4580577409241716e-05
2 feb 2026,HEL1OS,X-Class,2000,2124,2432,0.0008005043078167377,2.4118550915157398e-05
2 feb 2026,HEL1OS,M-Class,9603,9681,9791,3.6458318333500573e-05,1.239424613206549e-06
2 feb 2026,HEL1OS,M-Class,10008,10115,10402,2.165619577308043e-05,1.239424613206549e-06
2 feb 2026,HEL1OS,M-Class,13472,13545,13781,1.0156693295580586e-05,1.822034583881015e-07
2 feb 2026,HEL1OS,M-Class,16809,17215,17931,1.6579248660126823e-05,9.95065223986212e-08
2 feb 2026,HEL1OS,C-Class,18713,18786,19049,2.621541106279611e-06,9.94488825968213e-08
2 feb 2026,HEL1OS,C-Class,19134,19331,19940,5.740620891899886e-06,2.2683587824855093e-07
2 feb 2026,HEL1OS,C-Class,21076,21277,21675,1.7329598543835971e-06,3.321063808271698e-08
2 feb 2026,HEL1OS,B-Class,21874,21952,22031,4.2574274446353015e-07,2.023258165638515e-08
2 feb 2026,HEL1OS,C-Class,22032,22419,22648,4.362674689048282e-06,2.023258165638515e-08
2 feb 2026,HEL1OS,C-Class,25064,25087,25275,3.5708201031447816e-06,3.9783193447263214e-07
2 feb 2026,HEL1OS,C-Class,26955,27023,27208,1.7778278895742108e-06,1.3209323490746818e-07
2 feb 2026,HEL1OS,X-Class,27904,28767,28965,0.00014853935787237813,5.896915764991194e-07
2 feb 2026,HEL1OS,B-Class,36337,36657,36782,5.585721508746893e-07,2.62089190009092e-08
2 feb 2026,HEL1OS,B-Class,36783,36869,36936,4.3604307816764553e-07,2.471635150166762e-08
2 feb 2026,HEL1OS,C-Class,36939,37393,37610,5.407683284457285e-06,2.471635150166762e-08
2 feb 2026,HEL1OS,C-Class,39299,39465,39898,4.209795732632068e-06,4.491657397107736e-08
2 feb 2026,HEL1OS,B-Class,40021,40226,40297,3.807907776316984e-07,6.269592476489482e-10
2 feb 2026,HEL1OS,B-Class,40362,40496,40511,3.2993932652440926e-07,6.269592476489482e-10
2 feb 2026,HEL1OS,B-Class,40512,40561,82746,3.71338861361095e-07,6.269592476489482e-10
2 feb 2026,HEL1OS,C-Class,83717,83903,83959,1.3596733744564183e-06,8.949742137728472e-08
2 feb 2026,HEL1OS,M-Class,84218,84334,84928,2.3506539589441974e-05,1.0784710284153728e-07
2 feb 2026,HEL1OS,B-Class,85682,85866,85963,3.479320457073392e-07,3.109515623419856e-09
2 feb 2026,HEL1OS,B-Class,86076,86154,86281,3.592982101324576e-07,-1.1177419354838715e-07
30 April 2026,SoLEXS,C-Class,1738,1833,2248,2.1198907877438825e-06,1.3644251188188412e-07
30 April 2026,SoLEXS,B-Class,82149,82188,82280,4.338507432500603e-07,7.044392759631663e-08
30 April 2026,HEL1OS,B-Class,1720,1809,2230,7.607290929315131e-07,-2.430983921528885e-09
30 April 2026,HEL1OS,C-Class,43183,43826,44159,3.696861158863252e-06,-3.153888158559904e-07
30 April 2026,HEL1OS,B-Class,44273,44368,44470,3.444453433107371e-07,-3.153888158559904e-07
30 April 2026,HEL1OS,B-Class,44471,44520,44676,3.6900091010212046e-07,1.3144908484173873e-08
30 April 2026,HEL1OS,B-Class,44733,44811,44914,3.402356153301527e-07,1.3144908484173873e-08
30 April 2026,HEL1OS,B-Class,44916,44966,45060,4.814399838203893e-07,2.2488623723328146e-08
30 April 2026,HEL1OS,B-Class,45330,45348,45482,3.7610577409241253e-07,2.2488623723328146e-08
30 April 2026,HEL1OS,B-Class,45515,45537,45640,3.7872484578823604e-07,2.2488623723328146e-08
30 April 2026,HEL1OS,B-Class,45948,45962,46138,3.4465770047526324e-07,-4.8923045808472115e-09
30 April 2026,HEL1OS,B-Class,46193,46401,46688,3.7535645666901283e-07,-4.8923045808472115e-09
30 April 2026,HEL1OS,B-Class,46838,46927,47004,5.263504904439088e-07,-3.4314895338253405e-08
30 April 2026,HEL1OS,B-Class,47047,47237,47270,3.788896753968921e-07,-3.4314895338253405e-08
30 April 2026,HEL1OS,B-Class,47447,47714,47746,3.9487106886438066e-07,-3.4314895338253405e-08
30 April 2026,HEL1OS,B-Class,47747,47841,47966,4.359186975427087e-07,1.2439073718272421e-08
30 April 2026,HEL1OS,B-Class,48099,48282,48344,3.529163717261478e-07,1.2439073718272421e-08
30 April 2026,HEL1OS,B-Class,48385,48423,48543,3.157022954798148e-07,1.2439073718272421e-08
30 April 2026,HEL1OS,B-Class,48544,48619,48669,4.3560825159266316e-07,1.2439073718272421e-08
30 April 2026,HEL1OS,B-Class,48790,48828,48915,4.968318333501694e-07,3.520982910304256e-08
30 April 2026,HEL1OS,B-Class,48916,48927,49097,4.7144301749416863e-07,1.4555566791383824e-08
30 April 2026,HEL1OS,B-Class,49479,49624,49711,3.236565881282117e-07,1.4555566791383824e-08
30 April 2026,HEL1OS,B-Class,49758,49976,50026,3.4904439275961947e-07,1.4555566791383824e-08
30 April 2026,HEL1OS,B-Class,51439,51533,51671,3.7213065021739997e-07,6.2837496207906005e-09
30 April 2026,HEL1OS,B-Class,51675,51686,51798,4.76098695520258e-07,6.2837496207906005e-09
30 April 2026,HEL1OS,B-Class,52837,52890,52962,3.48897765193637e-07,3.013550409545856e-08
30 April 2026,HEL1OS,B-Class,53765,53772,54042,4.1361613914448925e-07,4.854484781069701e-08
30 April 2026,HEL1OS,B-Class,54051,54264,54343,4.44809384164207e-07,9.910001011224223e-09
30 April 2026,HEL1OS,B-Class,54485,54626,54659,3.882879967640675e-07,9.910001011224223e-09
30 April 2026,HEL1OS,B-Class,54700,54755,54850,3.3980786732732123e-07,9.910001011224223e-09
30 April 2026,HEL1OS,B-Class,55079,55216,55437,4.593194458489067e-07,3.2361209424612056e-08
30 April 2026,HEL1OS,B-Class,55438,55452,55682,3.706957225199584e-07,1.9426635655778485e-08
30 April 2026,HEL1OS,B-Class,55868,56124,56251,3.815805440388174e-07,1.9426635655778485e-08
30 April 2026,HEL1OS,B-Class,57657,57714,57810,4.1010516735765543e-07,2.9893821417735846e-08
30 April 2026,HEL1OS,B-Class,58159,58184,58441,4.1500050561228166e-07,2.9893821417735846e-08
30 April 2026,HEL1OS,B-Class,58614,58710,58766,3.28495297805631e-07,2.1263019516633915e-08
30 April 2026,HEL1OS,B-Class,58768,58976,59076,4.193942764687888e-07,2.1263019516633915e-08
30 April 2026,HEL1OS,B-Class,59077,59259,59290,3.3302962888056247e-07,-3.0134492870862957e-10
30 April 2026,HEL1OS,B-Class,59435,59493,59591,4.2464354333095865e-07,-3.0134492870862957e-10
30 April 2026,HEL1OS,B-Class,59764,60023,60121,4.6116998685406385e-07,-3.0134492870862957e-10
30 April 2026,HEL1OS,B-Class,60122,60154,60394,5.059520679542745e-07,-3.0134492870862957e-10
30 April 2026,HEL1OS,B-Class,60396,60498,60569,3.6589442815247967e-07,1.696228132268115e-08
30 April 2026,HEL1OS,B-Class,60865,60960,60996,3.700505612296359e-07,1.696228132268115e-08
30 April 2026,HEL1OS,B-Class,61633,61648,61757,3.87411265041952e-07,2.6417231267063488e-08
30 April 2026,HEL1OS,B-Class,62167,62311,62372,3.930943472545112e-07,-1.0559207199918707e-08
30 April 2026,HEL1OS,B-Class,62379,62637,62661,5.111527960359814e-07,-1.0559207199918707e-08
30 April 2026,HEL1OS,B-Class,62864,62994,63007,4.3154211750428224e-07,-1.0559207199918707e-08
30 April 2026,HEL1OS,B-Class,63078,63093,63241,3.6409343715237863e-07,-1.0559207199918707e-08
30 April 2026,HEL1OS,B-Class,64658,64753,64807,3.339953483668604e-07,-1.2939629891798519e-08
30 April 2026,HEL1OS,B-Class,64889,65147,65172,4.098968550915012e-07,-1.2939629891798519e-08
30 April 2026,HEL1OS,B-Class,65337,65472,65567,3.541500657295859e-07,-1.2939629891798519e-08
30 April 2026,HEL1OS,B-Class,65658,65674,65897,3.75121852563441e-07,-1.2939629891798519e-08
30 April 2026,HEL1OS,B-Class,66233,66392,66460,4.2351097178681874e-07,1.2822327839012845e-09
30 April 2026,HEL1OS,B-Class,70380,70422,70534,3.6150470219434447e-07,1.912832440084877e-08
30 April 2026,HEL1OS,B-Class,70869,71032,71055,4.058276873293414e-07,-1.1199312367276332e-08
30 April 2026,HEL1OS,B-Class,71257,71310,71428,4.1335827687327883e-07,-1.1199312367276332e-08
30 April 2026,HEL1OS,B-Class,71914,71929,72056,3.384002426938903e-07,-2.7054302760642173e-08
30 April 2026,HEL1OS,B-Class,72057,72077,72206,3.461583577712487e-07,-2.7054302760642173e-08
30 April 2026,HEL1OS,B-Class,72208,72367,72390,3.4384872080087766e-07,-2.7054302760642173e-08
30 April 2026,HEL1OS,B-Class,73503,73680,73701,3.934229952472304e-07,-2.01476387905747e-08
30 April 2026,HEL1OS,B-Class,73705,73830,73851,3.703104459500323e-07,-2.01476387905747e-08
30 April 2026,HEL1OS,B-Class,73853,73951,74004,3.9978056426330864e-07,-2.01476387905747e-08
30 April 2026,HEL1OS,B-Class,74035,74057,74184,3.6825462635249973e-07,-2.01476387905747e-08
30 April 2026,HEL1OS,B-Class,74215,74387,74399,3.9053291536048756e-07,-2.01476387905747e-08
30 April 2026,HEL1OS,B-Class,74400,74510,74629,4.1071493578722375e-07,-2.01476387905747e-08
30 April 2026,HEL1OS,B-Class,74630,74764,74779,3.6952978056425015e-07,-2.01476387905747e-08
30 April 2026,HEL1OS,B-Class,74780,74902,74918,4.4122964910505055e-07,1.1565375669935903e-08
30 April 2026,HEL1OS,B-Class,74919,75145,75228,3.575224997471811e-07,1.1565375669935903e-08
30 April 2026,HEL1OS,B-Class,75229,75248,75354,3.742006269592343e-07,1.1565375669935903e-08
30 April 2026,HEL1OS,B-Class,75370,75512,75525,3.4830923248052147e-07,1.1565375669935903e-08
30 April 2026,HEL1OS,B-Class,76195,76209,76344,3.570886843967918e-07,2.930427748002729e-08
30 April 2026,HEL1OS,B-Class,76932,77163,77462,3.9039134391747013e-07,-4.926686217008624e-09
30 April 2026,HEL1OS,B-Class,77979,78076,78155,4.0364950955605803e-07,-1.5825664880169165e-09
30 April 2026,HEL1OS,B-Class,78156,78173,78324,3.439033269288986e-07,-1.5825664880169165e-09
30 April 2026,HEL1OS,B-Class,78333,78373,78492,3.143674790170785e-07,-1.5825664880169165e-09
30 April 2026,HEL1OS,B-Class,81355,81367,81530,3.912377389017961e-07,5.062089190008919e-08
30 April 2026,HEL1OS,B-Class,81531,81657,81688,3.295166346445428e-07,9.704722418848916e-09
30 April 2026,HEL1OS,B-Class,82036,82098,82178,5.298260693699881e-07,9.704722418848916e-09
30 April 2026,HEL1OS,B-Class,82301,82340,82423,3.627565982404563e-07,9.704722418848916e-09
30 April 2026,HEL1OS,B-Class,82592,82741,82772,4.0050055617351187e-07,9.040347861259284e-10
30 April 2026,HEL1OS,B-Class,82842,82879,82969,3.891414703205443e-07,9.040347861259284e-10
30 April 2026,HEL1OS,B-Class,83026,83044,83189,4.612913338052217e-07,9.040347861259284e-10
30 April 2026,HEL1OS,B-Class,83333,83347,83489,5.703367377894426e-07,9.040347861259284e-10
30 April 2026,HEL1OS,B-Class,83732,83850,83864,3.4364849833146717e-07,4.90443927596301e-09
30 April 2026,HEL1OS,B-Class,84292,84470,84501,3.7602689857415994e-07,4.90443927596301e-09
30 April 2026,HEL1OS,B-Class,84580,84597,84925,4.3595409040346307e-07,-1.7416321164930062e-08
30 April 2026,HEL1OS,B-Class,85098,85111,85311,3.932682778845041e-07,-1.7416321164930062e-08
30 April 2026,HEL1OS,B-Class,85399,85553,85595,3.907159470118174e-07,-1.7416321164930062e-08
30 April 2026,HEL1OS,B-Class,85736,85887,85960,3.5832136717563686e-07,2.683790069774437e-09
30 April 2026,HEL1OS,B-Class,85961,86040,86148,3.912316715542382e-07,-9.292521994134908e-08
30 May 2026,SoLEXS,C-Class,27477,27858,27909,1.1979502477499823e-06,1.0918899787642446e-07
30 May 2026,SoLEXS,C-Class,42709,42799,43074,1.7877004752754947e-06,3.815451511780631e-08
30 May 2026,HEL1OS,B-Class,42715,42786,42863,4.028101931438829e-07,-2.8650419658205066e-07
30 march 2026,SoLEXS,M-Class,10561,11423,11423,8.491452624127516e-05,2.90206289816958e-07
30 march 2026,HEL1OS,M-Class,10393,11365,11373,4.405056122964753e-05,-4.0448983719280525e-12
30 march 2026,HEL1OS,B-Class,43216,43355,43415,4.0346243300635637e-07,-1.9882394579835475e-07
30 march 2026,HEL1OS,B-Class,43416,43793,43807,4.714076246334143e-07,-1.9882394579835475e-07
30 march 2026,HEL1OS,B-Class,45628,45838,45863,4.146101729193906e-07,4.0626959247647506e-08
30 march 2026,HEL1OS,B-Class,46064,46216,46234,4.657386995651568e-07,1.1337850136514927e-08
30 march 2026,HEL1OS,B-Class,46531,46675,46753,3.157700475275446e-07,1.1337850136514927e-08
30 march 2026,HEL1OS,B-Class,51143,51161,51582,4.77397107897647e-07,2.817069471129438e-08
30 march 2026,HEL1OS,B-Class,51787,52045,52355,4.2889776519363425e-07,1.7040145616340787e-08
30 march 2026,HEL1OS,B-Class,53382,53503,53522,3.733764789159539e-07,1.3016482960865126e-08
30 march 2026,HEL1OS,B-Class,53593,53841,53886,4.883102437051094e-07,1.3016482960865126e-08
30 march 2026,HEL1OS,B-Class,53971,54035,54093,4.369400343816206e-07,1.3016482960865126e-08
30 march 2026,HEL1OS,B-Class,54094,54155,54291,3.9678430579430275e-07,1.3016482960865126e-08
30 march 2026,HEL1OS,B-Class,54292,54348,54517,4.335918697542569e-07,1.3016482960865126e-08
30 march 2026,HEL1OS,B-Class,58099,58111,58245,3.1726059257760013e-07,2.7792496713519082e-08
30 march 2026,HEL1OS,B-Class,58537,58662,58703,3.569814945899357e-07,2.4049954494892498e-08
30 march 2026,HEL1OS,B-Class,58878,58979,59010,3.19018100920203e-07,2.4049954494892498e-08
30 march 2026,HEL1OS,B-Class,59450,59535,59574,3.0293861866719515e-07,2.4049954494892498e-08
30 march 2026,HEL1OS,B-Class,60332,60343,60472,3.6303771867730526e-07,-8.611184143998075e-08
30 march 2026,HEL1OS,B-Class,60473,60492,60669,4.229143492769593e-07,-8.611184143998075e-08
30 march 2026,HEL1OS,B-Class,60734,60860,60874,2.9257154413994305e-07,-8.611184143998075e-08
30 march 2026,HEL1OS,B-Class,60886,60903,61058,3.689857417332258e-07,-8.611184143998075e-08
30 march 2026,HEL1OS,B-Class,61353,61385,61614,3.2304176357567864e-07,-8.611184143998075e-08
30 march 2026,HEL1OS,B-Class,61754,61849,61953,5.124967135200545e-07,4.262008292041509e-08
30 march 2026,HEL1OS,B-Class,62073,62091,62245,3.6751440995043687e-07,8.263727373849442e-09
30 march 2026,HEL1OS,B-Class,62466,62552,62617,3.399069673374335e-07,8.263727373849442e-09
30 march 2026,HEL1OS,B-Class,62825,62977,63027,3.378410354939712e-07,8.263727373849442e-09
30 march 2026,HEL1OS,B-Class,63102,63243,63268,3.2806653857820654e-07,8.870462129638691e-09
30 march 2026,HEL1OS,B-Class,63303,63556,63576,4.1753766811607367e-07,8.870462129638691e-09
30 march 2026,HEL1OS,B-Class,63657,63868,63888,3.2856810597632564e-07,8.870462129638691e-09
30 march 2026,HEL1OS,B-Class,64824,64962,65140,3.7758115077357334e-07,1.69653149964601e-08
30 march 2026,HEL1OS,B-Class,65434,65455,65556,3.2432399635957986e-07,-1.1019112144806971e-07
30 march 2026,HEL1OS,B-Class,65572,65654,65843,3.535736677115861e-07,-1.1019112144806971e-07
30 march 2026,HEL1OS,B-Class,66232,66374,66394,3.414966123976013e-07,-1.1019112144806971e-07
30 march 2026,HEL1OS,B-Class,66608,66629,66795,3.458873495803295e-07,1.3068055415107232e-08
30 march 2026,HEL1OS,B-Class,66797,66815,67063,3.741834361411536e-07,1.3068055415107232e-08
30 march 2026,HEL1OS,B-Class,67203,67251,67330,3.6513600970774307e-07,3.351198301142564e-08
30 march 2026,HEL1OS,B-Class,67331,67401,67466,3.4693700070784487e-07,-4.32500758418427e-09
30 march 2026,HEL1OS,B-Class,67467,67569,67687,3.6276165436342115e-07,-4.32500758418427e-09
30 march 2026,HEL1OS,B-Class,67858,67964,68070,3.4120234604104356e-07,-4.32500758418427e-09
30 march 2026,HEL1OS,B-Class,68185,68207,68342,3.449954494893194e-07,-4.32500758418427e-09
30 march 2026,HEL1OS,B-Class,70037,70308,70363,4.0047628678328024e-07,4.843057943169006e-08
30 march 2026,HEL1OS,B-Class,70365,70378,70560,5.056102740418467e-07,1.431894023662605e-08
30 march 2026,HEL1OS,B-Class,70696,70733,70836,2.936687228233286e-07,1.431894023662605e-08
30 march 2026,HEL1OS,B-Class,70852,70924,70989,3.9675498028110627e-07,1.431894023662605e-08
30 march 2026,HEL1OS,B-Class,70990,71158,71171,4.627565982404527e-07,2.3015471736271967e-09
30 march 2026,HEL1OS,B-Class,71296,71499,71514,3.650288199008869e-07,2.3015471736271967e-09
30 march 2026,HEL1OS,B-Class,71561,71682,71752,3.097239356861048e-07,2.3015471736271967e-09
30 march 2026,HEL1OS,B-Class,71765,71844,71889,3.3996865203760543e-07,2.3015471736271967e-09
30 march 2026,HEL1OS,B-Class,71963,72035,72212,3.9116290828191547e-07,2.3015471736271967e-09
30 march 2026,HEL1OS,B-Class,72214,72395,72442,3.859075740721877e-07,1.4994438264738085e-08
30 march 2026,HEL1OS,B-Class,72524,72585,72697,3.0876933967032977e-07,1.4994438264738085e-08
30 march 2026,HEL1OS,B-Class,72889,72939,73022,3.628364849833018e-07,1.4994438264738085e-08
30 march 2026,HEL1OS,B-Class,73023,73094,73183,3.755263424006338e-07,1.4994438264738085e-08
30 march 2026,HEL1OS,B-Class,73637,73655,73857,4.217716654868896e-07,4.548488219233354e-09
30 march 2026,HEL1OS,B-Class,73993,74055,74187,3.5242289412477255e-07,4.548488219233354e-09
30 march 2026,HEL1OS,B-Class,74223,74332,74347,3.773414905450366e-07,4.548488219233354e-09
30 march 2026,HEL1OS,B-Class,74522,74646,74698,4.847416321164757e-07,4.548488219233354e-09
30 march 2026,HEL1OS,B-Class,74699,74754,74853,4.517150369096816e-07,4.548488219233354e-09
30 march 2026,HEL1OS,B-Class,75072,75094,75205,3.5086763070076613e-07,1.686115886338297e-08
30 march 2026,HEL1OS,B-Class,75318,75356,75445,3.320932349074611e-07,1.686115886338297e-08
30 march 2026,HEL1OS,B-Class,75542,75557,75668,4.4635049044391165e-07,2.4269390231569566e-08
30 march 2026,HEL1OS,B-Class,78041,78260,78305,3.210638082718057e-07,1.712407725755829e-08
30 march 2026,HEL1OS,B-Class,78866,79011,79052,3.5853473556475614e-07,1.712407725755829e-08
30 march 2026,HEL1OS,B-Class,79191,79363,79425,3.440954596015652e-07,1.7914854889270277e-08
30 march 2026,HEL1OS,B-Class,79426,79519,79563,2.8606330265951046e-07,1.7914854889270277e-08
30 march 2026,HEL1OS,B-Class,79594,79692,79789,3.713540297299898e-07,1.7914854889270277e-08
30 march 2026,HEL1OS,B-Class,81496,81527,81681,5.403883102436859e-07,7.004752755586765e-09
30 march 2026,HEL1OS,B-Class,81909,82019,82077,3.5912023460409273e-07,7.004752755586765e-09
30 march 2026,HEL1OS,B-Class,82117,82237,82275,3.3369096976437274e-07,7.004752755586765e-09
30 march 2026,HEL1OS,B-Class,82614,82734,82786,4.049671352007136e-07,-1.5316007685306354e-08
30 march 2026,HEL1OS,B-Class,82976,83054,83149,3.5498230356961013e-07,-1.5316007685306354e-08
30 march 2026,HEL1OS,B-Class,83246,83425,83513,4.635483870967576e-07,-1.5316007685306354e-08
30 march 2026,HEL1OS,B-Class,84134,84255,84326,3.715138032156809e-07,3.501162908281805e-08
30 march 2026,HEL1OS,B-Class,84329,84346,84506,4.7510263929617074e-07,-6.880068763272076e-08
30 march 2026,HEL1OS,B-Class,84532,84544,84745,3.6870361007178374e-07,-6.880068763272076e-08
30 march 2026,HEL1OS,B-Class,85238,85281,85426,4.141096167458644e-07,-7.205278592375105e-08
30 march 2026,HEL1OS,B-Class,85508,85635,85695,3.151319648093729e-07,-7.205278592375105e-08
30 march 2026,HEL1OS,B-Class,85760,85903,85987,3.9165840833247663e-07,-7.205278592375105e-08
30 march 2026,HEL1OS,B-Class,86018,86163,86381,5.14670846394966e-07,-9.5707478005865e-08
31 January 2026,SoLEXS,C-Class,16347,16806,16882,2.3655839822023625e-06,1.536393973101371e-07
31 January 2026,SoLEXS,C-Class,38742,38878,38905,1.8867357670137864e-06,2.8922742441095135e-07
31 January 2026,SoLEXS,C-Class,69457,69643,69680,4.072570532915216e-06,6.392365254322756e-07
31 January 2026,HEL1OS,B-Class,16286,16450,16869,6.67748002831405e-07,-1.2316715542521557e-09
31 January 2026,HEL1OS,B-Class,38672,39089,39227,9.022833451309214e-07,-2.052785923753592e-09
31 January 2026,HEL1OS,B-Class,43223,43826,43830,5.33894225907555e-07,-2.409636970371034e-07
31 January 2026,HEL1OS,B-Class,43912,44042,44113,4.893952876933792e-07,3.7016887450701474e-08
31 January 2026,HEL1OS,B-Class,44126,44324,44336,3.8306603296590805e-07,3.7016887450701474e-08
31 January 2026,HEL1OS,B-Class,44449,44574,44751,3.9377389018099515e-07,-3.551825260390204e-08
31 January 2026,HEL1OS,B-Class,44752,44764,44896,4.442279300232423e-07,-3.551825260390204e-08
31 January 2026,HEL1OS,B-Class,44900,44913,45500,4.360440893922385e-07,-3.551825260390204e-08
31 January 2026,HEL1OS,C-Class,46703,46770,46896,1.9646668014965423e-06,6.045403984224684e-08
31 January 2026,HEL1OS,B-Class,46993,47102,47188,3.909283041763436e-07,3.311153807260478e-08
31 January 2026,HEL1OS,B-Class,47189,47294,47368,4.066477904742498e-07,-1.0152088178784136e-07
31 January 2026,HEL1OS,B-Class,47644,47745,47768,3.7421073920516413e-07,-1.0152088178784136e-07
31 January 2026,HEL1OS,B-Class,47803,47940,48080,3.2144503994336e-07,-1.0152088178784136e-07
31 January 2026,HEL1OS,B-Class,48081,48183,48214,4.006431388411223e-07,-1.0152088178784136e-07
31 January 2026,HEL1OS,B-Class,49520,49613,49669,2.985863080190004e-07,7.507331378298915e-09
31 January 2026,HEL1OS,C-Class,53433,53534,53636,1.5543280412579078e-06,4.172919405399788e-08
31 January 2026,HEL1OS,B-Class,55804,55858,55931,3.102538173728274e-07,-1.043047830923211e-07
31 January 2026,HEL1OS,B-Class,55932,55946,56161,3.388249570229427e-07,-1.043047830923211e-07
31 January 2026,HEL1OS,B-Class,56583,56765,56902,3.59781575487903e-07,-1.043047830923211e-07
31 January 2026,HEL1OS,B-Class,59856,60206,60226,3.8758924057031685e-07,1.0078875518252215e-08
31 January 2026,HEL1OS,B-Class,60300,60342,60455,3.470613813327817e-07,-1.0152694913539923e-08
31 January 2026,HEL1OS,B-Class,60916,60929,61081,5.163484679947233e-07,-1.0152694913539923e-08
31 January 2026,HEL1OS,B-Class,64671,64765,64978,4.570047527555707e-07,1.7125088482151262e-08
31 January 2026,HEL1OS,B-Class,64979,65019,65122,3.3729497421376085e-07,1.7125088482151262e-08
31 January 2026,HEL1OS,B-Class,65123,65245,65270,2.7637577105874227e-07,1.7125088482151262e-08
31 January 2026,HEL1OS,B-Class,65272,65284,65621,5.959965618363627e-07,1.7125088482151262e-08
31 January 2026,HEL1OS,B-Class,65734,65788,65875,3.44276468803709e-07,-3.0988977651935355e-08
31 January 2026,HEL1OS,B-Class,65876,65916,65997,2.6045403984223966e-07,-3.0988977651935355e-08
31 January 2026,HEL1OS,C-Class,66099,66699,67122,1.8698614622306948e-06,-3.0988977651935355e-08
31 January 2026,HEL1OS,B-Class,67130,67141,67286,5.098665183537081e-07,4.3799170795832216e-08
31 January 2026,HEL1OS,B-Class,67556,67589,67726,3.05202750530882e-07,-1.8639902922438377e-08
31 January 2026,HEL1OS,B-Class,67878,67908,68033,4.057700475275414e-07,-1.8639902922438377e-08
31 January 2026,HEL1OS,B-Class,68064,68135,68304,4.772029527757945e-07,-1.8639902922438377e-08
31 January 2026,HEL1OS,B-Class,68454,68582,68664,3.0872383456364554e-07,-4.6182627161491445e-09
31 January 2026,HEL1OS,C-Class,69320,69415,69712,2.4999302255029947e-06,6.933158054403636e-08
31 January 2026,HEL1OS,B-Class,72655,72700,72826,4.458469005966066e-07,2.4173323895236277e-08
31 January 2026,HEL1OS,C-Class,73504,73608,73804,1.4315411062796537e-06,9.690969764384324e-08
31 January 2026,HEL1OS,B-Class,73969,73999,74197,4.718495297805475e-07,-5.0533926585092764e-08
31 January 2026,HEL1OS,B-Class,74198,74208,74460,4.155920719991762e-07,-5.0533926585092764e-08
31 January 2026,HEL1OS,B-Class,74603,74615,74734,2.461199312367189e-07,-5.0533926585092764e-08
31 January 2026,HEL1OS,B-Class,74746,74874,74886,3.222024471635035e-07,-5.0533926585092764e-08
31 January 2026,HEL1OS,B-Class,77079,77291,77417,4.0088987764180996e-07,2.0356962281321978e-08
31 January 2026,HEL1OS,B-Class,77602,77720,77737,3.2792496713518906e-07,1.2280311457174246e-08
31 January 2026,HEL1OS,B-Class,78094,78225,78250,3.960127414298575e-07,1.2280311457174246e-08
31 January 2026,HEL1OS,B-Class,80132,80187,80353,5.062382445140886e-07,3.6179593487712257e-08
31 January 2026,HEL1OS,B-Class,81092,81209,81365,3.5848012943673507e-07,1.8948326423297962e-08
31 January 2026,HEL1OS,B-Class,81366,81380,81493,4.263080190110071e-07,1.8948326423297962e-08
31 January 2026,HEL1OS,B-Class,82214,82300,82338,3.408261704924542e-07,-9.358883608049017e-09
31 January 2026,HEL1OS,B-Class,82404,82533,82546,3.876671048639764e-07,-9.358883608049017e-09
31 January 2026,HEL1OS,B-Class,82863,83021,83037,3.7826878349680117e-07,1.0706845990494148e-08
31 January 2026,HEL1OS,B-Class,83038,83084,83172,3.02613004348255e-07,1.0706845990494148e-08
31 January 2026,HEL1OS,B-Class,85942,85956,86109,3.379937304075114e-07,-4.2261730205278684e-08
31 January 2026,HEL1OS,B-Class,86110,86124,86236,3.573091313580619e-07,-4.2261730205278684e-08
31 January 2026,HEL1OS,B-Class,86237,86275,86377,3.3461118414398645e-07,-4.2261730205278684e-08
3 April 2026,SoLEXS,C-Class,3901,4054,4234,3.212965921731102e-06,5.249661239761163e-07
3 April 2026,SoLEXS,B-Class,12627,12697,12813,8.098230356961992e-07,7.625139043381262e-08
3 April 2026,SoLEXS,C-Class,20461,20527,20605,2.7459480230558225e-06,3.0031246839922074e-07
3 April 2026,SoLEXS,C-Class,28407,28569,28689,7.798781474365178e-06,3.0409748205075263e-07
3 April 2026,SoLEXS,C-Class,36640,36997,37238,4.126823743553296e-06,1.194043887147293e-07
3 April 2026,SoLEXS,C-Class,40116,40170,40290,1.3255293760743787e-06,2.1860248761249093e-07
3 April 2026,SoLEXS,C-Class,43133,43215,43350,1.5185488927090168e-06,1.8671554252198746e-07
3 April 2026,SoLEXS,C-Class,44706,44863,45060,2.2686591161896247e-06,2.536828799676318e-07
3 April 2026,SoLEXS,C-Class,46110,46192,46440,8.923482657497912e-06,3.57923955910595e-07
3 April 2026,SoLEXS,C-Class,57990,58067,58182,1.2580200222468962e-06,2.0051875821619269e-07
3 April 2026,SoLEXS,B-Class,63316,63346,63463,4.514581858630641e-07,6.215997573060754e-08
3 April 2026,SoLEXS,C-Class,69574,69643,69853,2.3820780665384934e-06,2.1437860248760484e-07
3 April 2026,SoLEXS,B-Class,85417,85472,85628,5.392031550207109e-07,4.956719587420189e-08
3 April 2026,HEL1OS,B-Class,1569,1599,1735,3.79516634644541e-07,3.227019921124367e-08
3 April 2026,HEL1OS,B-Class,2550,2676,2732,3.426382849630781e-07,1.0971786833855403e-08
3 April 2026,HEL1OS,B-Class,2733,2841,3048,4.5432197391038923e-07,1.0971786833855403e-08
3 April 2026,HEL1OS,C-Class,3718,3805,4086,2.093647487106812e-06,1.2024370512690442e-07
3 April 2026,HEL1OS,B-Class,10840,11097,11237,3.6820811002122253e-07,7.341490545049757e-09
3 April 2026,HEL1OS,B-Class,11239,11366,11384,3.45686115886326e-07,7.341490545049757e-09
3 April 2026,HEL1OS,B-Class,11726,11803,11900,4.7096673071087403e-07,7.341490545049757e-09
3 April 2026,HEL1OS,B-Class,11902,12016,12028,4.047841035493839e-07,7.341490545049757e-09
3 April 2026,HEL1OS,B-Class,12638,12663,12818,6.647770249772238e-07,4.160986955202604e-08
3 April 2026,HEL1OS,B-Class,13090,13206,13218,3.4060774598037007e-07,3.751643239963436e-09
3 April 2026,HEL1OS,B-Class,13288,13305,13572,4.5406613408836485e-07,3.751643239963436e-09
3 April 2026,HEL1OS,B-Class,13603,13666,13736,2.9455455556678083e-07,3.751643239963436e-09
3 April 2026,HEL1OS,B-Class,13958,13974,14307,4.460552128627609e-07,1.2261098189907531e-08
3 April 2026,HEL1OS,C-Class,20440,20509,20585,2.3946394984325164e-06,8.871877844068848e-08
3 April 2026,HEL1OS,B-Class,26828,26889,27000,3.175467691374141e-07,-6.233188391141479e-09
3 April 2026,HEL1OS,B-Class,27156,27261,27280,2.9542926483971037e-07,-6.233188391141479e-09
3 April 2026,HEL1OS,B-Class,27376,27577,27650,3.9944584892303157e-07,-6.233188391141479e-09
3 April 2026,HEL1OS,B-Class,27711,27743,27846,3.5698655071290057e-07,-6.233188391141479e-09
3 April 2026,HEL1OS,C-Class,28282,28547,28877,9.695016685205437e-06,3.394579836181494e-08
3 April 2026,HEL1OS,B-Class,28916,29035,29052,3.392233795125776e-07,2.9025179492364203e-08
3 April 2026,HEL1OS,B-Class,32056,32133,32179,2.900566285771966e-07,8.393164121751166e-09
3 April 2026,HEL1OS,B-Class,32505,32607,32655,3.2589847305085294e-07,8.393164121751166e-09
3 April 2026,HEL1OS,B-Class,32787,32862,33262,5.250419658205901e-07,8.393164121751166e-09
3 April 2026,HEL1OS,C-Class,36564,36958,37076,3.7564718373949513e-06,3.4846799474161996e-08
3 April 2026,HEL1OS,C-Class,37114,37192,37327,1.8227212053796498e-06,9.380726059257428e-08
3 April 2026,HEL1OS,C-Class,40029,40098,40393,1.1995783193446837e-06,-1.0391748407320903e-07
3 April 2026,HEL1OS,B-Class,40611,40874,40997,5.40718980685591e-07,-1.0391748407320903e-07
3 April 2026,HEL1OS,B-Class,42011,42023,42141,3.2647992719181765e-07,2.7074527252501806e-08
3 April 2026,HEL1OS,B-Class,42243,42262,42374,3.0716857113963917e-07,2.7074527252501806e-08
3 April 2026,HEL1OS,B-Class,42462,42474,42587,5.055597128121975e-07,1.8343614116694642e-08
3 April 2026,HEL1OS,B-Class,42618,42720,42740,3.230276064313769e-07,1.8343614116694642e-08
3 April 2026,HEL1OS,C-Class,42850,43141,43186,1.2748114066133634e-06,1.8343614116694642e-08
3 April 2026,HEL1OS,B-Class,43220,43277,43621,7.99408433613077e-07,1.8343614116694642e-08
3 April 2026,HEL1OS,B-Class,43622,43677,43791,5.08804732531077e-07,2.170492466376703e-08
3 April 2026,HEL1OS,C-Class,44622,44723,44944,1.361209424613158e-06,8.055516230154435e-08
3 April 2026,HEL1OS,C-Class,46072,46150,46349,8.142358175750543e-06,8.203559510567003e-08
3 April 2026,HEL1OS,B-Class,47693,47823,47839,5.020659318434446e-07,-3.832541207402146e-10
3 April 2026,HEL1OS,B-Class,47864,47876,48013,4.366548690463996e-07,-3.832541207402146e-10
3 April 2026,HEL1OS,B-Class,48015,48054,48169,4.691313580746116e-07,-3.832541207402146e-10
3 April 2026,HEL1OS,B-Class,48176,48369,48488,4.742532106380658e-07,-2.5454545454544544e-08
3 April 2026,HEL1OS,B-Class,48844,48924,49065,4.161209424613058e-07,-2.5454545454544544e-08
3 April 2026,HEL1OS,B-Class,49069,49087,49334,3.4904034786124753e-07,-2.5454545454544544e-08
3 April 2026,HEL1OS,B-Class,51315,51433,51447,3.488300131459073e-07,2.35352411770646e-08
3 April 2026,HEL1OS,B-Class,51493,51603,51622,4.7365052078064853e-07,2.35352411770646e-08
3 April 2026,HEL1OS,B-Class,51985,52121,52134,4.4650419658204495e-07,2.35352411770646e-08
3 April 2026,HEL1OS,B-Class,54543,54768,54776,3.300910102133566e-07,-1.0342805137020519e-08
3 April 2026,HEL1OS,B-Class,54777,54872,55142,4.7049651127513735e-07,-1.0342805137020519e-08
3 April 2026,HEL1OS,B-Class,55189,55508,55671,3.937425422186127e-07,-1.0342805137020519e-08
3 April 2026,HEL1OS,C-Class,57853,57912,58214,1.8741429871573808e-06,3.7888563049852064e-08
3 April 2026,HEL1OS,B-Class,58672,58897,59018,4.6298311254928064e-07,1.9946405096571205e-08
3 April 2026,HEL1OS,B-Class,60975,61315,61472,4.527353625240004e-07,2.841439983820307e-08
3 April 2026,HEL1OS,B-Class,61692,61766,61841,2.79268884619264e-07,1.6367681262007724e-08
3 April 2026,HEL1OS,B-Class,61842,61916,62012,3.5008898776416995e-07,1.6367681262007724e-08
3 April 2026,HEL1OS,B-Class,62040,62188,62292,3.2970775609261645e-07,1.6367681262007724e-08
3 April 2026,HEL1OS,B-Class,62671,62903,62920,3.587915866113736e-07,3.406512286378685e-08
3 April 2026,HEL1OS,B-Class,62946,63128,63270,3.985124886237091e-07,-2.99929214278481e-08
3 April 2026,HEL1OS,C-Class,63273,63292,63478,1.1508908888663763e-06,-2.99929214278481e-08
3 April 2026,HEL1OS,B-Class,63526,63652,63714,2.7363535241176086e-07,-2.99929214278481e-08
3 April 2026,HEL1OS,B-Class,63716,63733,63880,3.5258570128424264e-07,-2.99929214278481e-08
3 April 2026,HEL1OS,B-Class,68219,68231,68378,4.716604307816598e-07,2.4272423905348502e-08
3 April 2026,HEL1OS,B-Class,68443,68507,68578,5.427919911012042e-07,2.4272423905348502e-08
3 April 2026,HEL1OS,B-Class,68644,68725,68772,4.5169582364241487e-07,2.4272423905348502e-08
3 April 2026,HEL1OS,C-Class,69535,69624,69857,1.5204115684092896e-06,8.796844979269586e-08
3 April 2026,HEL1OS,B-Class,69968,70047,70173,5.200505612296306e-07,1.9591465264434547e-08
3 April 2026,HEL1OS,B-Class,70220,70293,70362,3.389068662149743e-07,1.9591465264434547e-08
3 April 2026,HEL1OS,B-Class,70479,70597,70627,2.745545555667816e-07,1.9591465264434547e-08
3 April 2026,HEL1OS,B-Class,70629,70647,70812,4.589847305086296e-07,1.9591465264434547e-08
3 April 2026,HEL1OS,B-Class,72413,72539,72552,3.848356760036267e-07,2.1976944079279214e-08
3 April 2026,HEL1OS,B-Class,72656,72768,73192,5.03280412579616e-07,2.1976944079279214e-08
3 April 2026,HEL1OS,C-Class,79201,79243,79344,1.0366599251693432e-06,1.0838709677418972e-07
3 April 2026,HEL1OS,B-Class,85794,85865,85944,2.8939427646879343e-07,-8.957111436950168e-08
3 April 2026,HEL1OS,B-Class,85946,86183,86382,3.291323692992096e-07,-8.957111436950168e-08
3 January 2026,SoLEXS,B-Class,5712,6140,6150,9.557720699767078e-07,1.0857821822226329e-07
3 January 2026,SoLEXS,C-Class,62764,62930,63162,4.35681767620573e-06,1.4509252705025268e-07
3 January 2026,SoLEXS,C-Class,73948,74198,74441,1.313065021741282e-06,1.412498735969208e-07
3 January 2026,HEL1OS,C-Class,62745,62855,63036,1.1406603296591766e-06,-1.3803215694205197e-09
3 January 2026,HEL1OS,B-Class,74067,74192,74260,2.806037010820003e-07,-1.6422287390028739e-09
3 March 2026,SoLEXS,C-Class,1491,1823,1920,1.056391950652202e-06,7.21367175649686e-08
3 March 2026,SoLEXS,B-Class,57157,57675,57680,7.504378602487346e-07,5.2730306401049786e-08
3 March 2026,HEL1OS,B-Class,1643,1728,1889,4.151309535847764e-07,-6.83587824855876e-10
3 feb 2026,HEL1OS,M-Class,82918,83072,83222,2.0209815957123356e-05,2.044138563049855e-06
3 feb 2026,HEL1OS,M-Class,83355,83367,84097,1.037053594903391e-05,1.771334816462673e-06
3 feb 2026,HEL1OS,B-Class,85272,85328,85412,3.996248356759894e-07,3.453331985033753e-08
3 feb 2026,HEL1OS,B-Class,85706,85800,85871,3.783264232986011e-07,3.453331985033753e-08
3 june 2026,SoLEXS,C-Class,1961,2225,2236,1.001038527656957e-06,1.1542724239053084e-07
3 june 2026,SoLEXS,M-Class,5180,5765,7016,6.405492061886717e-05,1.706229143492709e-07
3 june 2026,SoLEXS,M-Class,24930,25232,26242,5.220804024673693e-05,7.428354737586954e-08
3 june 2026,SoLEXS,B-Class,39516,39565,39700,7.270300333703857e-07,1.13048842147837e-07
3 june 2026,SoLEXS,M-Class,40905,41272,41964,7.067277176660684e-05,3.181211447062279e-07
3 june 2026,SoLEXS,C-Class,85032,85255,85270,1.7565021741328123e-06,1.4917686318130724e-07
3 june 2026,HEL1OS,B-Class,1936,2362,2455,4.269794721407472e-07,-1.479421579532761e-09
3 june 2026,HEL1OS,B-Class,2486,2576,2928,3.9737486095660435e-07,4.0858529679440346e-08
3 june 2026,HEL1OS,M-Class,5077,5502,6769,9.803509758316973e-05,-7.806653857821541e-10
3 june 2026,HEL1OS,M-Class,24984,25162,26064,7.237637880472996e-05,-1.8970573364343546e-09
3 june 2026,HEL1OS,B-Class,39435,39552,39643,7.827576094650341e-07,-8.494286581049351e-10
3 june 2026,HEL1OS,B-Class,40276,40319,40432,3.304419051471214e-07,3.7213065021739998e-09
3 june 2026,HEL1OS,X-Class,40837,41147,42660,0.00011670253210637666,1.94074223885118e-08
3 june 2026,HEL1OS,B-Class,43410,43796,43827,4.944787137223001e-07,-2.7689958539790704e-07
3 june 2026,HEL1OS,B-Class,45341,45351,45949,5.162149863484495e-07,6.160380220446742e-08
3 june 2026,HEL1OS,B-Class,45981,46045,46177,4.7084133886134435e-07,2.1265041965819857e-08
3 june 2026,HEL1OS,B-Class,46185,46350,46414,3.6830923248052075e-07,2.1265041965819857e-08
3 june 2026,HEL1OS,B-Class,46454,46547,46578,3.364637475983296e-07,2.1265041965819857e-08
3 june 2026,HEL1OS,B-Class,49198,49247,49540,4.124673880068616e-07,1.5565780159772944e-08
3 june 2026,HEL1OS,B-Class,49541,49622,49720,4.318576195772927e-07,1.5565780159772944e-08
3 june 2026,HEL1OS,B-Class,49725,49741,50425,5.287501264030553e-07,1.5565780159772944e-08
3 june 2026,HEL1OS,B-Class,50471,50901,50954,4.066488016988428e-07,1.4715340277075011e-08
3 june 2026,HEL1OS,B-Class,51682,51806,51820,5.415471736272434e-07,-1.135706340378155e-08
3 june 2026,HEL1OS,B-Class,51821,52006,52124,4.914207705531223e-07,-1.135706340378155e-08
3 june 2026,HEL1OS,B-Class,52125,52292,52376,3.8521893012436687e-07,-1.135706340378155e-08
3 june 2026,HEL1OS,B-Class,52455,52495,52727,4.2169177874404407e-07,-1.135706340378155e-08
3 june 2026,HEL1OS,B-Class,53316,53371,53442,3.272423905349262e-07,3.301648296086443e-08
3 june 2026,HEL1OS,B-Class,54101,54438,54500,5.017827889574095e-07,3.301648296086443e-08
3 june 2026,HEL1OS,B-Class,54711,54723,55017,4.917473960966555e-07,-1.916169481241717e-08
3 june 2026,HEL1OS,B-Class,55018,55177,55326,4.6540499544947267e-07,-1.916169481241717e-08
3 june 2026,HEL1OS,B-Class,55707,55818,55843,4.6135605217917253e-07,3.615330164829481e-08
3 june 2026,HEL1OS,C-Class,55844,55870,56066,1.3583800182019944e-06,3.615330164829481e-08
3 june 2026,HEL1OS,B-Class,60392,60534,60545,4.164688037212916e-07,2.953584791182013e-08
3 june 2026,HEL1OS,B-Class,60625,60727,60751,3.598462938618539e-07,2.7032055819596572e-08
3 june 2026,HEL1OS,B-Class,61146,61158,61298,4.0328546870258443e-07,2.7032055819596572e-08
3 june 2026,HEL1OS,B-Class,62158,62740,62757,7.024977247446407e-07,-1.0917180705834403e-08
3 june 2026,HEL1OS,B-Class,62758,63120,63145,4.279593487713468e-07,-1.0917180705834403e-08
3 june 2026,HEL1OS,B-Class,63176,63227,63300,4.076913742542073e-07,-1.0917180705834403e-08
3 june 2026,HEL1OS,B-Class,63301,63357,63582,4.6150773586811983e-07,-1.0917180705834403e-08
3 june 2026,HEL1OS,B-Class,63583,63623,63806,4.3804833653552894e-07,9.940337749013686e-09
3 june 2026,HEL1OS,B-Class,63930,63949,64168,5.67779350793791e-07,9.940337749013686e-09
3 june 2026,HEL1OS,B-Class,64169,64504,64538,3.602790979876502e-07,9.940337749013686e-09
3 june 2026,HEL1OS,B-Class,68155,68277,68754,5.952816260491242e-07,-2.3675801395489132e-08
3 june 2026,HEL1OS,B-Class,68785,69082,69140,4.141359085852821e-07,-2.3675801395489132e-08
3 june 2026,HEL1OS,B-Class,69252,69434,69458,5.442602892102142e-07,-2.3675801395489132e-08
3 june 2026,HEL1OS,B-Class,69459,69540,69596,3.7244008494285255e-07,1.8576195773080472e-09
3 june 2026,HEL1OS,B-Class,69598,69769,70325,5.655384770957427e-07,1.8576195773080472e-09
3 june 2026,HEL1OS,B-Class,70445,70463,70575,4.3379613712203934e-07,1.4620285165334726e-08
3 june 2026,HEL1OS,B-Class,70576,70658,70889,5.504874102537977e-07,1.4620285165334726e-08
3 june 2026,HEL1OS,B-Class,72038,72055,72510,5.406926888461734e-07,1.8897765193648814e-08
3 june 2026,HEL1OS,B-Class,72513,72840,73045,5.022287390029146e-07,1.8897765193648814e-08
3 june 2026,HEL1OS,B-Class,78253,78608,78732,4.5743047830921613e-07,-2.3877035089492516e-08
3 june 2026,HEL1OS,B-Class,78734,78753,78878,4.2988370917179167e-07,-2.3877035089492516e-08
3 june 2026,HEL1OS,B-Class,78879,79112,79219,3.5492163009403123e-07,-2.3877035089492516e-08
3 june 2026,HEL1OS,B-Class,79220,79313,79526,3.9356658913943386e-07,-4.765699261805879e-08
3 june 2026,HEL1OS,B-Class,79557,79735,80072,4.499029224390577e-07,-4.765699261805879e-08
3 june 2026,HEL1OS,B-Class,80074,80091,80529,6.261128526645544e-07,-4.765699261805879e-08
3 june 2026,HEL1OS,B-Class,80589,80753,80778,3.82451208413375e-07,-1.4726463747597825e-08
3 june 2026,HEL1OS,B-Class,80779,80952,80960,4.0082920416623106e-07,2.2821316614419248e-08
3 june 2026,HEL1OS,B-Class,81258,81443,81480,3.5537465871168724e-07,2.2821316614419248e-08
3 june 2026,HEL1OS,B-Class,81666,81819,81832,3.733572656486873e-07,2.2821316614419248e-08
3 june 2026,HEL1OS,B-Class,84573,84702,84885,6.134179391242577e-07,3.378804732530976e-08
3 june 2026,HEL1OS,C-Class,85179,85238,85351,1.184726463747556e-06,1.3493376478915492e-07
3 june 2026,HEL1OS,B-Class,85886,86368,86384,4.1544241075941483e-07,-2.137096774193495e-08
4 January 2026,SoLEXS,C-Class,75442,75662,75882,1.0276236222064554e-06,1.1390737182727879e-07
4 January 2026,HEL1OS,B-Class,621,655,776,3.631378299120105e-07,1.0182020426736428e-08
4 January 2026,HEL1OS,B-Class,863,875,988,3.3719789665283457e-07,1.0182020426736428e-08
4 January 2026,HEL1OS,B-Class,1175,1237,1437,3.730710890888733e-07,1.0182020426736428e-08
4 January 2026,HEL1OS,B-Class,7738,7898,7923,5.905369602588523e-07,7.656992618060246e-09
4 January 2026,HEL1OS,B-Class,7926,8044,8075,3.463292547274626e-07,-4.654869046415042e-08
4 January 2026,HEL1OS,B-Class,8076,8195,8215,4.6073212660530256e-07,-4.654869046415042e-08
4 January 2026,HEL1OS,B-Class,8692,8933,8952,4.075063201536916e-07,-4.654869046415042e-08
4 January 2026,HEL1OS,B-Class,9681,9750,9845,3.2881686722619916e-07,9.428658104964787e-09
4 January 2026,HEL1OS,B-Class,9974,10047,10100,3.256800485387688e-07,9.428658104964787e-09
4 January 2026,HEL1OS,B-Class,10237,10515,10529,3.4209424613205377e-07,9.428658104964787e-09
4 January 2026,HEL1OS,B-Class,13638,13728,13875,4.005774092425785e-07,8.13833552431967e-09
4 January 2026,HEL1OS,B-Class,14693,14722,14818,3.228041257963279e-07,8.13833552431967e-09
4 January 2026,HEL1OS,B-Class,14820,14832,14962,3.2570431792900043e-07,1.8421478410354273e-08
4 January 2026,HEL1OS,B-Class,15035,15239,15256,2.9135807462836455e-07,-2.0439882697946452e-08
4 January 2026,HEL1OS,B-Class,15620,15809,15954,3.8623015471734894e-07,-2.0439882697946452e-08
4 January 2026,HEL1OS,B-Class,16162,16203,16310,2.967974517140151e-07,3.1499646071391547e-09
4 January 2026,HEL1OS,B-Class,16311,16343,16452,3.0485488927089615e-07,3.1499646071391547e-09
4 January 2026,HEL1OS,B-Class,16637,16813,16874,3.5542016381837136e-07,7.80665385782151e-10
4 January 2026,HEL1OS,B-Class,17019,17107,17227,3.532146829810775e-07,7.80665385782151e-10
4 January 2026,HEL1OS,B-Class,17340,17370,17473,3.1933461421780637e-07,7.80665385782151e-10
4 January 2026,HEL1OS,B-Class,18065,18110,18197,2.735443421983925e-07,-3.3714227930022042e-09
4 January 2026,HEL1OS,B-Class,18500,18576,18647,3.1594498938213055e-07,-3.3714227930022042e-09
4 January 2026,HEL1OS,B-Class,18650,18752,18815,3.049681464253102e-07,-3.3714227930022042e-09
4 January 2026,HEL1OS,B-Class,18946,18959,19088,3.1965517241378174e-07,1.3548387096773717e-08
4 January 2026,HEL1OS,B-Class,19915,19985,20063,3.4506117908786313e-07,1.99828091819186e-08
4 January 2026,HEL1OS,B-Class,20072,20120,20209,2.6704520173929677e-07,1.99828091819186e-08
4 January 2026,HEL1OS,B-Class,20408,20544,20585,2.960258873495698e-07,2.0155728587318535e-08
4 January 2026,HEL1OS,B-Class,21021,21076,21148,2.6997471938516583e-07,2.0155728587318535e-08
4 January 2026,HEL1OS,B-Class,22859,22871,22991,3.559854383658483e-07,3.570431792901078e-08
4 January 2026,HEL1OS,B-Class,23214,23332,23443,3.695965213873869e-07,-2.8769339670339767e-08
4 January 2026,HEL1OS,B-Class,23687,23699,23820,4.046455657801453e-07,-2.8769339670339767e-08
4 January 2026,HEL1OS,B-Class,23840,23917,23964,3.25445444433197e-07,-2.8769339670339767e-08
4 January 2026,HEL1OS,B-Class,24853,25013,25086,3.979917079583233e-07,1.9707756092627495e-08
4 January 2026,HEL1OS,B-Class,25134,25151,25286,3.5192739407421133e-07,1.9707756092627495e-08
4 January 2026,HEL1OS,B-Class,25424,25495,25628,3.7280817069469804e-07,1.9707756092627495e-08
4 January 2026,HEL1OS,B-Class,25740,25893,26016,3.162220649206076e-07,1.9707756092627495e-08
4 January 2026,HEL1OS,B-Class,26191,26348,26437,3.307806653857704e-07,2.5624431186165527e-08
4 January 2026,HEL1OS,B-Class,26524,26630,26648,3.741510769541782e-07,-1.601779755283589e-08
4 January 2026,HEL1OS,B-Class,26927,27002,27054,4.0209222368286567e-07,-1.601779755283589e-08
4 January 2026,HEL1OS,B-Class,27109,27180,27233,3.3704722418848024e-07,-1.601779755283589e-08
4 January 2026,HEL1OS,B-Class,27560,27665,27685,4.171149762362072e-07,-5.378703610071595e-09
4 January 2026,HEL1OS,B-Class,27892,27963,28081,3.20988977651925e-07,-5.378703610071595e-09
4 January 2026,HEL1OS,B-Class,29663,29960,29974,3.058367883506818e-07,7.048235413085084e-10
4 January 2026,HEL1OS,B-Class,29975,30089,30107,3.308757204975107e-07,7.048235413085084e-10
4 January 2026,HEL1OS,B-Class,30111,30142,30238,3.485842855698126e-07,7.048235413085084e-10
4 January 2026,HEL1OS,B-Class,30269,30365,30524,3.267762159975614e-07,-2.001415714430104e-08
4 January 2026,HEL1OS,B-Class,30527,30549,30675,3.1802204469611565e-07,-2.001415714430104e-08
4 January 2026,HEL1OS,B-Class,31013,31124,31138,3.77261603802191e-07,-2.001415714430104e-08
4 January 2026,HEL1OS,B-Class,31241,31342,31364,4.021640206289673e-07,-2.001415714430104e-08
4 January 2026,HEL1OS,B-Class,31574,31678,31707,3.343482657498111e-07,-6.434422085144915e-09
4 January 2026,HEL1OS,B-Class,31710,31727,31902,4.999393265244033e-07,-6.434422085144915e-09
4 January 2026,HEL1OS,B-Class,32182,32293,32364,3.5932045707350317e-07,-6.434422085144915e-09
4 January 2026,HEL1OS,B-Class,32523,32670,32706,4.136717564971033e-07,1.1459197087672777e-08
4 January 2026,HEL1OS,B-Class,32910,32970,33070,3.019455961168868e-07,1.1459197087672777e-08
4 January 2026,HEL1OS,B-Class,33152,33309,33322,2.967388006876222e-07,1.1459197087672777e-08
4 January 2026,HEL1OS,B-Class,34291,34521,34568,3.4409545960156524e-07,-9.12124582869816e-10
4 January 2026,HEL1OS,B-Class,34867,35024,35047,3.142875922742329e-07,-9.12124582869816e-10
4 January 2026,HEL1OS,B-Class,35487,35606,35620,4.7605622408735276e-07,2.0959652138739237e-08
4 January 2026,HEL1OS,B-Class,36206,36296,36393,3.7018808777428145e-07,-6.433410860551903e-09
4 January 2026,HEL1OS,B-Class,36689,36819,36835,3.751976944079146e-07,-6.433410860551903e-09
4 January 2026,HEL1OS,B-Class,38244,38276,38381,3.228253615127805e-07,1.2731317625644206e-08
4 January 2026,HEL1OS,B-Class,38938,39098,39111,4.0414500960661924e-07,1.2731317625644206e-08
4 January 2026,HEL1OS,B-Class,39112,39150,39469,5.664475680048337e-07,1.2731317625644206e-08
4 January 2026,HEL1OS,B-Class,39501,39542,39625,4.0185054100514294e-07,-1.478309232480481e-08
4 January 2026,HEL1OS,B-Class,39714,39773,39835,3.6448174739608365e-07,-1.478309232480481e-08
4 January 2026,HEL1OS,B-Class,39853,39987,40129,3.768217211042438e-07,-1.478309232480481e-08
4 January 2026,HEL1OS,B-Class,40362,40375,40555,3.578642936596091e-07,-5.7578117099805874e-08
4 January 2026,HEL1OS,B-Class,40835,40916,40992,3.4366872282332685e-07,-5.7578117099805874e-08
4 January 2026,HEL1OS,B-Class,41199,41231,41357,3.1599251693800067e-07,-5.7578117099805874e-08
4 January 2026,HEL1OS,B-Class,42149,42245,42276,3.120588532713005e-07,2.4353321872787076e-08
4 January 2026,HEL1OS,B-Class,42613,42628,42746,3.619880675497899e-07,-2.9029426635654746e-07
4 January 2026,HEL1OS,B-Class,42829,42882,43023,3.6643745575891105e-07,-2.9029426635654746e-07
4 March 2026,SoLEXS,C-Class,11120,11215,11294,1.4460026291838901e-06,2.6344827586205956e-07
4 March 2026,HEL1OS,B-Class,659,713,807,3.229012033572542e-07,1.5646678127211515e-08
4 March 2026,HEL1OS,B-Class,848,1418,1437,4.5594903428049744e-07,1.5646678127211515e-08
4 March 2026,HEL1OS,B-Class,5464,5496,5593,3.091707958337437e-07,-4.963090302356006e-09
4 March 2026,HEL1OS,B-Class,9575,9696,9787,3.2985033876022685e-07,-1.9676408130245048e-08
4 March 2026,HEL1OS,B-Class,10070,10081,10418,4.853776923854615e-07,-1.9676408130245048e-08
4 March 2026,HEL1OS,B-Class,10716,10813,11230,9.737688340580096e-07,3.4216806552734095e-08
4 March 2026,HEL1OS,B-Class,18493,18748,18816,3.8946708463948453e-07,-5.8742036606328374e-09
4 March 2026,HEL1OS,B-Class,18817,18923,18966,3.456466781271998e-07,-5.8742036606328374e-09
4 March 2026,HEL1OS,B-Class,19060,19164,19325,3.8738193952875556e-07,-5.8742036606328374e-09
4 March 2026,HEL1OS,B-Class,19326,19348,19461,3.197846091616834e-07,-5.8742036606328374e-09
4 March 2026,HEL1OS,B-Class,19462,19572,19587,3.0654666801495515e-07,-5.8742036606328374e-09
4 March 2026,HEL1OS,B-Class,23910,23951,24131,3.6277277783394404e-07,1.4085347355647176e-08
4 March 2026,HEL1OS,B-Class,24497,24518,24621,3.0403074122761585e-07,1.2145818586307613e-08
4 March 2026,HEL1OS,B-Class,24716,24758,24873,4.0273334007481625e-07,1.2145818586307613e-08
4 March 2026,HEL1OS,B-Class,24874,24957,25088,3.5070684599048204e-07,8.541814136919552e-09
4 March 2026,HEL1OS,B-Class,25526,25683,25918,4.139822024471487e-07,8.541814136919552e-09
4 March 2026,HEL1OS,B-Class,29052,29092,29214,3.8121549196075085e-07,2.3555465668924233e-08
4 March 2026,HEL1OS,B-Class,38464,38573,38710,3.940620891899951e-07,-1.3115582970977441e-08
4 March 2026,HEL1OS,B-Class,38926,38962,39089,3.0861765598138247e-07,-1.3115582970977441e-08
4 March 2026,HEL1OS,B-Class,39090,39154,39249,3.671463241985914e-07,-1.3115582970977441e-08
4 March 2026,HEL1OS,B-Class,41127,41140,41329,3.4973101425825433e-07,-1.3934674891292716e-09
4 March 2026,HEL1OS,B-Class,41447,41518,41638,3.2391950652238704e-07,-1.3934674891292716e-09
4 March 2026,HEL1OS,B-Class,41757,41795,41891,3.8138234401859287e-07,-1.3934674891292716e-09
4 March 2026,HEL1OS,B-Class,41996,42017,42130,3.5155222975021494e-07,-1.3934674891292716e-09
4 March 2026,HEL1OS,B-Class,42132,42249,42438,3.1671655374657583e-07,-4.429365962180043e-08
4 March 2026,HEL1OS,B-Class,42479,42585,42604,4.3322580645159747e-07,-4.429365962180043e-08
4 May 2026,SoLEXS,B-Class,5027,5250,5259,5.159328546870075e-07,5.5970269996964324e-08
4 May 2026,SoLEXS,M-Class,5330,5583,5970,1.0686727677216729e-05,1.267792496713475e-07
4 May 2026,HEL1OS,C-Class,5325,5522,6134,4.539967640812863e-06,3.4998483163109284e-09
4 May 2026,HEL1OS,B-Class,43950,44350,44413,4.3237132167052756e-07,-7.269086864192276e-08
4 May 2026,HEL1OS,B-Class,48186,48272,48318,3.523035696228007e-07,-1.455455556679084e-08
4 May 2026,HEL1OS,B-Class,48510,48766,48785,4.113216705430129e-07,-1.857922944685949e-08
4 May 2026,HEL1OS,B-Class,48919,49027,49085,3.3884619273939533e-07,-1.857922944685949e-08
4 May 2026,HEL1OS,B-Class,49088,49215,49228,4.3994236019818426e-07,-1.857922944685949e-08
4 May 2026,HEL1OS,B-Class,49229,49361,49375,3.892466376782145e-07,-1.857922944685949e-08
4 May 2026,HEL1OS,B-Class,49376,49406,49521,5.359419557083438e-07,-1.857922944685949e-08
4 May 2026,HEL1OS,B-Class,49593,49717,49728,3.2767013853775755e-07,5.785215896450379e-09
4 May 2026,HEL1OS,B-Class,49729,49759,49894,3.480897967438444e-07,5.785215896450379e-09
4 May 2026,HEL1OS,B-Class,49947,49995,50130,3.2235918697541577e-07,5.785215896450379e-09
4 May 2026,HEL1OS,B-Class,53510,53598,53732,4.112336940034235e-07,4.2194357366769665e-08
4 May 2026,HEL1OS,B-Class,53733,53839,53864,3.625705329153476e-07,1.1644251188188485e-08
4 May 2026,HEL1OS,B-Class,53865,54032,54079,4.0058044291635737e-07,1.1644251188188485e-08
4 May 2026,HEL1OS,B-Class,54209,54277,54396,2.9140762463342066e-07,-4.570735160279022e-10
4 May 2026,HEL1OS,B-Class,54509,54563,54715,3.687976539589311e-07,-1.1972899180907621e-08
4 May 2026,HEL1OS,B-Class,54812,54886,54934,4.1358276873292084e-07,-1.1972899180907621e-08
4 May 2026,HEL1OS,B-Class,54936,55135,55412,4.5050561229647497e-07,-1.1972899180907621e-08
4 May 2026,HEL1OS,B-Class,56276,56348,56403,3.894013550409407e-07,-9.859439781575141e-09
4 May 2026,HEL1OS,B-Class,56560,56790,56802,4.977924967135022e-07,-9.859439781575141e-09
4 May 2026,HEL1OS,B-Class,56804,56913,57097,3.8848518555969895e-07,-9.859439781575141e-09
4 May 2026,HEL1OS,B-Class,62312,62400,62718,4.02356153301634e-07,1.724744665790215e-08
4 May 2026,HEL1OS,B-Class,62923,62977,63063,3.3776923854786946e-07,1.724744665790215e-08
4 May 2026,HEL1OS,B-Class,63064,63084,63418,3.878915967236185e-07,1.724744665790215e-08
4 May 2026,HEL1OS,B-Class,63419,63523,63620,4.0811305490948086e-07,1.724744665790215e-08
4 May 2026,HEL1OS,B-Class,63621,63633,63820,4.7626554757810005e-07,2.226210941450018e-08
4 May 2026,HEL1OS,B-Class,63822,63965,64131,4.022176155323954e-07,2.226210941450018e-08
4 May 2026,HEL1OS,B-Class,64181,64215,64313,3.6808271817169274e-07,-1.419455961168928e-08
4 May 2026,HEL1OS,B-Class,64315,64402,64472,3.468035190615712e-07,-1.419455961168928e-08
4 May 2026,HEL1OS,B-Class,64560,64579,64798,3.9565881282231374e-07,-1.419455961168928e-08
4 May 2026,HEL1OS,B-Class,64799,64833,64953,3.632096268581122e-07,-1.419455961168928e-08
4 May 2026,HEL1OS,B-Class,67075,67148,67209,3.800991000100987e-07,2.5610274041863747e-08
4 May 2026,HEL1OS,B-Class,67898,67936,68031,3.360906057235192e-07,2.5610274041863747e-08
4 May 2026,HEL1OS,B-Class,69902,69940,70045,4.6201031449083195e-07,-3.1369198098896653e-08
4 May 2026,HEL1OS,B-Class,70046,70064,70216,5.369016078470837e-07,-3.1369198098896653e-08
4 May 2026,HEL1OS,B-Class,70277,70290,70615,3.91694812417824e-07,-3.1369198098896653e-08
4 May 2026,HEL1OS,B-Class,73113,73248,73408,4.1614622307613036e-07,-1.64576802507831e-08
4 May 2026,HEL1OS,B-Class,73519,73565,73679,3.614865001516708e-07,-1.64576802507831e-08
4 May 2026,HEL1OS,B-Class,73680,73885,74009,4.777085650722855e-07,-1.64576802507831e-08
4 May 2026,HEL1OS,B-Class,74578,74625,74719,3.3650116290827e-07,2.7323288502375636e-09
4 May 2026,HEL1OS,B-Class,74721,74734,74939,3.846132065931706e-07,2.7323288502375636e-09
4 May 2026,HEL1OS,B-Class,74940,75143,75177,4.075659824046776e-07,2.7323288502375636e-09
4 May 2026,HEL1OS,B-Class,75178,75242,75316,5.090019213267085e-07,2.7323288502375636e-09
4 May 2026,HEL1OS,B-Class,75350,75490,75601,5.230700778642749e-07,2.7323288502375636e-09
4 May 2026,HEL1OS,B-Class,75856,76396,76415,4.187551825260241e-07,9.39326524421043e-09
4 May 2026,HEL1OS,B-Class,76699,76798,76869,5.419981797957133e-07,9.39326524421043e-09
4 May 2026,HEL1OS,B-Class,76872,76917,77062,3.2119122257052144e-07,9.39326524421043e-09
4 May 2026,HEL1OS,B-Class,77084,77095,77227,3.605066235210712e-07,4.606128021033307e-08
4 May 2026,HEL1OS,B-Class,77228,77471,77685,3.7819698655069943e-07,1.1044595004550146e-08
4 May 2026,HEL1OS,B-Class,77975,78259,78286,3.921660430781537e-07,1.1044595004550146e-08
4 May 2026,HEL1OS,B-Class,79314,79542,79655,4.7004550510666734e-07,-2.0095055111739577e-08
4 May 2026,HEL1OS,B-Class,79935,80068,80374,4.040802912326684e-07,-2.0095055111739577e-08
4 May 2026,HEL1OS,B-Class,81014,81127,81160,3.1748103953887026e-07,2.456770148649929e-08
4 May 2026,HEL1OS,B-Class,82181,82306,82329,3.938234401860513e-07,2.9204166245322177e-09
4 May 2026,HEL1OS,B-Class,82645,82799,82811,3.6525128931134304e-07,2.9204166245322177e-09
4 May 2026,HEL1OS,B-Class,83209,83271,83333,3.6002123571643973e-07,7.010820103144662e-09
4 May 2026,HEL1OS,B-Class,83501,83567,83808,3.5301749418544594e-07,7.010820103144662e-09
4 May 2026,HEL1OS,B-Class,83993,84380,84398,5.033158054403704e-07,7.010820103144662e-09
4 May 2026,HEL1OS,B-Class,85984,85998,86117,3.6443118616643457e-07,-1.2021994134897365e-07
4 May 2026,HEL1OS,B-Class,86175,86193,86386,4.394660734148898e-07,-1.2021994134897365e-07
4 april 2026,SoLEXS,M-Class,4345,4615,4974,5.166334007482878e-05,1.8358377995752205e-07
4 april 2026,SoLEXS,C-Class,22193,22402,22614,1.1540711902113046e-06,9.006775204772658e-08
4 april 2026,SoLEXS,M-Class,27794,28760,28778,1.01347032055816e-05,9.0269996966323e-08
4 april 2026,SoLEXS,B-Class,41503,41611,41637,3.4473050864595795e-07,5.7717666093637336e-08
4 april 2026,SoLEXS,C-Class,43394,43869,44041,7.503418950348606e-06,9.989281019314034e-08
4 april 2026,SoLEXS,C-Class,61895,62095,62155,1.0136313075133626e-06,1.3526140155728104e-07
4 april 2026,SoLEXS,C-Class,70749,71188,71357,3.9876215997571634e-06,1.231651329760296e-07
4 april 2026,SoLEXS,C-Class,82766,83087,83403,5.88030842350065e-06,7.658003842653181e-08
4 april 2026,HEL1OS,B-Class,602,602,1219,6.656964809384172e-07,1.9631914248153872e-08
4 april 2026,HEL1OS,B-Class,1220,1292,1653,6.712023460410318e-07,1.9631914248153872e-08
4 april 2026,HEL1OS,B-Class,1656,1766,1820,6.284417029021922e-07,1.9631914248153872e-08
4 april 2026,HEL1OS,C-Class,2136,2197,2257,1.0758822934573385e-06,7.641622004246871e-08
4 april 2026,HEL1OS,X-Class,4298,4507,5327,0.00014125094145009103,7.038729901910963e-08
4 april 2026,HEL1OS,B-Class,9425,9961,10024,8.125027808676016e-07,-2.7303064010515396e-09
4 april 2026,HEL1OS,B-Class,10033,10110,10444,7.570937405197425e-07,-2.7303064010515396e-09
4 april 2026,HEL1OS,C-Class,10509,10589,10630,1.0849064617251104e-06,-2.7303064010515396e-09
4 april 2026,HEL1OS,B-Class,12018,12117,12149,8.87082617049215e-07,6.586914753766577e-08
4 april 2026,HEL1OS,B-Class,16831,16842,17430,7.944443320861281e-07,-1.3410658307209557e-07
4 april 2026,HEL1OS,B-Class,17432,17449,17572,7.669370007078298e-07,-1.3410658307209557e-07
4 april 2026,HEL1OS,B-Class,17573,17591,17772,7.090363029628628e-07,-1.3410658307209557e-07
4 april 2026,HEL1OS,B-Class,17779,17983,18182,7.295742744463285e-07,-1.3410658307209557e-07
4 april 2026,HEL1OS,B-Class,18815,18837,19134,6.643421984022413e-07,6.217008797653738e-08
4 april 2026,HEL1OS,B-Class,19135,19152,19432,7.7955506117906e-07,2.452421882900103e-08
4 april 2026,HEL1OS,B-Class,19434,19793,19811,7.256021842450949e-07,2.452421882900103e-08
4 april 2026,HEL1OS,B-Class,19812,20058,20452,7.832703003336762e-07,2.452421882900103e-08
4 april 2026,HEL1OS,B-Class,20483,20643,20663,6.680250783698822e-07,-8.51147739913004e-08
4 april 2026,HEL1OS,B-Class,20709,20764,21279,7.529821013246775e-07,-8.51147739913004e-08
4 april 2026,HEL1OS,C-Class,22123,22240,22710,2.0622125594093713e-06,8.009303266255157e-08
4 april 2026,HEL1OS,B-Class,22711,22731,22876,8.521023359287794e-07,-1.3348164627368777e-10
4 april 2026,HEL1OS,B-Class,22877,23136,23366,6.88720800889853e-07,-1.3348164627368777e-10
4 april 2026,HEL1OS,C-Class,23391,23527,23695,1.4442693902315187e-06,-1.3348164627368777e-10
4 april 2026,HEL1OS,B-Class,23696,23767,24039,6.945757912832192e-07,2.3486702396601533e-08
4 april 2026,HEL1OS,B-Class,24141,24202,24373,6.793265244210497e-07,4.669632925472582e-08
4 april 2026,HEL1OS,B-Class,24465,24484,24828,7.986854080290948e-07,4.669632925472582e-08
4 april 2026,HEL1OS,C-Class,24831,25116,25314,1.2050844372534709e-06,4.669632925472582e-08
4 april 2026,HEL1OS,B-Class,25535,25642,26089,7.798240469207932e-07,-1.255576903630252e-07
4 april 2026,HEL1OS,B-Class,26097,26719,26809,9.549317423399396e-07,-1.255576903630252e-07
4 april 2026,HEL1OS,B-Class,27034,27460,27592,7.408696531499383e-07,7.116998685407801e-09
4 april 2026,HEL1OS,C-Class,27604,28471,28928,9.851269086863842e-06,7.116998685407801e-09
4 april 2026,HEL1OS,C-Class,29441,29457,30045,1.276021842451163e-06,1.6578824957022362e-07
4 april 2026,HEL1OS,B-Class,30174,30181,30314,8.267913843664384e-07,3.3083223784001296e-08
4 april 2026,HEL1OS,B-Class,30521,30634,30654,6.338355748811585e-07,3.3083223784001296e-08
4 april 2026,HEL1OS,B-Class,31249,31384,31428,8.435109717868038e-07,4.7335423197490476e-08
4 april 2026,HEL1OS,B-Class,31941,32058,32107,6.256628577206774e-07,4.7335423197490476e-08
4 april 2026,HEL1OS,B-Class,32108,32207,32578,8.067489129335337e-07,-8.322378400242372e-09
4 april 2026,HEL1OS,B-Class,32693,32739,32818,6.641015269491117e-07,-1.4640509657194326e-08
4 april 2026,HEL1OS,B-Class,33188,33259,33341,8.240307412275972e-07,-1.4640509657194326e-08
4 april 2026,HEL1OS,B-Class,34951,35028,35550,7.34903428051344e-07,4.746283749620622e-08
4 april 2026,HEL1OS,B-Class,35628,35893,35985,9.154798260693374e-07,-8.366265547577819e-08
4 april 2026,HEL1OS,B-Class,36088,36135,36228,6.594418040246504e-07,-8.366265547577819e-08
4 april 2026,HEL1OS,B-Class,36292,36382,36598,6.090403478612383e-07,6.92041662453206e-08
4 april 2026,HEL1OS,B-Class,36599,36717,36891,6.623237941146492e-07,1.0862574577813361e-08
4 april 2026,HEL1OS,B-Class,36979,37278,37495,6.4671857619575e-07,1.0862574577813361e-08
4 april 2026,HEL1OS,B-Class,37584,37950,38112,7.844230963696757e-07,1.0623925573869529e-08
4 april 2026,HEL1OS,B-Class,38365,38496,38515,6.750389321468057e-07,1.0623925573869529e-08
4 april 2026,HEL1OS,B-Class,38516,38996,39108,8.201253918495007e-07,-2.1660430781675824e-08
4 april 2026,HEL1OS,B-Class,39111,39124,39500,6.197188795631288e-07,-2.1660430781675824e-08
4 april 2026,HEL1OS,B-Class,39501,39686,39711,6.724198604509821e-07,-2.1660430781675824e-08
4 april 2026,HEL1OS,B-Class,41205,41357,41370,7.654505005561463e-07,4.04772980078861e-08
4 april 2026,HEL1OS,B-Class,41371,41389,41564,9.486621498634507e-07,4.04772980078861e-08
4 april 2026,HEL1OS,B-Class,41569,41617,41720,7.797835979370741e-07,-4.5788249570227705e-09
4 april 2026,HEL1OS,B-Class,41725,41866,41923,6.650500556173289e-07,-4.5788249570227705e-09
4 april 2026,HEL1OS,B-Class,42026,42178,42477,9.102983112548971e-07,-4.5788249570227705e-09
4 april 2026,HEL1OS,B-Class,42596,42750,43028,8.831610880776306e-07,-3.208817878450688e-08
4 april 2026,HEL1OS,C-Class,43380,43706,44339,2.142277277783319e-06,-1.2266659925168946e-07
4 april 2026,HEL1OS,C-Class,70725,70827,71574,1.4375983415916163e-06,-1.2559409444837248e-09
4 april 2026,HEL1OS,C-Class,82795,82917,83412,1.542818282940586e-06,-5.308929113155845e-10
4 feb 2026,SoLEXS,M-Class,13926,14076,14355,1.4631760542015861e-05,1.5493386591161344e-06
4 feb 2026,SoLEXS,C-Class,22789,22934,23255,2.031561330771492e-06,2.6089796743855877e-07
4 feb 2026,SoLEXS,M-Class,33564,33613,33763,1.3719365962179711e-05,1.486616442511829e-06
4 feb 2026,SoLEXS,M-Class,36696,36726,36916,2.5345115785214992e-05,2.0704823541307786e-06
4 feb 2026,SoLEXS,C-Class,38685,38770,39122,9.554329052482216e-06,1.3890929315400452e-06
4 feb 2026,SoLEXS,M-Class,39381,39963,81953,1.0356170492466008e-05,1.780315502072947e-06
4 feb 2026,SoLEXS,B-Class,81959,81995,82559,6.68937202952752e-07,-4.7259379108098234e-07
4 feb 2026,HEL1OS,B-Class,734,751,866,3.2502073010414454e-07,-2.0234604105570866e-09
4 feb 2026,HEL1OS,B-Class,1542,1673,1780,6.585782182222436e-07,4.519971685711237e-08
4 feb 2026,HEL1OS,C-Class,3568,3619,3938,1.7225492971988465e-06,9.230660329658887e-08
4 feb 2026,HEL1OS,C-Class,4001,4095,4399,7.469924158155261e-06,1.1424815451511374e-07
4 feb 2026,HEL1OS,C-Class,8623,8654,8749,2.6076539589441886e-06,8.71372231772646e-08
4 feb 2026,HEL1OS,M-Class,8765,9443,9741,4.172952371321522e-05,8.71372231772646e-08
4 feb 2026,HEL1OS,B-Class,13469,13594,13609,3.41233694003426e-07,2.8179795732631224e-08
4 feb 2026,HEL1OS,M-Class,13673,13993,14461,1.0684630397410884e-05,2.8179795732631224e-08
4 feb 2026,HEL1OS,B-Class,14680,14683,14864,6.3206593184344e-07,1.0821721104256873e-07
4 feb 2026,HEL1OS,B-Class,15443,15532,15752,3.569187986651708e-07,-2.744665790271927e-08
4 feb 2026,HEL1OS,B-Class,16090,16108,16212,3.255243199514496e-07,-2.744665790271927e-08
4 feb 2026,HEL1OS,B-Class,16241,16267,16418,3.025310951562234e-07,-2.744665790271927e-08
4 feb 2026,HEL1OS,B-Class,16419,16437,16557,5.066305996561655e-07,-2.744665790271927e-08
4 feb 2026,HEL1OS,B-Class,17402,17511,17552,3.5375366568913696e-07,-1.2539184952976053e-10
4 feb 2026,HEL1OS,B-Class,18145,18233,18307,3.4538375973302434e-07,-1.2539184952976053e-10
4 feb 2026,HEL1OS,B-Class,18327,18380,18467,3.146556780260784e-07,-1.2539184952976053e-10
4 feb 2026,HEL1OS,C-Class,22617,22798,23098,1.5976499140458524e-06,3.5180503589846057e-08
4 feb 2026,HEL1OS,B-Class,30648,30720,30896,6.049661239761135e-07,3.484275457579003e-08
4 feb 2026,HEL1OS,B-Class,30944,31025,31166,5.360835271513612e-07,3.484275457579003e-08
4 feb 2026,HEL1OS,C-Class,32426,32464,32583,4.20424208716741e-06,1.0065527353624882e-07
4 feb 2026,HEL1OS,M-Class,33510,33572,33880,3.158964910506511e-05,7.942360198199736e-08
4 feb 2026,HEL1OS,C-Class,34482,34513,34607,1.4776003640408006e-06,7.03913439174816e-08
4 feb 2026,HEL1OS,C-Class,35549,35764,35952,1.7769552027504674e-06,7.03913439174816e-08
4 feb 2026,HEL1OS,M-Class,36667,36705,36975,9.174406107796214e-05,3.2124582869854246e-07
4 feb 2026,HEL1OS,C-Class,38534,38679,39168,8.027114976235936e-06,8.995044999494068e-08
4 feb 2026,HEL1OS,C-Class,39380,39926,81950,2.1006775204772233e-06,2.7906259480229563e-07
4 feb 2026,HEL1OS,B-Class,81957,82009,82088,3.66042066943055e-07,-5.0797856203861054e-08
4 feb 2026,HEL1OS,B-Class,82124,82313,82418,3.74952978056413e-07,-5.0797856203861054e-08
4 feb 2026,HEL1OS,B-Class,85781,85888,85919,4.3964303771866165e-07,5.149964607139064e-08
4 feb 2026,HEL1OS,B-Class,85920,85940,86125,3.916240266963153e-07,-7.135997067448675e-08
4 feb 2026,HEL1OS,B-Class,86126,86167,86248,3.5257053291534797e-07,-7.135997067448675e-08
5 April 2026,SoLEXS,C-Class,7094,7471,7646,1.6241915259378528e-06,7.171908180806702e-08
5 April 2026,SoLEXS,B-Class,24517,24546,24673,4.096713520072662e-07,4.908281929416349e-08
5 April 2026,SoLEXS,B-Class,39740,39789,39952,3.9614925674991004e-07,5.376782283344939e-08
5 April 2026,SoLEXS,B-Class,46682,46823,46922,4.046526443522962e-07,3.237435534432082e-08
5 April 2026,SoLEXS,B-Class,71377,71449,71517,1.458580240671401e-07,1.3732429972696445e-08
5 April 2026,SoLEXS,C-Class,85369,85653,86039,1.0504004449387834e-06,6.657902720193917e-08
5 April 2026,HEL1OS,B-Class,43360,43574,43589,3.4204874102536954e-07,-2.3972899180907225e-07
5 April 2026,HEL1OS,B-Class,46801,47041,47168,3.408777429466963e-07,3.4526241278186605e-08
5 April 2026,HEL1OS,B-Class,47295,47366,47418,3.59162706036998e-07,1.7475983415916042e-08
5 April 2026,HEL1OS,B-Class,47449,47489,47586,3.707715643644321e-07,1.7475983415916042e-08
5 April 2026,HEL1OS,B-Class,48300,48314,48464,3.68469005966212e-07,2.1067853170188358e-08
5 April 2026,HEL1OS,B-Class,48807,48957,49006,3.3104358377994577e-07,2.1067853170188358e-08
5 April 2026,HEL1OS,B-Class,49007,49026,49290,3.4278693497824646e-07,2.1067853170188358e-08
5 April 2026,HEL1OS,B-Class,51552,51596,51698,3.687531600768399e-07,2.7281828294063135e-08
5 April 2026,HEL1OS,B-Class,51916,51938,52057,2.963272322782784e-07,-1.814136919809842e-09
5 April 2026,HEL1OS,B-Class,52653,52780,52808,3.4245221963796934e-07,-1.814136919809842e-09
5 April 2026,HEL1OS,B-Class,52908,53052,53105,2.8939225401960743e-07,-1.814136919809842e-09
5 April 2026,HEL1OS,B-Class,54213,54271,54434,4.1140357973504445e-07,-1.235716452624084e-08
5 April 2026,HEL1OS,B-Class,54814,54832,54953,4.973232885023586e-07,-1.235716452624084e-08
5 April 2026,HEL1OS,B-Class,54989,55138,55358,3.269754272423789e-07,-1.235716452624084e-08
5 April 2026,HEL1OS,B-Class,55509,55526,55682,3.4031550207299826e-07,1.0609768429567848e-08
5 April 2026,HEL1OS,B-Class,56066,56119,56214,3.5157852158963246e-07,1.0609768429567848e-08
5 April 2026,HEL1OS,B-Class,57881,57927,58057,3.202983112549183e-07,2.1838406310040698e-08
5 April 2026,HEL1OS,B-Class,58129,58151,58262,3.98462938618653e-07,2.1838406310040698e-08
5 April 2026,HEL1OS,B-Class,58566,58635,58745,3.8636161391443655e-07,2.1838406310040698e-08
5 April 2026,HEL1OS,B-Class,58813,58827,58994,3.1344928708665073e-07,2.1838406310040698e-08
5 April 2026,HEL1OS,B-Class,59980,60088,60137,3.686065325108575e-07,1.6579027201940964e-08
5 April 2026,HEL1OS,B-Class,60139,60240,60279,3.244524218828886e-07,1.6579027201940964e-08
5 April 2026,HEL1OS,B-Class,60384,60446,60516,3.4679239559104837e-07,1.6579027201940964e-08
5 April 2026,HEL1OS,B-Class,60519,60598,60652,3.271513803215578e-07,1.6579027201940964e-08
5 April 2026,HEL1OS,B-Class,60760,60777,60907,3.733238952371189e-07,1.6579027201940964e-08
5 April 2026,HEL1OS,B-Class,62677,62814,62893,3.632520982910175e-07,2.1444028718777686e-08
5 April 2026,HEL1OS,B-Class,63292,63411,63434,2.9066336333298586e-07,2.1444028718777686e-08
5 April 2026,HEL1OS,B-Class,63962,64010,64108,4.006461725149012e-07,-2.682374355344222e-08
5 April 2026,HEL1OS,B-Class,64235,64290,64363,2.877459803822326e-07,-2.682374355344222e-08
5 April 2026,HEL1OS,B-Class,64673,65046,65066,4.134159166750788e-07,-2.682374355344222e-08
5 April 2026,HEL1OS,B-Class,66450,66554,66593,3.2344423096368546e-07,1.9981797957325575e-08
5 April 2026,HEL1OS,B-Class,66755,66888,66905,2.844301749418444e-07,1.9981797957325575e-08
5 April 2026,HEL1OS,B-Class,66961,67166,67183,3.2464455455555523e-07,1.9981797957325575e-08
5 April 2026,HEL1OS,B-Class,67262,67398,67476,3.143684902416715e-07,1.9981797957325575e-08
5 April 2026,HEL1OS,B-Class,69292,69366,69528,4.086176559813789e-07,3.499443826473736e-08
5 April 2026,HEL1OS,B-Class,69531,69697,69722,3.452078066538456e-07,1.3096369703710746e-08
5 April 2026,HEL1OS,B-Class,69723,69865,69895,2.87276772171089e-07,1.3096369703710746e-08
5 April 2026,HEL1OS,B-Class,70082,70102,70269,4.2562240873696527e-07,1.3096369703710746e-08
5 April 2026,HEL1OS,B-Class,70279,70323,70450,3.828243502881853e-07,1.3096369703710746e-08
5 April 2026,HEL1OS,B-Class,70709,70809,70909,2.929436747901604e-07,1.5469713823439655e-08
5 April 2026,HEL1OS,B-Class,71287,71358,71461,3.2827586206895377e-07,1.5469713823439655e-08
5 April 2026,HEL1OS,B-Class,72548,72629,72746,3.239346748912818e-07,-1.7930023258165034e-08
5 April 2026,HEL1OS,B-Class,72837,72884,72958,3.9853776923853366e-07,-1.7930023258165034e-08
5 April 2026,HEL1OS,B-Class,73108,73276,73291,3.6813226817674896e-07,-1.7930023258165034e-08
5 April 2026,HEL1OS,B-Class,79933,80020,80133,3.52850642127604e-07,-1.7257558903831873e-08
5 April 2026,HEL1OS,B-Class,80974,80988,81148,2.989007988674178e-07,2.2166043078166833e-08
5 April 2026,HEL1OS,B-Class,81368,81455,81582,3.1956517342500625e-07,2.2166043078166833e-08
5 April 2026,HEL1OS,B-Class,82277,82369,82423,2.7281828294063135e-07,2.059257761148678e-08
5 April 2026,HEL1OS,B-Class,83019,83154,83342,3.102416826777116e-07,2.059257761148678e-08
5 April 2026,HEL1OS,B-Class,85441,85524,85796,4.4664172312669054e-07,3.935382748508304e-08
5 April 2026,HEL1OS,B-Class,85797,86006,86025,3.572201435938794e-07,-6.66055718475074e-08
5 February 2026,SoLEXS,C-Class,6616,6674,6793,2.2766245323085444e-06,3.7025280614823234e-07
5 February 2026,SoLEXS,C-Class,10155,10393,10498,4.808759227424239e-06,6.10463140863564e-07
5 February 2026,SoLEXS,M-Class,14677,15145,15212,1.5504855900494944e-05,9.712731317625297e-07
5 February 2026,SoLEXS,C-Class,28762,28897,29146,4.194699160683438e-06,4.1167155425218474e-07
5 February 2026,SoLEXS,C-Class,30457,30622,31008,6.580953584790947e-06,3.70776620487397e-07
5 February 2026,SoLEXS,C-Class,36598,36868,37097,3.9822257053290115e-06,4.423875012640149e-07
5 February 2026,HEL1OS,C-Class,6520,6583,6754,1.3564647588228863e-06,-1.2063909394276035e-08
5 February 2026,HEL1OS,B-Class,8183,8245,8343,3.01706947112943e-07,-1.6422287390028739e-09
5 February 2026,HEL1OS,C-Class,10028,10127,11053,1.990615835777055e-06,1.4966123976134572e-09
5 February 2026,HEL1OS,M-Class,14445,14875,15192,1.010588330468161e-05,3.927596319142343e-09
5 February 2026,HEL1OS,C-Class,18273,18348,18810,2.2858651026392145e-06,3.6755384770956316e-07
5 February 2026,HEL1OS,C-Class,22421,22646,23271,3.268231368186758e-06,2.4859945393871096e-08
5 February 2026,HEL1OS,C-Class,28660,28787,29128,2.3857316209929376e-06,-8.346647790473965e-09
5 February 2026,HEL1OS,C-Class,30356,30536,30975,6.817158458893477e-06,-1.8282940641115744e-09
5 February 2026,HEL1OS,C-Class,31299,31540,32008,2.149950449994867e-06,1.68192941652335e-07
5 February 2026,HEL1OS,B-Class,32775,32868,32947,2.75322075032855e-07,-6.1644251188186704e-09
5 February 2026,HEL1OS,C-Class,36504,36619,37276,1.837597330367009e-06,6.552735362523792e-10
5 February 2026,HEL1OS,B-Class,37277,37325,37415,2.5744969157648995e-07,2.5666902619070784e-08
5 February 2026,HEL1OS,B-Class,39885,39897,81882,5.31305490949521e-07,-1.2086156335321644e-07
5 February 2026,HEL1OS,B-Class,83650,83720,83832,3.198735969258658e-07,-3.7718677318233205e-10
5 February 2026,HEL1OS,B-Class,84273,84362,84582,3.4111234705226813e-07,-5.062089190008923e-08
5 February 2026,HEL1OS,B-Class,84615,84653,84766,3.8066235210838965e-07,-5.062089190008923e-08
5 February 2026,HEL1OS,B-Class,84918,84971,85067,2.8091111335826683e-07,-5.062089190008923e-08
5 February 2026,HEL1OS,B-Class,85813,85955,86232,4.3042572555363013e-07,-1.1814149560117284e-07
5 January 2026,SoLEXS,B-Class,66521,66670,66670,9.578673273333667e-07,1.5887855192637719e-07
5 January 2026,HEL1OS,C-Class,43181,43827,43911,2.49616442511873e-06,-1.4419354838709165e-07
5 January 2026,HEL1OS,B-Class,44056,44112,44338,4.2396501162906766e-07,-1.4419354838709165e-07
5 January 2026,HEL1OS,B-Class,44459,44607,44679,2.7041561330770603e-07,1.5566791384365942e-08
5 January 2026,HEL1OS,B-Class,45147,45182,45337,3.429456972393446e-07,1.1815148144402446e-08
5 January 2026,HEL1OS,B-Class,47832,47888,47965,3.1584993427039016e-07,-5.479826069369812e-09
5 January 2026,HEL1OS,B-Class,48241,48273,48392,3.2827586206895377e-07,9.591465264434887e-09
5 January 2026,HEL1OS,B-Class,48528,48548,48665,3.3620082920415426e-07,9.591465264434887e-09
5 January 2026,HEL1OS,B-Class,48800,48872,48989,3.613894225907445e-07,-5.3197492163007455e-08
5 January 2026,HEL1OS,B-Class,49094,49160,49258,3.577075538476968e-07,-7.459095965213606e-08
5 January 2026,HEL1OS,B-Class,51517,51604,51640,3.416927899686398e-07,-3.957124077257417e-08
5 January 2026,HEL1OS,B-Class,52083,52273,52286,3.237920922236713e-07,-3.8231368186872936e-08
5 January 2026,HEL1OS,B-Class,52296,52405,52479,2.9902214581857564e-07,-9.233188391141343e-08
5 January 2026,HEL1OS,B-Class,53141,53171,53265,3.886115886338217e-07,-9.233188391141343e-08
5 January 2026,HEL1OS,B-Class,53308,53424,53463,3.242107392051659e-07,-9.233188391141343e-08
5 January 2026,HEL1OS,B-Class,54075,54086,54203,2.952189301243701e-07,-7.225806451612646e-08
5 January 2026,HEL1OS,B-Class,54288,54451,54460,3.788947315198571e-07,-6.948326423298366e-08
5 January 2026,HEL1OS,B-Class,54714,54778,54848,3.322924461522785e-07,-6.948326423298366e-08
5 January 2026,HEL1OS,B-Class,55739,55828,55895,3.2841945596115725e-07,-1.1161998179795337e-07
5 January 2026,HEL1OS,B-Class,58665,58766,58797,3.294306805541393e-07,-7.972191323692709e-08
5 January 2026,HEL1OS,B-Class,59490,59554,59633,3.079209222368178e-07,-8.320861563352921e-08
5 January 2026,HEL1OS,B-Class,60831,60931,61020,3.5219435736675866e-07,-8.777429467084324e-08
5 June 2026,SoLEXS,C-Class,53800,54118,54343,1.5370745272524481e-06,8.887450702800775e-08
5 June 2026,HEL1OS,B-Class,53936,54077,54271,2.750581454140867e-07,-4.1055718475071847e-10
5 May 2026,SoLEXS,C-Class,19519,19668,20081,3.1955071291332663e-06,1.034867023965986e-07
5 May 2026,HEL1OS,C-Class,19477,19623,20062,1.4663889169784085e-06,-1.3247042168065054e-09
5 May 2026,HEL1OS,B-Class,20384,20389,20509,2.3323996359590633e-07,3.2379411467285733e-08
5 May 2026,HEL1OS,B-Class,43220,43279,43373,4.774213772878786e-07,-6.568914956011495e-08
6 February 2026,SoLEXS,C-Class,21005,21279,21541,2.086809586409067e-06,1.2127717666093206e-07
6 February 2026,SoLEXS,C-Class,37140,37285,37415,3.208508443725237e-06,3.1777429467083504e-07
6 February 2026,SoLEXS,C-Class,77455,77550,77964,1.8891070886843295e-06,1.4325614318939727e-07
6 February 2026,HEL1OS,B-Class,1752,1873,1931,3.981363130751198e-07,2.5319041359084937e-08
6 February 2026,HEL1OS,B-Class,1957,2092,2109,2.9778946303973043e-07,-1.7144301749417933e-08
6 February 2026,HEL1OS,B-Class,2111,2253,2320,3.46530488421466e-07,-1.7144301749417933e-08
6 February 2026,HEL1OS,B-Class,2372,2497,2520,3.1240064718372836e-07,-3.6705430276062975e-08
6 February 2026,HEL1OS,B-Class,2951,2991,3136,3.9305895439375684e-07,-3.6705430276062975e-08
6 February 2026,HEL1OS,B-Class,3167,3294,3333,3.680988977651805e-07,-3.6705430276062975e-08
6 February 2026,HEL1OS,B-Class,3398,3622,3635,4.43628273839604e-07,1.7045201739305695e-08
6 February 2026,HEL1OS,B-Class,3803,3824,3935,3.7181615936898263e-07,-8.164627363737207e-09
6 February 2026,HEL1OS,B-Class,4027,4136,4151,3.179836181615824e-07,-8.164627363737207e-09
6 February 2026,HEL1OS,B-Class,4160,4208,4295,2.997107897663964e-07,-8.164627363737207e-09
6 February 2026,HEL1OS,B-Class,4667,4759,4808,3.077763171200214e-07,-6.80837293962965e-08
6 February 2026,HEL1OS,B-Class,4817,4973,5011,3.989190009100879e-07,-6.80837293962965e-08
6 February 2026,HEL1OS,B-Class,5868,5945,6010,3.738891697845958e-07,-5.3372434017593406e-08
6 February 2026,HEL1OS,B-Class,6147,6278,6293,3.025634543431988e-07,-5.3372434017593406e-08
6 February 2026,HEL1OS,B-Class,7121,7153,7261,3.4775002528060244e-07,-1.1783800182020006e-08
6 February 2026,HEL1OS,B-Class,7562,7625,7686,3.7263929618767e-07,-1.1783800182020006e-08
6 February 2026,HEL1OS,B-Class,8336,8368,8465,3.358863383557368e-07,1.9751238750125713e-08
6 February 2026,HEL1OS,B-Class,9369,9505,9543,3.365223986247225e-07,-1.9953483668722098e-08
6 February 2026,HEL1OS,B-Class,11020,11061,11141,3.470937405197571e-07,-1.0884720396399653e-07
6 February 2026,HEL1OS,B-Class,11959,11988,12106,3.0615431287287814e-07,-8.91151784811375e-08
6 February 2026,HEL1OS,B-Class,12676,12746,12817,3.3977550814034584e-07,-8.91151784811375e-08
6 February 2026,HEL1OS,B-Class,14795,14885,14934,3.2453028617654823e-07,-8.991202346040736e-08
6 February 2026,HEL1OS,B-Class,15455,15475,15595,3.5599150571340625e-07,-8.991202346040736e-08
6 February 2026,HEL1OS,B-Class,15946,16071,16092,3.20709879664262e-07,-6.164020628981478e-08
6 February 2026,HEL1OS,B-Class,20267,20359,20412,3.529628880574249e-07,-1.0181818181817819e-07
6 February 2026,HEL1OS,B-Class,20878,20960,21002,4.413368389119066e-07,-8.165638588330177e-08
6 February 2026,HEL1OS,B-Class,21058,21217,21234,5.830114268378798e-07,-8.165638588330177e-08
6 February 2026,HEL1OS,B-Class,28267,28302,28404,4.3057336434420555e-07,-7.184851855596872e-08
6 February 2026,HEL1OS,B-Class,28433,28468,28571,5.006744868035013e-07,-7.184851855596872e-08
6 February 2026,HEL1OS,C-Class,37027,37258,37434,1.3880271008190427e-06,-7.593588836080222e-08
6 February 2026,HEL1OS,B-Class,77440,77480,77706,7.646566892506552e-07,-9.44483769845248e-10
6 January 2026,SoLEXS,C-Class,28353,28449,28679,1.718469005966164e-06,1.9188290019212582e-07
6 January 2026,SoLEXS,C-Class,57140,57302,57427,1.6404156133076572e-06,2.840408534735463e-07
6 January 2026,SoLEXS,C-Class,58118,58161,58247,2.523260188087684e-06,3.2942966932954634e-07
6 January 2026,HEL1OS,C-Class,43181,43827,43908,3.2700384265344167e-06,-2.792739407422289e-07
6 January 2026,HEL1OS,B-Class,44133,44187,44410,3.348296086560706e-07,-2.792739407422289e-07
6 January 2026,HEL1OS,B-Class,45356,45714,45727,5.745141065830516e-07,-2.190615835777055e-08
6 January 2026,HEL1OS,B-Class,45735,45789,45865,3.7120639093941436e-07,-1.5541005157244868e-07
6 January 2026,HEL1OS,B-Class,45959,45970,46089,7.927272727272444e-07,-1.5541005157244868e-07
6 January 2026,HEL1OS,B-Class,46166,46237,46292,4.0541207402162574e-07,-1.5541005157244868e-07
6 January 2026,HEL1OS,B-Class,46420,46525,46545,4.19775508140343e-07,-1.5541005157244868e-07
6 January 2026,HEL1OS,B-Class,46546,46686,46766,3.821609869551891e-07,-1.5541005157244868e-07
6 January 2026,HEL1OS,B-Class,49265,49284,49406,4.059197087673027e-07,-6.04641520881767e-08
6 January 2026,HEL1OS,B-Class,49407,49546,49764,4.334128830012991e-07,-6.04641520881767e-08
6 January 2026,HEL1OS,B-Class,51458,51480,51624,3.472150874709149e-07,-5.5466680149659254e-08
6 January 2026,HEL1OS,B-Class,51722,51826,51855,3.658903832541077e-07,-5.5466680149659254e-08
6 January 2026,HEL1OS,B-Class,51892,51904,52048,4.813530185053928e-07,-5.5466680149659254e-08
6 January 2026,HEL1OS,B-Class,52129,52304,52378,3.069653149964497e-07,-5.5466680149659254e-08
6 January 2026,HEL1OS,B-Class,60810,60905,60937,3.1628577206996545e-07,1.3428051370208871e-08
6 January 2026,HEL1OS,B-Class,60938,61028,61230,3.4572959854382425e-07,1.3428051370208871e-08
6 January 2026,HEL1OS,B-Class,61456,61471,61782,3.112094246131955e-07,1.3428051370208871e-08
6 January 2026,HEL1OS,B-Class,66810,66911,67045,3.25217918899776e-07,2.6181615936898652e-08
6 January 2026,HEL1OS,B-Class,67652,67674,67833,3.178632824350175e-07,1.354130852462286e-08
6 January 2026,HEL1OS,B-Class,67836,68023,68060,3.750298311254796e-07,1.354130852462286e-08
6 January 2026,HEL1OS,B-Class,69062,69168,69216,3.916563858832907e-07,1.0454039842248566e-08
6 January 2026,HEL1OS,B-Class,69217,69433,69510,4.199666295884166e-07,1.0454039842248566e-08
6 January 2026,HEL1OS,B-Class,69886,70009,70033,4.0331277176659496e-07,1.0454039842248566e-08
6 January 2026,HEL1OS,B-Class,70422,70434,70627,3.4112347052279087e-07,9.060572353119327e-09
6 January 2026,HEL1OS,B-Class,71213,71301,71576,3.421377287895519e-07,9.060572353119327e-09
6 January 2026,HEL1OS,B-Class,71589,71844,72016,7.395368591363877e-07,2.3682879967639876e-09
6 January 2026,HEL1OS,B-Class,72189,72408,72465,3.5286783294568463e-07,2.3682879967639876e-09
6 January 2026,HEL1OS,B-Class,72594,72743,72857,3.028304176357461e-07,2.3682879967639876e-09
6 January 2026,HEL1OS,B-Class,72913,73078,73127,3.4172413793102234e-07,3.2156942056829547e-09
6 January 2026,HEL1OS,B-Class,73459,73481,73616,3.7586813631306174e-07,3.266761047628565e-08
6 January 2026,HEL1OS,B-Class,76056,76237,76254,4.469450905045851e-07,9.284052988168378e-09
6 January 2026,HEL1OS,B-Class,76858,76919,76998,2.9105268480128395e-07,9.284052988168378e-09
6 January 2026,HEL1OS,B-Class,77222,77300,77355,3.175032864799159e-07,-3.319546971382227e-08
6 January 2026,HEL1OS,B-Class,77357,77645,77663,4.465325108706485e-07,-3.319546971382227e-08
6 January 2026,HEL1OS,B-Class,78142,78247,78283,3.342077055313866e-07,-3.319546971382227e-08
6 January 2026,HEL1OS,B-Class,78744,78893,78925,4.1746485994537896e-07,1.708059460006002e-08
6 January 2026,HEL1OS,B-Class,79186,79325,79422,3.582627161492439e-07,1.708059460006002e-08
6 January 2026,HEL1OS,B-Class,79503,79535,79640,3.0819496410151596e-07,1.708059460006002e-08
6 January 2026,HEL1OS,B-Class,81497,81551,81624,3.236960258873381e-07,2.440893922540102e-08
6 January 2026,HEL1OS,B-Class,82666,82801,82855,3.0253008393163045e-07,-2.271210435837721e-08
6 January 2026,HEL1OS,B-Class,83357,83371,83481,3.614035797350462e-07,-2.271210435837721e-08
6 January 2026,HEL1OS,B-Class,83493,83586,83631,3.1298412377387896e-07,-5.9247648902819195e-09
6 January 2026,HEL1OS,B-Class,83872,83993,84064,3.982293457376741e-07,-3.7388006876325906e-08
6 January 2026,HEL1OS,B-Class,84109,84128,84309,4.25809485286667e-07,-3.7388006876325906e-08
6 January 2026,HEL1OS,B-Class,84658,84993,85011,4.848933158054231e-07,-9.651532005258023e-08
6 January 2026,HEL1OS,B-Class,85157,85181,85605,3.890848417433373e-07,-9.651532005258023e-08
6 January 2026,HEL1OS,B-Class,85606,85618,85732,3.4575083426027686e-07,-9.651532005258023e-08
6 January 2026,HEL1OS,B-Class,85893,86148,86170,3.627606431388282e-07,2.112377389018096e-08
6 January 2026,HEL1OS,B-Class,86172,86183,86338,3.692163009404257e-07,2.112377389018096e-08
6 June 2026,SoLEXS,B-Class,23305,23383,23728,9.478380018201705e-07,8.618970573364036e-08
6 June 2026,SoLEXS,C-Class,47640,47866,48207,4.158398220244568e-06,1.5488320355950504e-07
6 June 2026,SoLEXS,C-Class,49774,50043,50047,7.477722722216339e-06,9.092375366568591e-07
6 June 2026,HEL1OS,B-Class,43222,43298,43474,4.069137425422041e-07,-3.108817878450694e-07
6 June 2026,HEL1OS,B-Class,43475,43494,43605,4.503003337040996e-07,-3.108817878450694e-07
6 June 2026,HEL1OS,B-Class,43606,43815,43828,6.510961674587694e-07,-3.108817878450694e-07
6 June 2026,HEL1OS,B-Class,46364,46717,46784,4.3775204772978514e-07,1.5204772980078334e-08
6 June 2026,HEL1OS,B-Class,46785,46882,46962,3.5322985134997224e-07,1.5204772980078334e-08
6 June 2026,HEL1OS,B-Class,47049,47132,47503,6.135827687329138e-07,1.5204772980078334e-08
6 June 2026,HEL1OS,C-Class,47602,47828,48185,3.511745373647362e-06,9.682070987966081e-08
6 June 2026,HEL1OS,C-Class,48186,48201,48373,1.4017231267063915e-06,1.6636667003740944e-07
6 June 2026,HEL1OS,C-Class,49362,49488,49945,3.831882900191996e-06,1.1491657397107484e-07
6 June 2026,HEL1OS,C-Class,51179,51291,51778,1.0849125290726684e-06,2.99514612195357e-08
6 June 2026,HEL1OS,B-Class,51779,51796,52356,7.019435736676865e-07,2.99514612195357e-08
6 June 2026,HEL1OS,B-Class,63698,63709,63830,3.529780564263197e-07,3.184447365759821e-08
6 June 2026,HEL1OS,B-Class,64434,64577,64736,4.335625442410605e-07,4.741126504196411e-08
6 June 2026,HEL1OS,B-Class,64916,64953,65043,3.51493578723822e-07,2.367175649711715e-08
6 June 2026,HEL1OS,B-Class,65048,65060,65399,4.831135605217747e-07,2.367175649711715e-08
6 June 2026,HEL1OS,B-Class,65406,65418,65694,4.5698958438667604e-07,2.367175649711715e-08
6 June 2026,HEL1OS,B-Class,65727,65751,65909,3.967944180402326e-07,2.367580139548913e-08
6 June 2026,HEL1OS,B-Class,66001,66207,66464,5.010567296996485e-07,2.367580139548913e-08
6 June 2026,HEL1OS,B-Class,72210,72377,72426,4.1604914551520413e-07,2.3412883001313786e-08
6 June 2026,HEL1OS,B-Class,72428,72522,72646,4.3220548083727856e-07,2.3412883001313786e-08
6 June 2026,HEL1OS,B-Class,72896,72938,73170,5.989281019314175e-07,2.3412883001313786e-08
6 June 2026,HEL1OS,B-Class,79584,79693,79740,3.5693396703406555e-07,3.675801395489805e-08
6 June 2026,HEL1OS,B-Class,79741,79916,79958,3.911032460309295e-07,1.1399534836686837e-08
6 June 2026,HEL1OS,B-Class,79959,80119,80186,4.0084639498431167e-07,1.1399534836686837e-08
6 June 2026,HEL1OS,B-Class,80378,80719,80787,4.3131560319545435e-07,1.1399534836686837e-08
6 June 2026,HEL1OS,B-Class,81069,81080,81242,5.62930528870442e-07,2.1716048134289844e-08
6 June 2026,HEL1OS,B-Class,81243,81341,81427,4.245768025078218e-07,2.1716048134289844e-08
6 June 2026,HEL1OS,B-Class,81428,81440,81565,4.5045302861763984e-07,2.1716048134289844e-08
6 June 2026,HEL1OS,B-Class,81596,81787,81849,4.0433107493172793e-07,2.1716048134289844e-08
6 June 2026,HEL1OS,B-Class,81880,82148,82196,4.1441399534835215e-07,2.1716048134289844e-08
6 June 2026,HEL1OS,B-Class,83299,83385,83637,5.605147133178079e-07,3.70320558195962e-08
6 June 2026,HEL1OS,B-Class,83639,83657,83869,4.937061381332617e-07,2.0387299019111408e-08
6 June 2026,HEL1OS,B-Class,83915,83955,84152,5.575386793406617e-07,-1.123167155425175e-08
6 June 2026,HEL1OS,B-Class,84153,84169,84317,4.300535949034127e-07,-1.123167155425175e-08
6 June 2026,HEL1OS,B-Class,84318,84445,84492,5.023834563656408e-07,-1.123167155425175e-08
6 June 2026,HEL1OS,B-Class,84625,84644,84918,4.3746587116997126e-07,-1.123167155425175e-08
6 June 2026,HEL1OS,B-Class,85819,85899,86019,4.132035595105525e-07,-1.68299120234604e-07
6 June 2026,HEL1OS,B-Class,86020,86039,86388,4.130437860248614e-07,-1.68299120234604e-07
7 April 2026,SoLEXS,B-Class,29641,29837,30107,2.74250176964294e-07,4.266761047628527e-08
7 April 2026,SoLEXS,B-Class,75013,75130,75231,4.533309738092668e-07,4.4598038224288024e-08
7 April 2026,SoLEXS,B-Class,83767,84031,84155,8.299726969359599e-07,6.50439882697924e-08
7 June 2026,SoLEXS,B-Class,6636,6772,6920,4.339923146930778e-07,5.488421478410159e-08
7 June 2026,SoLEXS,C-Class,15370,15558,15846,1.0620244716351122e-06,5.552735362523818e-08
7 June 2026,SoLEXS,B-Class,48519,48567,48719,3.245727576094535e-07,4.28910911113343e-08
7 May 2026,SoLEXS,B-Class,38567,38713,39050,7.170421680655018e-07,4.9098998887651196e-08
7 May 2026,SoLEXS,C-Class,52500,52868,52874,5.62315400950531e-06,4.496541611891841e-07
7 May 2026,HEL1OS,B-Class,5467,5711,5744,3.2647082617048086e-07,8.272828395186281e-09
7 May 2026,HEL1OS,C-Class,52075,52834,52893,2.9249337647890555e-06,6.41419759328524e-09
7 May 2026,HEL1OS,B-Class,64110,64250,64720,5.711224592981898e-07,-3.8527656992616623e-10
8 February 2026,SoLEXS,M-Class,40652,40705,40948,1.3772161998179305e-05,8.68815856001587e-07
8 February 2026,SoLEXS,M-Class,49848,50010,50397,1.988272626150197e-05,7.230296288805486e-07
8 February 2026,HEL1OS,B-Class,3366,3428,3491,4.1321367175648233e-07,8.811811103245715e-09
8 February 2026,HEL1OS,B-Class,3492,3813,3910,4.001314591970734e-07,8.811811103245715e-09
8 February 2026,HEL1OS,B-Class,4196,4272,4358,4.2380119324500466e-07,8.811811103245715e-09
8 February 2026,HEL1OS,B-Class,4415,4470,4582,3.178562038628666e-07,8.811811103245715e-09
8 February 2026,HEL1OS,B-Class,4610,4694,4926,3.9546364647586815e-07,-4.579633936697174e-08
8 February 2026,HEL1OS,B-Class,4927,5031,5071,4.5232076044087776e-07,-4.579633936697174e-08
8 February 2026,HEL1OS,B-Class,5210,5267,5500,4.3230963697035564e-07,-4.579633936697174e-08
8 February 2026,HEL1OS,B-Class,8790,8845,9022,4.275760946506066e-07,5.106684194559444e-09
8 February 2026,HEL1OS,B-Class,9414,9755,9770,3.671099201132441e-07,5.106684194559444e-09
8 February 2026,HEL1OS,B-Class,9775,9814,9990,3.407624633430963e-07,5.106684194559444e-09
8 February 2026,HEL1OS,B-Class,10635,10793,10807,3.7011527960358674e-07,2.5094549499442945e-08
8 February 2026,HEL1OS,B-Class,17080,17481,17570,4.2668419455959647e-07,-4.326848012943522e-07
8 February 2026,HEL1OS,M-Class,17598,17611,18234,1.3524739609666827e-05,-4.326848012943522e-07
8 February 2026,HEL1OS,B-Class,18424,18468,18667,3.36951157852147e-07,2.255839822024389e-08
8 February 2026,HEL1OS,B-Class,18669,18681,18922,4.5121953685912037e-07,2.255839822024389e-08
8 February 2026,HEL1OS,B-Class,18964,19034,19269,4.069461017291795e-07,2.255839822024389e-08
8 February 2026,HEL1OS,C-Class,27610,27907,28032,1.51276165436338e-06,7.006977449691327e-08
8 February 2026,HEL1OS,B-Class,29639,29921,29953,3.580887855192511e-07,7.229244615228739e-09
8 February 2026,HEL1OS,B-Class,30208,30225,30395,4.928243502881814e-07,7.229244615228739e-09
8 February 2026,HEL1OS,B-Class,34001,34141,34242,4.0466781272119094e-07,1.7224188492263523e-08
8 February 2026,HEL1OS,B-Class,34685,34796,34809,3.083881079987755e-07,1.7224188492263523e-08
8 February 2026,HEL1OS,B-Class,34849,35016,35034,3.623419961573336e-07,1.7224188492263523e-08
8 February 2026,HEL1OS,M-Class,40588,40660,40957,5.05496966326203e-05,5.5227019921122514e-08
8 February 2026,HEL1OS,C-Class,41871,42102,42430,5.461194256244117e-06,1.498695520275e-07
8 February 2026,HEL1OS,C-Class,42586,42613,43187,2.5556729699665387e-06,2.331964809384082e-07
8 February 2026,HEL1OS,C-Class,43191,43204,43791,4.3956628577205425e-06,-6.114470623925367e-08
8 February 2026,HEL1OS,B-Class,47529,47620,47717,3.6425321063806975e-07,-1.3044797249468667e-08
8 February 2026,HEL1OS,B-Class,47859,47970,47992,3.226928910910998e-07,-1.3044797249468667e-08
8 February 2026,HEL1OS,B-Class,48206,48359,48381,3.1127212053796033e-07,-1.3044797249468667e-08
8 February 2026,HEL1OS,B-Class,48458,48559,48624,3.241713014460396e-07,-1.3044797249468667e-08
8 February 2026,HEL1OS,B-Class,48625,48671,48760,3.28376984528252e-07,-1.3044797249468667e-08
8 February 2026,HEL1OS,B-Class,48761,48833,49107,4.6491354029728334e-07,1.598543836586047e-08
8 February 2026,HEL1OS,B-Class,49554,49561,49680,3.3464556578014784e-07,1.598543836586047e-08
8 February 2026,HEL1OS,M-Class,49763,49954,50383,1.7561167964404267e-05,6.490747294973983e-08
8 February 2026,HEL1OS,B-Class,51214,51323,51335,5.22282333906342e-07,4.7746991606834134e-08
8 February 2026,HEL1OS,B-Class,55913,55993,56043,3.6554858934167975e-07,-1.6193750632014797e-08
8 February 2026,HEL1OS,B-Class,56044,56078,56205,4.844028718778267e-07,-1.6193750632014797e-08
8 February 2026,HEL1OS,B-Class,56206,56240,56336,4.1514106583070617e-07,-1.6193750632014797e-08
8 February 2026,HEL1OS,B-Class,56494,56695,56712,4.184902416826628e-07,-1.6193750632014797e-08
8 February 2026,HEL1OS,B-Class,56715,57082,57094,4.619314389725793e-07,-1.6193750632014797e-08
8 February 2026,HEL1OS,C-Class,62416,62665,62677,1.0049479219334256e-06,5.7038123167153357e-08
8 February 2026,HEL1OS,B-Class,63322,63369,63443,8.613904338153196e-07,7.014359389220098e-08
8 February 2026,HEL1OS,B-Class,73354,73451,73749,3.692931540094923e-07,1.4860956618464444e-08
8 February 2026,HEL1OS,B-Class,73980,74010,74119,3.400040448983598e-07,1.4860956618464444e-08
8 February 2026,HEL1OS,B-Class,74121,74370,74417,3.1072504803315707e-07,-3.652543229851201e-09
8 February 2026,HEL1OS,B-Class,75015,75231,75245,3.877095762968817e-07,-3.652543229851201e-09
8 February 2026,HEL1OS,B-Class,76304,76434,76502,3.9360198200018817e-07,1.5352411770653736e-08
8 February 2026,HEL1OS,B-Class,76503,76589,76627,2.8950652239861443e-07,1.5352411770653736e-08
8 February 2026,HEL1OS,B-Class,76995,77104,77146,3.158681363130639e-07,1.5352411770653736e-08
8 February 2026,HEL1OS,B-Class,77447,77463,77631,3.2689149560116137e-07,1.5352411770653736e-08
8 February 2026,HEL1OS,B-Class,77632,77757,77780,3.562615026797325e-07,1.9074729497420687e-08
8 February 2026,HEL1OS,B-Class,78069,78283,78290,3.303256143189285e-07,1.9074729497420687e-08
8 February 2026,HEL1OS,B-Class,78419,78437,78552,3.906037010819964e-07,1.9074729497420687e-08
8 February 2026,HEL1OS,B-Class,78553,78799,79020,3.87413287491138e-07,1.7323288502375785e-08
8 February 2026,HEL1OS,B-Class,79148,79259,79274,3.326888461927275e-07,1.1548184851855183e-08
8 February 2026,HEL1OS,B-Class,79285,79397,79475,3.648447770249642e-07,1.1548184851855183e-08
8 February 2026,HEL1OS,B-Class,80520,80532,80826,3.518636869248534e-07,6.8227323288500216e-09
8 February 2026,HEL1OS,B-Class,80955,81105,81117,5.444706239255545e-07,6.8227323288500216e-09
8 February 2026,HEL1OS,B-Class,81599,81688,81720,3.0991606835877143e-07,6.8227323288500216e-09
8 February 2026,HEL1OS,B-Class,83344,83375,83494,3.030822125593986e-07,-9.874001415714075e-08
8 February 2026,HEL1OS,B-Class,83922,83974,84607,5.665264435230864e-07,-9.874001415714075e-08
8 February 2026,HEL1OS,B-Class,84609,84896,84941,5.630872686823543e-07,-5.750834260289032e-09
8 February 2026,HEL1OS,C-Class,84944,85305,85544,1.5187197896652305e-06,-5.750834260289032e-09
8 February 2026,HEL1OS,C-Class,85768,85798,86391,1.2359075740721573e-06,1.7760137526544018e-07
8 January 2026,SoLEXS,C-Class,20322,20543,20702,1.7077469916067747e-06,2.0016381838405595e-07
8 January 2026,SoLEXS,C-Class,58049,58135,58255,1.250143593892159e-06,1.0651228637880094e-07
8 January 2026,HEL1OS,B-Class,600,629,723,3.331479421579414e-07,-2.5475781170997167e-08
8 January 2026,HEL1OS,B-Class,995,1184,1325,3.3805137020931146e-07,-2.5475781170997167e-08
8 January 2026,HEL1OS,B-Class,1626,1938,1950,3.2960461118413224e-07,-2.039437759126229e-08
8 January 2026,HEL1OS,B-Class,2001,2040,2186,3.808332490646036e-07,-3.8753160076851724e-08
8 January 2026,HEL1OS,B-Class,2359,2456,2481,3.015006572959747e-07,-3.8753160076851724e-08
8 January 2026,HEL1OS,B-Class,3138,3207,3259,3.277904742643224e-07,2.283446253412801e-08
8 January 2026,HEL1OS,B-Class,3332,3349,3508,3.504297704520049e-07,2.283446253412801e-08
8 January 2026,HEL1OS,B-Class,5308,5396,5456,3.5070684599048204e-07,2.552533117605328e-08
8 January 2026,HEL1OS,B-Class,7731,7805,7921,3.512832440084818e-07,1.4550510668418903e-08
8 January 2026,HEL1OS,B-Class,7962,8018,8171,3.837162503791955e-07,1.4550510668418903e-08
8 January 2026,HEL1OS,B-Class,8423,8660,8780,6.171281221559088e-07,1.4550510668418903e-08
8 January 2026,HEL1OS,B-Class,12651,12779,12833,3.2307412276265414e-07,-1.1869754272423472e-08
8 January 2026,HEL1OS,B-Class,13315,13426,13530,4.865426231165768e-07,-1.1869754272423472e-08
8 January 2026,HEL1OS,B-Class,13862,14013,14097,3.3666397006774003e-07,9.93022550308387e-10
8 January 2026,HEL1OS,B-Class,14232,14269,14531,3.568328445747674e-07,9.93022550308387e-10
8 January 2026,HEL1OS,B-Class,14996,15009,15127,3.5437152391544895e-07,2.1774699160682807e-08
8 January 2026,HEL1OS,B-Class,15371,15425,15518,3.109485286682061e-07,2.1774699160682807e-08
8 January 2026,HEL1OS,B-Class,15792,15848,15939,3.1350894933763666e-07,2.1774699160682807e-08
8 January 2026,HEL1OS,B-Class,16967,17133,17250,4.7127110931336165e-07,-5.160986955202568e-08
8 January 2026,HEL1OS,B-Class,17387,17526,17537,4.295944989381988e-07,-5.160986955202568e-08
8 January 2026,HEL1OS,B-Class,17568,17580,17692,4.7144503994335463e-07,-5.160986955202568e-08
8 January 2026,HEL1OS,B-Class,17991,18062,18168,3.0449893821416653e-07,-5.160986955202568e-08
8 January 2026,HEL1OS,B-Class,19141,19214,19264,3.9037314187479644e-07,-4.423096369703556e-09
8 January 2026,HEL1OS,B-Class,19285,19482,19505,3.29448882596813e-07,-4.423096369703556e-09
8 January 2026,HEL1OS,B-Class,19590,19713,19758,4.118485185559566e-07,-4.423096369703556e-09
8 January 2026,HEL1OS,B-Class,19760,19778,19924,5.323612094245942e-07,-4.423096369703556e-09
8 January 2026,HEL1OS,B-Class,19935,20236,20272,7.435271513802952e-07,-4.423096369703556e-09
8 January 2026,HEL1OS,B-Class,20280,20543,20845,8.058377995752569e-07,6.86125998584261e-08
8 January 2026,HEL1OS,B-Class,21253,21475,21496,3.1883506926887327e-07,1.4251188188896255e-08
8 January 2026,HEL1OS,B-Class,23411,23483,23543,3.6305389827079296e-07,2.0043482657497498e-08
8 January 2026,HEL1OS,B-Class,23863,23874,24011,3.6874608150468906e-07,6.635655779148319e-09
8 January 2026,HEL1OS,B-Class,24018,24098,24187,3.2295884315905406e-07,6.635655779148319e-09
8 January 2026,HEL1OS,B-Class,24243,24408,24423,3.612316715542393e-07,6.635655779148319e-09
8 January 2026,HEL1OS,B-Class,24608,24789,24827,3.5121549196075193e-07,6.635655779148319e-09
8 January 2026,HEL1OS,B-Class,25054,25148,25269,3.0806047123064933e-07,1.6098695520274473e-08
8 January 2026,HEL1OS,B-Class,25499,25553,25635,3.217736879360792e-07,1.6098695520274473e-08
8 January 2026,HEL1OS,B-Class,25798,25838,25928,3.388552937607322e-07,-2.8031145717462825e-08
8 January 2026,HEL1OS,B-Class,25929,26003,26070,3.875862068965379e-07,-2.8031145717462825e-08
8 January 2026,HEL1OS,B-Class,26346,26480,26520,3.744412984123641e-07,-2.8031145717462825e-08
8 January 2026,HEL1OS,B-Class,26522,26541,26645,3.7387804631407306e-07,-2.8031145717462825e-08
8 January 2026,HEL1OS,B-Class,26660,26689,26805,5.080756395995369e-07,-2.8031145717462825e-08
8 January 2026,HEL1OS,B-Class,29193,29286,29356,3.3088583274344054e-07,2.4817473960965878e-08
8 January 2026,HEL1OS,B-Class,29528,29542,29651,3.912781878855154e-07,2.4817473960965878e-08
8 January 2026,HEL1OS,B-Class,29720,29825,29851,3.511962786934853e-07,-6.300535949034048e-08
8 January 2026,HEL1OS,B-Class,29852,30013,30105,3.5247851147738654e-07,-6.300535949034048e-08
8 January 2026,HEL1OS,B-Class,30510,30764,30818,6.741601779755042e-07,-6.300535949034048e-08
8 January 2026,HEL1OS,B-Class,31291,31420,31442,3.132207503286368e-07,-2.6795429264838804e-08
8 January 2026,HEL1OS,B-Class,31629,31654,31799,4.1348366872280856e-07,-2.6795429264838804e-08
8 January 2026,HEL1OS,B-Class,31959,31973,32134,3.461583577712487e-07,-2.6795429264838804e-08
8 January 2026,HEL1OS,B-Class,32141,32183,32322,3.7055920719990585e-07,-2.6795429264838804e-08
8 January 2026,HEL1OS,B-Class,32713,32823,32957,3.6672868844168984e-07,1.12357164526237e-08
8 January 2026,HEL1OS,B-Class,34420,34474,34609,3.467580139548871e-07,1.4943877035088944e-08
8 January 2026,HEL1OS,B-Class,35057,35206,35229,2.9280311457173596e-07,2.4228941247850333e-09
8 January 2026,HEL1OS,B-Class,35515,35660,35674,2.924380624936694e-07,2.4228941247850333e-09
8 January 2026,HEL1OS,B-Class,35850,35862,36134,3.803670745272389e-07,2.4228941247850333e-09
8 January 2026,HEL1OS,B-Class,36516,36579,36682,3.4030741227625444e-07,1.386388916978412e-08
8 January 2026,HEL1OS,B-Class,37910,38021,38035,3.4074830619879464e-07,-1.7736879360905413e-08
8 January 2026,HEL1OS,B-Class,38036,38053,38173,3.522236828799551e-07,-1.7736879360905413e-08
8 January 2026,HEL1OS,B-Class,38364,38436,38485,2.726736778238349e-07,-1.7736879360905413e-08
8 January 2026,HEL1OS,B-Class,39248,39367,39381,2.7927090706844994e-07,4.329052482556194e-09
8 January 2026,HEL1OS,B-Class,39775,39797,39900,3.244989382141658e-07,2.3159065628475273e-08
8 January 2026,HEL1OS,B-Class,40244,40342,40367,3.701324704216674e-07,2.3159065628475273e-08
8 January 2026,HEL1OS,B-Class,40368,40400,40510,3.547739913034558e-07,2.168672262109342e-08
8 January 2026,HEL1OS,B-Class,42687,42758,42820,2.5884720396399113e-07,-1.455940944483718e-07
8 January 2026,HEL1OS,B-Class,42832,42861,42973,3.885792294468463e-07,-1.455940944483718e-07
8 January 2026,HEL1OS,B-Class,58061,58118,58185,2.6027808676306084e-07,-1.667509353827426e-09
8 June 2026,SoLEXS,C-Class,18442,18608,18905,2.0061280210334e-06,9.611588633835231e-08
8 June 2026,HEL1OS,C-Class,9802,10074,10386,1.0783426028920638e-06,1.1645262412781466e-08
8 June 2026,HEL1OS,B-Class,18456,18549,18680,7.463039741126238e-07,-1.3388613611082536e-09
8 May 2026,SoLEXS,C-Class,56769,57062,57359,1.6022631206390367e-06,5.7040145616339365e-08
8 May 2026,SoLEXS,B-Class,68772,68853,68905,6.219850338760017e-07,5.248255637576919e-08
8 May 2026,SoLEXS,B-Class,72773,73223,73322,7.687440590554887e-07,3.990696733744422e-08
8 May 2026,SoLEXS,B-Class,84279,84514,84813,8.009010011123183e-07,4.491050662351949e-08
8 May 2026,HEL1OS,B-Class,44412,44680,44809,4.0435534432195945e-07,-6.790373141874564e-09
8 May 2026,HEL1OS,B-Class,44811,44874,45036,3.542127616543508e-07,-6.790373141874564e-09
8 May 2026,HEL1OS,B-Class,45309,45442,45492,3.319476185660717e-07,-6.790373141874564e-09
8 May 2026,HEL1OS,B-Class,45500,45643,45666,3.8091212458285625e-07,-6.790373141874564e-09
8 May 2026,HEL1OS,B-Class,45667,45780,45813,3.402103347153281e-07,2.4480736171502825e-08
8 May 2026,HEL1OS,B-Class,47000,47051,47512,3.961735261401416e-07,-2.4154110627969628e-08
8 May 2026,HEL1OS,B-Class,47520,47533,47701,3.3672262109413304e-07,-2.4154110627969628e-08
8 May 2026,HEL1OS,B-Class,47915,48095,48186,4.2686621498633317e-07,2.8819900899990135e-10
8 May 2026,HEL1OS,B-Class,48454,48542,48688,3.8984528263725984e-07,-5.3440186065323195e-08
8 May 2026,HEL1OS,B-Class,49542,49691,49700,4.425887349580184e-07,-5.3440186065323195e-08
8 May 2026,HEL1OS,B-Class,49783,49894,49913,4.4947820811000516e-07,-4.75032864799255e-08
8 May 2026,HEL1OS,B-Class,50880,50892,51082,3.6559611689754987e-07,-2.66518353726353e-08
8 May 2026,HEL1OS,B-Class,51414,51571,51592,3.929558094852727e-07,-2.0528870462128923e-08
8 May 2026,HEL1OS,B-Class,51691,51703,51907,4.153635352411622e-07,-2.0528870462128923e-08
8 May 2026,HEL1OS,B-Class,52053,52299,52317,4.6793609060570685e-07,-2.0512286378804002e-07
8 May 2026,HEL1OS,B-Class,52835,52912,52975,3.268510466174421e-07,-2.0512286378804002e-07
8 May 2026,HEL1OS,B-Class,53238,53338,53376,4.237182728283801e-07,2.2297502275254314e-09
8 May 2026,HEL1OS,B-Class,53988,54011,54164,3.476246334310726e-07,-8.264030741227332e-08
8 May 2026,HEL1OS,B-Class,54326,54377,54449,3.5612700980886586e-07,-8.264030741227332e-08
8 May 2026,HEL1OS,B-Class,54506,54610,54632,3.756416220042337e-07,-8.264030741227332e-08
8 May 2026,HEL1OS,B-Class,54660,54764,54819,4.3366872282332356e-07,-7.810496511274877e-08
8 May 2026,HEL1OS,B-Class,55764,55834,55913,4.044696127009665e-07,-7.810496511274877e-08
8 May 2026,HEL1OS,C-Class,56657,56842,57343,1.0813691980988591e-06,1.8083729396298282e-08
8 May 2026,HEL1OS,B-Class,59285,59386,59424,3.5558398220243447e-07,-9.944584892304226e-08
8 May 2026,HEL1OS,B-Class,59477,59588,59600,4.858944281524753e-07,-6.353119627869124e-08
8 May 2026,HEL1OS,B-Class,61598,61676,61724,4.354363434118563e-07,-7.341086055212602e-08
8 May 2026,HEL1OS,B-Class,62924,62937,63067,3.255556679138321e-07,-9.792496713519724e-08
8 May 2026,HEL1OS,B-Class,63507,63622,63668,3.7369400343815026e-07,-9.876226109818639e-08
8 May 2026,HEL1OS,B-Class,64130,64216,64251,3.586661947618438e-07,-9.876226109818639e-08
8 May 2026,HEL1OS,B-Class,64255,64266,64388,4.189513600970626e-07,-9.876226109818639e-08
8 May 2026,HEL1OS,B-Class,65394,65490,65586,3.9072605925774726e-07,-7.017190818080446e-08
8 May 2026,HEL1OS,B-Class,66917,67021,67039,4.5097077560924674e-07,-2.830923248053287e-08
8 May 2026,HEL1OS,B-Class,70427,70441,70576,3.347325310951443e-07,-8.25513196480909e-08
8 May 2026,HEL1OS,B-Class,72068,72197,72214,5.535716452623931e-07,-9.700576398017654e-08
8 May 2026,HEL1OS,B-Class,73049,73087,73313,5.839073718272621e-07,-1.4078774395792798e-07
8 May 2026,HEL1OS,B-Class,84278,84339,84450,4.5507432500756795e-07,-1.5895237132166487e-07
9 January 2026,SoLEXS,C-Class,41028,41315,41629,1.3865122863787555e-06,6.086965314996245e-08
9 January 2026,SoLEXS,B-Class,81494,81650,81666,3.0597330367073437e-07,4.675902517949069e-08
9 January 2026,HEL1OS,B-Class,669,707,802,3.253311760541901e-07,2.380321569420482e-08
9 January 2026,HEL1OS,B-Class,1046,1112,1171,2.9236222064919576e-07,2.380321569420482e-08
9 January 2026,HEL1OS,B-Class,2744,2872,2946,4.1729194053997905e-07,1.4200626959247147e-08
9 January 2026,HEL1OS,B-Class,2972,2989,3127,3.763575690160651e-07,1.4200626959247147e-08
9 January 2026,HEL1OS,B-Class,3145,3314,3326,4.086399029224245e-07,2.518960461118329e-09
9 January 2026,HEL1OS,B-Class,4018,4187,4209,2.7064010516734804e-07,2.518960461118329e-09
9 January 2026,HEL1OS,B-Class,4530,4554,4692,4.6394276468802065e-07,1.364546465769999e-08
9 January 2026,HEL1OS,B-Class,9007,9031,9130,3.673839619779422e-07,1.501769643037665e-08
9 January 2026,HEL1OS,B-Class,9570,9616,9745,3.340732126605199e-07,1.501769643037665e-08
9 January 2026,HEL1OS,B-Class,9776,9898,9917,3.551683688947188e-07,1.501769643037665e-08
9 January 2026,HEL1OS,B-Class,10513,10804,10818,4.6975224997470266e-07,1.7417332389523112e-08
9 January 2026,HEL1OS,B-Class,11044,11070,11176,3.7470927292950426e-07,1.7417332389523112e-08
9 January 2026,HEL1OS,B-Class,11323,11424,11465,3.015441399534729e-07,1.7417332389523112e-08
9 January 2026,HEL1OS,B-Class,11740,11796,11867,3.30179997977539e-07,2.1952674689047638e-08
9 January 2026,HEL1OS,B-Class,12327,12509,12811,3.65534432197378e-07,2.1952674689047638e-08
9 January 2026,HEL1OS,B-Class,12812,12892,12970,3.3310951562340803e-07,2.1952674689047638e-08
9 January 2026,HEL1OS,B-Class,14406,14550,14568,3.687895641621873e-07,-6.282030538982486e-08
9 January 2026,HEL1OS,B-Class,14570,14691,14703,3.9468803721305094e-07,-6.282030538982486e-08
9 January 2026,HEL1OS,B-Class,14954,15111,15166,3.71675599150558e-07,-6.282030538982486e-08
9 January 2026,HEL1OS,B-Class,15174,15269,15331,3.457326322176032e-07,-6.282030538982486e-08
9 January 2026,HEL1OS,B-Class,15706,15747,15933,3.794185458590218e-07,1.570836282738341e-08
9 January 2026,HEL1OS,B-Class,16412,16516,16595,3.6346850035391564e-07,-1.3352209525735208e-08
9 January 2026,HEL1OS,B-Class,16596,16842,16992,3.970168874506887e-07,-1.3352209525735208e-08
9 January 2026,HEL1OS,B-Class,18249,18292,18393,4.226322176155173e-07,-1.1463241986044693e-08
9 January 2026,HEL1OS,B-Class,18796,18970,18992,3.6377894630396114e-07,-1.1463241986044693e-08
9 January 2026,HEL1OS,B-Class,19544,19556,19676,3.8534533319848963e-07,-3.468500353928474e-09
9 January 2026,HEL1OS,B-Class,19765,19879,19891,3.528425523308601e-07,-3.468500353928474e-09
9 January 2026,HEL1OS,B-Class,20058,20156,20199,4.1116796440487965e-07,-3.468500353928474e-09
9 January 2026,HEL1OS,B-Class,21219,21299,21348,2.406866214986262e-07,1.7251491556274232e-09
9 January 2026,HEL1OS,B-Class,21525,21586,21673,3.45800384265333e-07,-1.71250884821513e-08
9 January 2026,HEL1OS,B-Class,21917,22069,22091,3.3962382445139854e-07,-1.71250884821513e-08
9 January 2026,HEL1OS,B-Class,22396,22561,22571,3.4446354535341073e-07,-2.8772373344118693e-08
9 January 2026,HEL1OS,B-Class,22809,22998,23021,4.049954494893171e-07,-2.8772373344118693e-08
9 January 2026,HEL1OS,B-Class,23412,23497,23602,3.4866720598643714e-07,-1.7716654869045587e-09
9 January 2026,HEL1OS,B-Class,23665,23675,23799,3.3843664677923756e-07,-1.7716654869045587e-09
9 January 2026,HEL1OS,B-Class,23808,23997,24013,3.329214278491134e-07,-1.7716654869045587e-09
9 January 2026,HEL1OS,B-Class,24263,24280,24410,3.776832844574645e-07,-1.7716654869045587e-09
9 January 2026,HEL1OS,B-Class,24762,24881,24906,3.8867428455858655e-07,2.3791080999089056e-08
9 January 2026,HEL1OS,B-Class,26024,26036,26167,3.2098189907977416e-07,1.4722418849225888e-08
9 January 2026,HEL1OS,B-Class,26822,26965,26984,4.298786530488268e-07,-6.471837395085281e-10
9 January 2026,HEL1OS,B-Class,27119,27208,27388,5.195500050561044e-07,-6.471837395085281e-10
9 January 2026,HEL1OS,B-Class,27419,27501,27576,3.7859540904033437e-07,-6.471837395085281e-10
9 January 2026,HEL1OS,B-Class,27889,28000,28023,3.0545757912831346e-07,-6.471837395085281e-10
9 January 2026,HEL1OS,B-Class,28024,28064,28166,4.0181818181816755e-07,7.930023258165362e-09
9 January 2026,HEL1OS,B-Class,28284,28456,28539,3.801688745070145e-07,-1.512893113560471e-08
9 January 2026,HEL1OS,B-Class,28540,28580,28701,2.7479927191828324e-07,-1.512893113560471e-08
9 January 2026,HEL1OS,B-Class,28865,28937,29067,3.8470017190816706e-07,-1.512893113560471e-08
9 January 2026,HEL1OS,B-Class,29745,29792,29882,3.2821316614418893e-07,-6.255435332187054e-09
9 January 2026,HEL1OS,B-Class,30033,30104,30158,2.8771058752147825e-07,-6.255435332187054e-09
9 January 2026,HEL1OS,B-Class,30378,30490,30503,3.047790474264225e-07,2.028921023359215e-08
9 January 2026,HEL1OS,B-Class,30627,30660,30782,3.905278592375227e-07,2.028921023359215e-08
9 January 2026,HEL1OS,B-Class,30979,31008,31270,3.183850743249962e-07,2.028921023359215e-08
9 January 2026,HEL1OS,B-Class,31351,31408,31563,4.4700576398016404e-07,7.444635453533916e-09
9 January 2026,HEL1OS,B-Class,31572,31614,31695,3.476428354737463e-07,7.444635453533916e-09
9 January 2026,HEL1OS,B-Class,32240,32396,32418,3.85381737283837e-07,3.6768126200828015e-09
9 January 2026,HEL1OS,B-Class,32419,32541,32628,2.9808170694710235e-07,3.6768126200828015e-09
9 January 2026,HEL1OS,B-Class,33513,33529,33700,3.962797047224047e-07,-2.7516432399635003e-08
9 January 2026,HEL1OS,B-Class,33786,33829,33913,3.483446253412759e-07,-2.7516432399635003e-08
9 January 2026,HEL1OS,B-Class,34255,34289,34412,3.807745980382107e-07,-2.7516432399635003e-08
9 January 2026,HEL1OS,B-Class,34538,34666,34730,3.1461219536858014e-07,-2.7516432399635003e-08
9 January 2026,HEL1OS,B-Class,35077,35192,35298,4.056588128223133e-07,-1.2444129841237293e-07
9 January 2026,HEL1OS,B-Class,35772,35822,35929,4.0864799271916837e-07,-1.2444129841237293e-07
9 January 2026,HEL1OS,B-Class,36125,36193,36259,2.9548387096773144e-07,-9.816968348669885e-09
9 January 2026,HEL1OS,B-Class,36260,36310,36475,4.1297097785416663e-07,-9.816968348669885e-09
9 January 2026,HEL1OS,B-Class,36495,36509,36636,2.9616341389421535e-07,-2.709980786732636e-08
9 January 2026,HEL1OS,B-Class,36637,36789,36865,3.4755587015874983e-07,-2.709980786732636e-08
9 January 2026,HEL1OS,B-Class,36910,36985,37147,3.783051875821485e-07,-2.709980786732636e-08
9 January 2026,HEL1OS,B-Class,37275,37333,37467,3.578410354939705e-07,-2.709980786732636e-08
9 January 2026,HEL1OS,B-Class,37753,37813,37898,3.521013247042042e-07,-1.4013550409545475e-08
9 January 2026,HEL1OS,B-Class,39021,39128,39160,3.72920416624519e-07,-6.831529982808935e-08
9 January 2026,HEL1OS,B-Class,39174,39267,39418,3.547598341591541e-07,-6.831529982808935e-08
9 January 2026,HEL1OS,B-Class,39958,40007,40079,2.518151481443939e-07,-1.2106380827181279e-08
9 January 2026,HEL1OS,B-Class,40091,40126,40318,3.634917585195543e-07,-4.5423197492161376e-08
9 January 2026,HEL1OS,B-Class,40707,40867,40881,3.645403984224767e-07,-4.5423197492161376e-08
9 January 2026,HEL1OS,B-Class,40949,41093,41364,9.655506117908442e-07,-4.5423197492161376e-08
9 January 2026,HEL1OS,B-Class,41467,41480,41767,3.458377995752733e-07,-3.2820305389825904e-08
9 January 2026,HEL1OS,B-Class,41874,41950,42101,5.024835676003461e-07,-3.2820305389825904e-08
9 January 2026,HEL1OS,B-Class,42418,42437,42560,2.8921630094042856e-07,-3.2820305389825904e-08
9 January 2026,HEL1OS,B-Class,42741,42946,43014,3.3201334816461555e-07,-1.6501971887955728e-07
9 January 2026,HEL1OS,B-Class,43017,43101,43142,3.3280210334714155e-07,-1.6501971887955728e-07
9 January 2026,HEL1OS,C-Class,43183,43825,43908,2.71723531196269e-06,-1.6501971887955728e-07
9 January 2026,HEL1OS,B-Class,43910,43977,44143,2.994074223885018e-07,-1.6501971887955728e-07
9 January 2026,HEL1OS,B-Class,44145,44251,44292,5.051703913438994e-07,-1.6501971887955728e-07
9 January 2026,HEL1OS,B-Class,46116,46169,46325,3.2337344524217674e-07,9.273940742238549e-09
9 January 2026,HEL1OS,B-Class,46454,46781,46829,3.161259985842743e-07,9.273940742238549e-09
9 January 2026,HEL1OS,B-Class,47218,47362,47385,2.929467084639394e-07,1.5396905652744925e-08
9 January 2026,HEL1OS,B-Class,47469,47602,47634,4.013611083021396e-07,1.5396905652744925e-08
9 January 2026,HEL1OS,B-Class,47784,47907,47935,3.766932955809351e-07,2.904237031044416e-09
9 January 2026,HEL1OS,B-Class,48210,48256,48608,3.4823642430982676e-07,2.904237031044416e-09
9 January 2026,HEL1OS,B-Class,49091,49162,49212,3.525735665891269e-07,6.921832338962257e-09
9 January 2026,HEL1OS,B-Class,49410,49530,49577,3.5228739002931295e-07,6.921832338962257e-09
9 January 2026,HEL1OS,B-Class,49594,49753,49767,3.135544544443209e-07,9.88269794721372e-09
9 January 2026,HEL1OS,B-Class,50445,50541,50582,3.106997674183326e-07,9.88269794721372e-09
9 January 2026,HEL1OS,B-Class,50583,50677,50716,3.3331985033874834e-07,9.899888765294447e-09
9 January 2026,HEL1OS,B-Class,52262,52348,52388,2.9456972393567555e-07,3.068662149863378e-08
9 January 2026,HEL1OS,B-Class,52558,52643,52807,3.1864091414702065e-07,-2.8634846799473138e-08
9 January 2026,HEL1OS,B-Class,52938,52984,53080,3.2750227525532255e-07,-2.8634846799473138e-08
9 January 2026,HEL1OS,B-Class,54791,54802,54947,3.46023864900382e-07,-4.523207604408727e-09
9 January 2026,HEL1OS,B-Class,54948,55083,55156,4.7116998685406343e-07,-4.523207604408727e-09
9 January 2026,HEL1OS,B-Class,55319,55349,55508,3.7409950449993605e-07,-1.6232177166548068e-08
9 January 2026,HEL1OS,B-Class,58364,58398,58616,4.2258367883505417e-07,2.5199716857113264e-09
9 January 2026,HEL1OS,B-Class,59307,59466,59512,3.772575589038191e-07,2.7755081403578763e-08
9 January 2026,HEL1OS,B-Class,59662,59732,59818,3.468014966123852e-07,7.71968854282514e-09
9 January 2026,HEL1OS,B-Class,60948,60978,61081,3.114723430073708e-07,-1.0328546870259513e-07
9 January 2026,HEL1OS,B-Class,61241,61296,61430,3.50480331681654e-07,-2.2532106380826364e-08
9 January 2026,HEL1OS,B-Class,61434,61447,61558,3.2317221154817333e-07,9.36495095560691e-09
9 January 2026,HEL1OS,B-Class,61663,61933,61970,3.324491859641908e-07,9.36495095560691e-09
9 January 2026,HEL1OS,B-Class,62429,62472,62556,3.1383759733035585e-07,4.465567802608808e-09
9 January 2026,HEL1OS,B-Class,62557,62661,62694,5.33897259581334e-07,4.465567802608808e-09
9 January 2026,HEL1OS,B-Class,63009,63053,63172,3.081191222570423e-07,-8.242289412478215e-08
9 January 2026,HEL1OS,B-Class,63304,63325,63506,3.260451006168354e-07,-8.242289412478215e-08
9 January 2026,HEL1OS,B-Class,63540,63563,63729,3.378713722317606e-07,-8.242289412478215e-08
9 January 2026,HEL1OS,B-Class,64439,64485,64631,2.9813125695215846e-07,-1.1148751137627268e-08
9 January 2026,HEL1OS,B-Class,64897,64939,65023,2.990676509252598e-07,-1.1148751137627268e-08
9 January 2026,HEL1OS,B-Class,65450,65618,65628,3.903316816664842e-07,-2.7424410961673573e-09
9 January 2026,HEL1OS,B-Class,66289,66307,66604,4.2517645869146017e-07,-2.3039741126503365e-08
9 January 2026,HEL1OS,B-Class,66629,66641,66794,3.3180908079683317e-07,-2.3039741126503365e-08
9 January 2026,HEL1OS,B-Class,67265,67315,67456,3.48057437556869e-07,-3.652138740014026e-08
9 January 2026,HEL1OS,B-Class,67880,67886,68007,3.6743351198299834e-07,-3.652138740014026e-08
9 January 2026,HEL1OS,B-Class,69716,69730,69855,3.3146324198603326e-07,-3.373647487106763e-08
9 January 2026,HEL1OS,B-Class,71605,71704,71756,4.377024977247291e-07,-3.596925877237206e-08
9 January 2026,HEL1OS,B-Class,72831,72848,73024,5.150247750025097e-07,1.9776519364950268e-08
9 January 2026,HEL1OS,B-Class,73295,73460,73480,4.0654666801495165e-07,2.585802406714438e-08
9 January 2026,HEL1OS,B-Class,74581,74628,74723,3.88821923349162e-07,1.393973101425777e-08
9 January 2026,HEL1OS,B-Class,75360,75446,75493,3.377136211952554e-07,1.3682879967640358e-08
9 January 2026,HEL1OS,B-Class,75725,75779,75858,3.4349479219333387e-07,-5.151784811406428e-08
9 January 2026,HEL1OS,B-Class,76003,76015,76176,4.279138436646626e-07,-5.151784811406428e-08
9 January 2026,HEL1OS,B-Class,76953,77018,77158,3.424491859641905e-07,-5.827485084437047e-08
9 January 2026,HEL1OS,B-Class,77939,78086,78125,2.904307816766e-07,-5.827485084437047e-08
9 January 2026,HEL1OS,B-Class,78442,78513,78634,3.4923045808472815e-07,-1.8679340681564698e-08
9 January 2026,HEL1OS,B-Class,78635,78795,78849,3.9069673374455073e-07,-1.8679340681564698e-08
9 January 2026,HEL1OS,B-Class,78928,79038,79061,3.1245828698552835e-07,-1.8679340681564698e-08
9 January 2026,HEL1OS,B-Class,80080,80174,80212,3.199848316310939e-07,-6.43502881990067e-08
9 January 2026,HEL1OS,B-Class,80362,80454,80485,4.0943775912628733e-07,-6.43502881990067e-08
9 January 2026,HEL1OS,B-Class,80556,80588,80700,3.462109414500837e-07,-6.859237536656646e-08
9 January 2026,HEL1OS,B-Class,81360,81390,81500,3.641055718474943e-07,-9.020123369400025e-08
9 January 2026,HEL1OS,B-Class,82078,82125,82202,3.3814541409645877e-07,-9.498634846799133e-08
9 January 2026,HEL1OS,B-Class,82879,83032,83045,3.3214682981088916e-07,-3.155020730104043e-08
9 January 2026,HEL1OS,B-Class,83566,83636,83703,4.2582465365556165e-07,-3.155020730104043e-08
9 January 2026,HEL1OS,B-Class,83777,83925,83948,3.462776822732205e-07,-1.27144301749414e-07
9 January 2026,HEL1OS,B-Class,84487,84632,84654,3.885832743452182e-07,-1.27144301749414e-07
9 January 2026,HEL1OS,B-Class,84813,84923,85067,2.983001314591864e-07,-1.27144301749414e-07
9 January 2026,HEL1OS,B-Class,85394,85606,85638,3.9895237132165635e-07,1.9098998887652284e-08
9 January 2026,HEL1OS,B-Class,85649,85726,85811,3.508544847810574e-07,1.4420062695924446e-09
9 March 2026,SoLEXS,B-Class,23350,23462,23489,4.4301243806247784e-07,7.189604611183886e-08
9 March 2026,SoLEXS,B-Class,29139,29186,29381,5.157902720193971e-07,4.999999999999821e-08
9 March 2026,SoLEXS,B-Class,46459,46523,46663,9.425917686317795e-07,1.4952067954292113e-07
9 March 2026,SoLEXS,C-Class,73746,74318,74390,3.65304884214771e-06,8.231064819496116e-08
9 March 2026,HEL1OS,C-Class,43184,43827,43947,2.8997552836483955e-06,-2.5413085246232284e-07
9 March 2026,HEL1OS,B-Class,44012,44097,44250,3.5441298412376123e-07,-2.5413085246232284e-07
9 March 2026,HEL1OS,B-Class,44251,44393,44410,3.602730306400923e-07,-2.5413085246232284e-07
9 March 2026,HEL1OS,B-Class,44465,44576,44673,5.068035190615654e-07,2.4341187177671285e-08
9 March 2026,HEL1OS,B-Class,45333,45532,45622,3.6300535949032987e-07,4.4291637172611223e-10
9 March 2026,HEL1OS,B-Class,46166,46283,46312,3.6151178076649537e-07,4.4291637172611223e-10
9 March 2026,HEL1OS,B-Class,46315,46384,46813,6.259864495904317e-07,4.4291637172611223e-10
9 March 2026,HEL1OS,B-Class,49367,49406,49677,3.5703407826877074e-07,4.032763676812486e-09
9 March 2026,HEL1OS,B-Class,49727,49865,49890,3.805581959753125e-07,-2.636262513904242e-08
9 March 2026,HEL1OS,B-Class,50076,50174,50262,4.2461320659316926e-07,-2.636262513904242e-08
9 March 2026,HEL1OS,B-Class,50476,50518,50686,3.9037617554857536e-07,-2.636262513904242e-08
9 March 2026,HEL1OS,B-Class,51203,51303,51333,3.4104459500453833e-07,-5.8131256952167016e-08
9 March 2026,HEL1OS,B-Class,51352,51434,51514,4.951582566487841e-07,-5.8131256952167016e-08
9 March 2026,HEL1OS,B-Class,51627,51684,51783,4.098068561027258e-07,-5.8131256952167016e-08
9 March 2026,HEL1OS,B-Class,52155,52249,52335,3.5266154312871637e-07,1.5180503589846764e-08
9 March 2026,HEL1OS,B-Class,54425,54489,54686,3.2550106178581103e-07,8.43462433006343e-09
9 March 2026,HEL1OS,B-Class,55207,55299,55376,3.031550207300934e-07,6.009707756092441e-09
9 March 2026,HEL1OS,B-Class,55760,55779,55881,4.175639599554913e-07,1.7974517140256197e-08
9 March 2026,HEL1OS,B-Class,56037,56176,56219,4.1480635049042915e-07,1.7974517140256197e-08
9 March 2026,HEL1OS,B-Class,56569,56630,56701,3.129153605015562e-07,1.4735564768934683e-08
9 March 2026,HEL1OS,B-Class,57212,57480,57498,3.9800889877640403e-07,-6.201840428758986e-09
9 March 2026,HEL1OS,B-Class,57531,57672,57694,3.0290625948021976e-07,-6.201840428758986e-09
9 March 2026,HEL1OS,B-Class,57857,57914,58007,3.9641116391949235e-07,-6.201840428758986e-09
9 March 2026,HEL1OS,B-Class,59579,59689,59730,3.028627768227215e-07,1.3241986045100141e-08
9 March 2026,HEL1OS,B-Class,59785,59979,59997,4.340914147031901e-07,1.3241986045100141e-08
9 March 2026,HEL1OS,B-Class,60552,60568,60685,4.830185054100343e-07,1.3241986045100141e-08
9 March 2026,HEL1OS,B-Class,60855,60945,61016,3.9237132167052906e-07,-2.0491455152188545e-08
9 March 2026,HEL1OS,B-Class,61713,61884,61908,3.378642936596097e-07,-2.0491455152188545e-08
9 March 2026,HEL1OS,B-Class,62261,62349,62428,3.287541713014343e-07,-4.558398220244555e-08
9 March 2026,HEL1OS,B-Class,62682,62727,62856,3.9891293356253005e-07,-4.558398220244555e-08
9 March 2026,HEL1OS,B-Class,63254,63270,63423,4.1516735767012374e-07,-4.556982505814384e-08
9 March 2026,HEL1OS,B-Class,63424,63472,63545,3.4397006775203546e-07,-4.556982505814384e-08
9 March 2026,HEL1OS,B-Class,63880,63950,64012,3.968763272322641e-07,-4.556982505814384e-08
9 March 2026,HEL1OS,B-Class,64018,64085,64145,3.895358479118073e-07,-4.556982505814384e-08
9 March 2026,HEL1OS,B-Class,64181,64266,64650,4.0037415309938905e-07,-4.556982505814384e-08
9 March 2026,HEL1OS,B-Class,65122,65186,65291,3.3791283244007283e-07,-4.4177368793607506e-08
9 March 2026,HEL1OS,B-Class,66170,66182,66415,4.4379411467285293e-07,-2.9914045909595426e-08
9 March 2026,HEL1OS,B-Class,66823,66886,66989,3.622145818586179e-07,-2.9914045909595426e-08
9 March 2026,HEL1OS,B-Class,67252,67437,67515,3.576215997572934e-07,-2.9914045909595426e-08
9 March 2026,HEL1OS,B-Class,68638,68652,68809,3.8423905349376723e-07,-1.2130650217412842e-08
9 March 2026,HEL1OS,B-Class,68925,68962,69105,3.506997674183311e-07,7.595307917888297e-09
9 March 2026,HEL1OS,B-Class,69440,69516,69565,3.4762463343107265e-07,2.2489634947921103e-08
9 March 2026,HEL1OS,B-Class,69953,70080,70137,3.1597229244614103e-07,-1.721812114470561e-08
9 March 2026,HEL1OS,B-Class,70960,71032,71143,4.929932247952093e-07,-1.721812114470561e-08
9 March 2026,HEL1OS,B-Class,71658,71849,71872,3.192931540094941e-07,-1.179704722418807e-07
9 March 2026,HEL1OS,B-Class,72585,72617,72712,3.8708666194760473e-07,-1.179704722418807e-07
9 March 2026,HEL1OS,B-Class,72859,73038,73094,3.478653048842023e-07,-4.650015168368727e-08
9 March 2026,HEL1OS,C-Class,73688,74172,74263,1.302974011527914e-06,2.6986550712912398e-08
9 March 2026,HEL1OS,B-Class,74581,74621,74775,4.786864192536992e-07,-4.9030235615328416e-08
9 March 2026,HEL1OS,B-Class,74815,74861,75074,3.5459904944886987e-07,-4.9030235615328416e-08
9 March 2026,HEL1OS,B-Class,76193,76234,76345,4.088532713115437e-07,-5.0244716351499886e-08
9 March 2026,HEL1OS,B-Class,77005,77159,77250,3.3433309738091634e-07,7.361715036909448e-09
9 March 2026,HEL1OS,B-Class,77275,77334,77422,3.9975629487307707e-07,7.361715036909448e-09
9 March 2026,HEL1OS,B-Class,78038,78103,78186,3.7126605319040035e-07,7.361715036909448e-09
9 March 2026,HEL1OS,B-Class,79623,79715,79800,4.343330973809128e-07,-7.19567195874178e-08
9 March 2026,HEL1OS,B-Class,81360,81487,81614,3.863899282030401e-07,-1.4535140054605618e-07
9 March 2026,HEL1OS,B-Class,82076,82186,82225,3.632571544139824e-07,-1.4535140054605618e-07
9 March 2026,HEL1OS,B-Class,82242,82337,82387,4.907958337546594e-07,-1.4535140054605618e-07
9 March 2026,HEL1OS,B-Class,83496,83622,83645,3.8800687632721845e-07,-3.124481747395985e-08
9 March 2026,HEL1OS,B-Class,83801,83860,83935,3.95867125088468e-07,-1.2873900293254673e-08
9 March 2026,HEL1OS,B-Class,84520,84625,84648,4.0796339366971945e-07,-1.2873900293254673e-08
9 March 2026,HEL1OS,B-Class,85221,85340,85374,3.591930427747875e-07,-2.5464657700474314e-08
9 May 2026,SoLEXS,B-Class,1243,1300,1386,2.8616038022043674e-07,3.6650824148041975e-08
9 May 2026,SoLEXS,B-Class,8654,8919,9034,6.262817271715825e-07,7.334007483061726e-08
9 May 2026,SoLEXS,B-Class,12516,12663,12816,8.850267974516823e-07,6.686318131256714e-08
9 May 2026,SoLEXS,B-Class,28852,28922,29003,4.384609161694656e-07,6.156436444534112e-08
9 May 2026,HEL1OS,B-Class,2003,2119,2169,3.687733845686996e-07,2.3719284052987364e-08
9 May 2026,HEL1OS,B-Class,2640,2897,2930,4.912417838001645e-07,2.3719284052987364e-08
9 May 2026,HEL1OS,B-Class,3272,3288,3400,3.352330872686705e-07,2.9784609161693762e-08
9 May 2026,HEL1OS,B-Class,3471,3482,3712,4.194175346344273e-07,2.9784609161693762e-08
9 May 2026,HEL1OS,B-Class,3864,3875,4090,4.5862675700271396e-07,-2.3966022853674683e-09
9 May 2026,HEL1OS,B-Class,4152,4336,4401,4.7378400242692214e-07,-2.3966022853674683e-09
9 May 2026,HEL1OS,B-Class,4556,4633,4691,3.853584791181984e-07,-2.3966022853674683e-09
9 May 2026,HEL1OS,B-Class,5531,5956,6044,4.104985337243255e-07,-2.6502174132873943e-08
9 May 2026,HEL1OS,B-Class,6403,6471,6571,4.3124380624935255e-07,-2.6502174132873943e-08
9 May 2026,HEL1OS,B-Class,6572,6703,6946,4.050439882697803e-07,-2.6502174132873943e-08
9 May 2026,HEL1OS,B-Class,7111,7230,7237,3.169430680554039e-07,-6.293861866720376e-08
9 May 2026,HEL1OS,B-Class,7452,7464,7709,5.894731519870354e-07,-1.0890787743957548e-07
9 May 2026,HEL1OS,B-Class,7805,7951,8056,4.2408130245726066e-07,-1.0890787743957548e-07
9 May 2026,HEL1OS,B-Class,8057,8153,8402,5.169693598948142e-07,-1.0890787743957548e-07
9 May 2026,HEL1OS,B-Class,8520,8616,8691,3.788734958034045e-07,2.4499949438769487e-08
9 May 2026,HEL1OS,B-Class,8692,8711,8883,4.574284558600302e-07,2.4499949438769487e-08
9 May 2026,HEL1OS,B-Class,8916,8934,9116,5.235089493376292e-07,2.4499949438769487e-08
9 May 2026,HEL1OS,B-Class,10081,10187,10218,4.7479219334612524e-07,-3.099201132571436e-08
9 May 2026,HEL1OS,B-Class,10219,10343,10373,3.964586914753625e-07,-3.099201132571436e-08
9 May 2026,HEL1OS,B-Class,10480,10574,10624,4.122034583880933e-07,-3.099201132571436e-08
9 May 2026,HEL1OS,B-Class,10625,10643,10803,4.135969258772226e-07,-3.099201132571436e-08
9 May 2026,HEL1OS,B-Class,10900,11011,11026,3.672646374759703e-07,-3.099201132571436e-08
9 May 2026,HEL1OS,B-Class,11201,11212,11344,3.457831934472523e-07,-3.099201132571436e-08
9 May 2026,HEL1OS,B-Class,11614,11632,11752,3.721266053190281e-07,2.4354333097380074e-08
9 May 2026,HEL1OS,B-Class,12447,12533,12835,5.220275053089105e-07,4.868237435534257e-08
9 May 2026,HEL1OS,B-Class,12837,12977,12991,3.7883608049346413e-07,1.6351501668519976e-08
9 May 2026,HEL1OS,B-Class,13142,13389,13425,4.392122560420512e-07,1.6351501668519976e-08
9 May 2026,HEL1OS,B-Class,13426,13584,13603,5.34124785114755e-07,1.6351501668519976e-08
9 May 2026,HEL1OS,B-Class,13927,14069,14143,3.722408736980351e-07,5.338254626352327e-08
9 May 2026,HEL1OS,B-Class,14304,14346,14477,3.8699868540801535e-07,2.3161088077661215e-08
9 May 2026,HEL1OS,B-Class,14759,14773,14923,2.890929315400847e-07,2.3161088077661215e-08
9 May 2026,HEL1OS,B-Class,14925,14970,15145,3.462685812518837e-07,2.3161088077661215e-08
9 May 2026,HEL1OS,B-Class,16401,16518,16629,3.929487309131218e-07,2.1191222570532136e-08
9 May 2026,HEL1OS,B-Class,16630,16686,16769,3.9601880877741535e-07,2.1191222570532136e-08
9 May 2026,HEL1OS,B-Class,16781,16802,17000,3.5979674385679783e-07,2.1191222570532136e-08
9 May 2026,HEL1OS,B-Class,17002,17135,17157,3.4845484882191094e-07,2.1191222570532136e-08
9 May 2026,HEL1OS,B-Class,17222,17258,17563,4.453655576903471e-07,2.1191222570532136e-08
9 May 2026,HEL1OS,B-Class,19097,19105,19676,4.67251491556258e-07,7.621802002224419e-08
9 May 2026,HEL1OS,B-Class,19711,19818,19862,3.9902416826775803e-07,-1.3803215694205215e-08
9 May 2026,HEL1OS,B-Class,19873,19901,20070,3.1215694205681964e-07,-1.3803215694205215e-08
9 May 2026,HEL1OS,B-Class,20080,20244,20299,3.8441601779753907e-07,-1.3803215694205215e-08
9 May 2026,HEL1OS,B-Class,20377,20408,20663,3.693770856507099e-07,-1.436040044493832e-08
9 May 2026,HEL1OS,B-Class,20728,20745,21209,4.5667610476285157e-07,-1.436040044493832e-08
9 May 2026,HEL1OS,B-Class,21262,21313,21395,4.705824653655409e-07,-1.436040044493832e-08
9 May 2026,HEL1OS,B-Class,21420,21656,21873,4.723430073819227e-07,-8.189907978561746e-09
9 May 2026,HEL1OS,B-Class,23394,23647,23718,4.251521893012287e-07,1.0853473556476512e-08
9 May 2026,HEL1OS,B-Class,23874,24251,24361,4.3087875417128614e-07,1.0853473556476512e-08
9 May 2026,HEL1OS,B-Class,24511,24615,24636,3.751966831833216e-07,3.5776114875112505e-08
9 May 2026,HEL1OS,B-Class,24759,24771,24953,4.356487005763825e-07,-7.638386085549324e-08
9 May 2026,HEL1OS,B-Class,24956,25010,25124,4.0175042977043764e-07,-7.638386085549324e-08
9 May 2026,HEL1OS,B-Class,25155,25166,25350,3.311902113459281e-07,-7.638386085549324e-08
9 May 2026,HEL1OS,B-Class,25761,25828,25931,3.747203964000271e-07,5.484882192334694e-09
9 May 2026,HEL1OS,B-Class,26068,26086,26361,4.0453433107491734e-07,5.484882192334694e-09
9 May 2026,HEL1OS,B-Class,27604,27736,27754,3.7821822226715204e-07,2.124987359692512e-08
9 May 2026,HEL1OS,B-Class,27856,27932,28093,3.6791080999088586e-07,2.124987359692512e-08
9 May 2026,HEL1OS,B-Class,28158,28314,28449,3.4962483567599115e-07,2.124987359692512e-08
9 May 2026,HEL1OS,B-Class,28450,28579,28761,3.796025887349445e-07,2.124987359692512e-08
9 May 2026,HEL1OS,B-Class,30030,30208,30322,3.7177773283444926e-07,-3.897967438567968e-08
9 May 2026,HEL1OS,B-Class,30324,30487,30556,4.611072909292989e-07,-3.897967438567968e-08
9 May 2026,HEL1OS,B-Class,30899,31063,31078,3.912670644149926e-07,-3.897967438567968e-08
9 May 2026,HEL1OS,B-Class,31096,31135,31247,4.862210536960086e-07,-3.897967438567968e-08
9 May 2026,HEL1OS,B-Class,31486,31639,31720,4.111093133784867e-07,1.8705632520982253e-08
9 May 2026,HEL1OS,B-Class,31721,31857,31870,3.3974820507633536e-07,1.883911416725588e-08
9 May 2026,HEL1OS,B-Class,31872,31941,32004,4.2807361715035384e-07,1.883911416725588e-08
9 May 2026,HEL1OS,B-Class,32274,32395,32414,4.2066336333298123e-07,2.2594802305591244e-08
9 May 2026,HEL1OS,B-Class,32638,32829,32841,4.5750834260287575e-07,2.2594802305591244e-08
9 May 2026,HEL1OS,B-Class,32959,33022,33103,4.4971382344017e-07,2.2594802305591244e-08
9 May 2026,HEL1OS,B-Class,33364,33454,33501,4.928830013145744e-07,2.2594802305591244e-08
9 May 2026,HEL1OS,B-Class,35876,35887,36075,3.7071594701181806e-07,4.499848316310892e-08
9 May 2026,HEL1OS,B-Class,36081,36185,36210,4.184710284153961e-07,1.8561027404185774e-08
9 May 2026,HEL1OS,B-Class,37068,37156,37206,4.072150874709127e-07,1.8561027404185774e-08
9 May 2026,HEL1OS,B-Class,37261,37291,37696,3.5125290727069234e-07,6.374759834158975e-09
9 May 2026,HEL1OS,B-Class,37727,37809,37933,3.920406512286239e-07,-1.0215289715845522e-07
9 May 2026,HEL1OS,B-Class,37940,38003,38088,3.3000707857213906e-07,-1.0215289715845522e-07
9 May 2026,HEL1OS,B-Class,38181,38208,38306,3.916745879259644e-07,-1.0215289715845522e-07
9 May 2026,HEL1OS,B-Class,38573,38762,38797,4.416220042471275e-07,-1.0215289715845522e-07
9 May 2026,HEL1OS,B-Class,38799,38877,38964,3.1876933967032935e-07,-4.9113156031953e-08
9 May 2026,HEL1OS,B-Class,39059,39071,39635,5.427394074223691e-07,-4.9113156031953e-08
9 May 2026,HEL1OS,B-Class,39671,39788,39897,3.816766103751507e-07,-1.2240873698047898e-08
9 May 2026,HEL1OS,B-Class,39899,40079,40094,3.986166447567863e-07,-1.2240873698047898e-08
9 May 2026,HEL1OS,B-Class,40248,40268,40390,4.0070482354129424e-07,-1.2240873698047898e-08
9 May 2026,HEL1OS,B-Class,40391,40410,40595,3.5682677722720945e-07,-1.2240873698047898e-08
9 May 2026,HEL1OS,B-Class,40834,40931,40971,3.772302558398085e-07,3.2116493073110705e-09
9 May 2026,HEL1OS,B-Class,41200,41366,41579,3.6250480331680375e-07,3.2116493073110705e-09
9 May 2026,HEL1OS,B-Class,41793,41825,41967,3.435220952573444e-07,3.2116493073110705e-09
9 May 2026,HEL1OS,B-Class,41968,42128,42140,3.541480432804e-07,9.418545859034945e-09
9 May 2026,HEL1OS,B-Class,42318,42599,42697,3.985933865911477e-07,3.35726564870073e-10
9 May 2026,HEL1OS,B-Class,42863,42876,43161,3.822469410455926e-07,-3.5230255839820767e-07
